{"type":"Feature","properties":{"GID_1":"ARG.4_1","GID_0":"ARG","country":"Argentina","state":"Chubut","VARNAME_1":"NA","NL_NAME_1":"NA","TYPE_1":"Provincia","ENGTYPE_1":"Province","CC_1":"NA","HASC_1":"AR.CH","ISO_1":"AR-U","name":"Chubut.state"},
"geometry":{"type": "MultiPolygon","coordinates": [[[[-66.9999,-45.9999,0.0],[-67.0001,-45.9999,0.0],[-67.0001,-46.0001,0.0],[-66.9999,-46.0001,0.0],[-66.9999,-45.9999,0.0]]],
[[[-68.613,-46.0062,727.7719],[-68.0193,-46.0025,377.8251],[-67.5907,-45.9979,0.0],[-67.5874,-45.9887,0.0],[-67.5824,-45.9882,0.0],[-67.5824,-45.986,0.0379],[-67.5862,-45.986,0.0],[-67.586,-45.9829,0.0],[-67.5818,-45.9779,38.8971],[-67.5724,-45.9774,9.5602],[-67.5713,-45.9704,35.9424],[-67.5649,-45.9624,2.2596],[-67.559,-45.961,29.1441],[-67.5349,-45.9612,39.2862],[-67.531,-45.9596,0.8172],[-67.5312,-45.9579,1.1426],[-67.5343,-45.9565,21.4076],[-67.5485,-45.9538,12.6398],[-67.5501,-45.9518,1.1318],[-67.5504,-45.9476,1.0287],[-67.5563,-45.944,3.2664],[-67.5571,-45.9368,3.3221],[-67.5546,-45.9301,0.0],[-67.5454,-45.9162,31.6748],[-67.5351,-45.9132,0.0],[-67.5254,-45.9049,0.0],[-67.5232,-45.9046,0.0],[-67.5132,-45.8943,4.1406],[-67.5071,-45.8838,1.3547],[-67.4951,-45.8729,22.4511],[-67.4929,-45.8749,-0.0364],[-67.4907,-45.8721,3.2476],[-67.4788,-45.8665,0.0],[-67.4779,-45.8649,0.1719],[-67.4708,-45.8632,4.7],[-67.4693,-45.8649,0.0],[-67.4662,-45.8649,0.0],[-67.4557,-45.8618,0.0],[-67.4565,-45.8587,0.0],[-67.4571,-45.8615,0.0],[-67.4629,-45.8621,0.4112],[-67.464,-45.8601,0.0],[-67.4682,-45.8601,0.8892],[-67.4687,-45.8624,4.3977],[-67.4704,-45.8624,4.2589],[-67.4735,-45.8599,2.0217],[-67.4749,-45.8537,22.0483],[-67.4724,-45.8496,0.0],[-67.4679,-45.8479,2.1525],[-67.4682,-45.8432,0.0],[-67.4654,-45.8385,0.0],[-67.4607,-45.8354,1.1516],[-67.4615,-45.8299,0.0],[-67.4554,-45.8213,0.0],[-67.4499,-45.8176,5.9399],[-67.444,-45.8179,0.9872],[-67.4287,-45.8124,1.7395],[-67.4199,-45.8043,1.2751999999999999],[-67.4182,-45.801,4.5572],[-67.4068,-45.7982,2.9479],[-67.4049,-45.7924,6.0119],[-67.3976,-45.7874,5.8992],[-67.391,-45.7871,2.3228],[-67.3779,-45.7918,0.8969],[-67.3679,-45.7876,2.4611],[-67.3671,-45.7812,1.6453],[-67.3649,-45.7782,-0.4696],[-67.3676,-45.7737,9.4804],[-67.3735,-45.7699,4.808],[-67.3735,-45.7676,0.5893],[-67.3718,-45.7651,6.6383],[-67.3729,-45.7599,6.7497],[-67.3679,-45.7549,3.1471],[-67.3763,-45.7496,5.7558],[-67.3788,-45.7351,0.0],[-67.3749,-45.7296,0.4176],[-67.3601,-45.7235,3.2866],[-67.3485,-45.7262,9.1093],[-67.3415,-45.7232,0.9688],[-67.3443,-45.7182,8.3545],[-67.3437,-45.7129,0.0],[-67.349,-45.7129,3.7353],[-67.3565,-45.7088,4.046],[-67.3615,-45.6943,5.5686],[-67.3579,-45.6779,0.0508],[-67.3604,-45.6721,0.3701],[-67.3604,-45.6565,0.0],[-67.3574,-45.644,3.3718],[-67.3482,-45.6276,2.7802],[-67.3224,-45.6037,3.5849],[-67.3057,-45.5915,9.0403],[-67.3026,-45.591,1.3949],[-67.2874,-45.5724,20.5214],[-67.2724,-45.5612,0.0],[-67.264,-45.5529,11.9709],[-67.2332,-45.5324,5.7204],[-67.2215,-45.5274,13.7625],[-67.2049,-45.5013,7.1065],[-67.1943,-45.4915,0.0],[-67.1846,-45.4771,3.6632],[-67.1651,-45.459,0.0],[-67.1551,-45.4429,3.8282],[-67.1399,-45.4249,0.6294],[-67.1188,-45.4054,12.5487],[-67.1057,-45.3976,0.0],[-67.0907,-45.3776,24.3518],[-67.0743,-45.3662,12.0374],[-67.0687,-45.3524,1.3818],[-67.0663,-45.351,0.6778],[-67.0643,-45.3471,4.5869],[-67.049,-45.3362,9.6064],[-67.0396,-45.3285,0.0],[-67.0351,-45.3224,1.3413],[-67.0265,-45.3174,0.0],[-67.0168,-45.309,0.6347],[-67.0088,-45.3043,5.9304],[-67.0049,-45.3037,0.0],[-66.9865,-45.2921,0.0],[-66.9771,-45.2843,8.8159],[-66.9751,-45.281,18.4033],[-66.9651,-45.274,4.6019],[-66.9571,-45.2713,0.0],[-66.9424,-45.2626,25.3009],[-66.919,-45.2554,0.0],[-66.9157,-45.2524,18.2731],[-66.8899,-45.2426,3.5296],[-66.8696,-45.2374,0.7442],[-66.8688,-45.236,4.9085],[-66.8468,-45.2313,0.0],[-66.8362,-45.231,6.6208],[-66.8268,-45.2335,0.0],[-66.8254,-45.2357,0.0],[-66.8218,-45.2346,0.3996],[-66.8201,-45.236,0.3996],[-66.8171,-45.2326,3.9117],[-66.8029,-45.2296,0.0],[-66.7918,-45.2285,0.5567],[-66.7849,-45.2324,0.0928],[-66.7807,-45.2324,0.1874],[-66.7765,-45.229,4.7296],[-66.7735,-45.2296,0.0],[-66.7649,-45.2257,7.6825],[-66.7571,-45.226,0.0],[-66.756,-45.2246,0.0],[-66.7465,-45.2235,0.0],[-66.7204,-45.2229,10.2713],[-66.7038,-45.2254,0.0],[-66.6904,-45.2212,0.0],[-66.6821,-45.2168,0.0],[-66.6643,-45.2124,4.8654],[-66.6551,-45.2126,7.4541],[-66.6513,-45.2151,0.0672],[-66.6363,-45.214,3.1634],[-66.6304,-45.2165,0.0],[-66.6293,-45.2151,2.2936],[-66.624,-45.2154,0.0],[-66.6137,-45.2126,9.6046],[-66.6065,-45.2132,0.0],[-66.6046,-45.2154,-0.039],[-66.6012,-45.2137,3.0727],[-66.6001,-45.2151,0.0],[-66.5871,-45.216,0.2694],[-66.5857,-45.2143,3.3663],[-66.5729,-45.214,0.1282],[-66.5724,-45.2124,2.5365],[-66.5621,-45.2124,6.4179],[-66.5604,-45.2151,0.0],[-66.5546,-45.2137,5.0846],[-66.5515,-45.2151,2.3473],[-66.5532,-45.221,0.4504],[-66.5488,-45.2221,1.3308],[-66.5485,-45.2238,0.0],[-66.544,-45.2232,3.708],[-66.5437,-45.2254,0.9928],[-66.536,-45.2254,0.0],[-66.5362,-45.2235,10.3916],[-66.5338,-45.221,3.3093],[-66.519,-45.2238,0.0],[-66.5179,-45.2232,0.0],[-66.5193,-45.219,0.0],[-66.5185,-45.2151,0.0],[-66.5237,-45.2057,0.0],[-66.5188,-45.2049,0.0],[-66.5126,-45.1968,0.0],[-66.5199,-45.1971,4.8187],[-66.5212,-45.1946,0.4339],[-66.5196,-45.1946,0.0],[-66.5196,-45.1929,0.0],[-66.5221,-45.1912,0.0],[-66.5268,-45.1921,0.7902],[-66.5268,-45.1865,0.054],[-66.5326,-45.1837,1.512],[-66.5357,-45.1749,-0.0192],[-66.539,-45.1749,0.7313],[-66.5429,-45.1782,2.591],[-66.5465,-45.1768,0.2854],[-66.5529,-45.1779,1.6836],[-66.5515,-45.1771,0.1511],[-66.5526,-45.1754,0.2408],[-66.5546,-45.1785,4.4175],[-66.5621,-45.1779,0.0103],[-66.5671,-45.1746,2.6273],[-66.5657,-45.1721,0.6518],[-66.5749,-45.1676,0.0],[-66.579,-45.1679,0.0],[-66.5807,-45.166,0.0],[-66.5821,-45.1665,0.0],[-66.5824,-45.1715,2.0852],[-66.5846,-45.1729,-0.0377],[-66.594,-45.1715,8.8486],[-66.5951,-45.1668,0.1185],[-66.5987,-45.1646,2.602],[-66.5987,-45.1613,2.8183],[-66.5818,-45.1587,0.7442],[-66.5849,-45.1562,0.0],[-66.591,-45.1571,1.0109],[-66.5965,-45.1538,2.0712],[-66.5976,-45.1504,0.0],[-66.6012,-45.1476,0.7504],[-66.6001,-45.1446,1.9656],[-66.6015,-45.1443,1.5244],[-66.5993,-45.1437,0.7138],[-66.5985,-45.1404,1.6184],[-66.5896,-45.1387,0.9349],[-66.5876,-45.1401,0.4389],[-66.584,-45.1396,-0.0309],[-66.5801,-45.144,0.8905],[-66.5762,-45.1415,0.6505],[-66.5682,-45.1443,1.5954],[-66.5651,-45.1429,3.1204],[-66.5626,-45.1454,0.0],[-66.5621,-45.1443,1.7123],[-66.5574,-45.1446,-0.0264],[-66.5504,-45.1399,1.3303],[-66.5504,-45.1424,1.2586],[-66.5443,-45.144,7.4203],[-66.5435,-45.1482,0.0331],[-66.5407,-45.1496,1.2052],[-66.5415,-45.1524,0.4536],[-66.5404,-45.1535,0.0],[-66.5354,-45.1507,1.8281],[-66.5235,-45.1512,3.3551],[-66.521,-45.1571,0.5427],[-66.5154,-45.1551,1.7267],[-66.5154,-45.1571,0.5798],[-66.5118,-45.1571,0.9044],[-66.5113,-45.159,2.022],[-66.5079,-45.1599,1.5441],[-66.5076,-45.1654,-0.0586],[-66.496,-45.1649,0.2719],[-66.4915,-45.1682,-0.0623],[-66.4899,-45.1657,-0.0308],[-66.494,-45.1618,4.461],[-66.4921,-45.1596,3.3019],[-66.4912,-45.1618,0.2661],[-66.4868,-45.1629,2.2982],[-66.4857,-45.1651,0.0983],[-66.4812,-45.1657,0.0],[-66.4812,-45.1643,2.5965],[-66.4793,-45.164,1.2377],[-66.4771,-45.1668,0.0],[-66.4729,-45.1668,0.0],[-66.4713,-45.1629,2.9107],[-66.4662,-45.1607,6.3083],[-66.4662,-45.1579,1.1346],[-66.4685,-45.1562,5.8484],[-66.4618,-45.1585,0.0],[-66.4599,-45.1576,0.0],[-66.4601,-45.156,0.0],[-66.4687,-45.1532,5.976],[-66.4635,-45.1515,0.0],[-66.4624,-45.1487,3.6346],[-66.4596,-45.1507,0.2461],[-66.4576,-45.1474,0.0],[-66.464,-45.1429,0.0],[-66.4757,-45.1435,0.0],[-66.479,-45.1471,4.8446],[-66.4843,-45.146,0.0],[-66.491,-45.1485,8.3218],[-66.4951,-45.1474,4.3634],[-66.4946,-45.1446,0.0519],[-66.501,-45.144,0.0],[-66.4993,-45.1418,0.0],[-66.5007,-45.1413,0.0],[-66.5049,-45.144,0.1074],[-66.5051,-45.1463,6.9381],[-66.5171,-45.1463,6.817],[-66.5226,-45.1493,0.4685],[-66.5296,-45.146,1.6277],[-66.534,-45.1407,0.1831],[-66.5357,-45.1279,0.0],[-66.534,-45.1168,0.0],[-66.5293,-45.109,3.7447],[-66.5237,-45.1063,0.0],[-66.5215,-45.1012,2.8156],[-66.5129,-45.0937,1.8518],[-66.5115,-45.0937,1.8518],[-66.511,-45.0968,0.2083],[-66.5079,-45.0965,1.0267],[-66.5074,-45.0979,1.0267],[-66.5024,-45.0968,0.2709],[-66.5013,-45.099,0.0],[-66.4965,-45.0979,6.7056],[-66.4926,-45.099,0.0],[-66.489,-45.0924,9.0063],[-66.4821,-45.094,0.1479],[-66.4807,-45.0924,1.3366],[-66.4812,-45.0865,3.1109],[-66.4704,-45.081,2.0407],[-66.4701,-45.0793,6.0468],[-66.4612,-45.0754,4.5593],[-66.451,-45.0732,0.0],[-66.4413,-45.0754,0.0],[-66.4368,-45.0732,0.0],[-66.4346,-45.074,0.0],[-66.4324,-45.0715,0.8281],[-66.4246,-45.0715,0.0],[-66.419,-45.0651,2.7973],[-66.4079,-45.0629,0.8509],[-66.4068,-45.0585,2.8794],[-66.399,-45.0543,5.8573],[-66.3879,-45.0535,3.2364],[-66.3893,-45.0557,0.0],[-66.3882,-45.0568,0.0],[-66.3804,-45.0571,2.8336],[-66.3712,-45.0599,1.143],[-66.3693,-45.0624,0.0],[-66.3629,-45.0629,1.1752],[-66.3621,-45.0607,0.0],[-66.3732,-45.0574,1.2154],[-66.3751,-45.0515,1.6468],[-66.3724,-45.0474,7.0348],[-66.3679,-45.0468,0.0],[-66.3679,-45.0457,0.0],[-66.3701,-45.0462,5.7134],[-66.3688,-45.0435,0.0],[-66.3599,-45.0401,0.8901],[-66.3476,-45.0421,1.8876],[-66.3463,-45.0442,0.7459],[-66.3435,-45.0449,0.0],[-66.3379,-45.0415,0.8313],[-66.3313,-45.0426,6.8548],[-66.3276,-45.0454,1.6329],[-66.3299,-45.0476,0.4941],[-66.3282,-45.0476,4.5168],[-66.326,-45.0507,4.619],[-66.3265,-45.0526,0.0],[-66.3204,-45.0524,0.8307],[-66.3193,-45.0471,1.5646],[-66.3174,-45.0462,4.0947],[-66.3082,-45.0471,3.0432],[-66.3087,-45.0493,4.1133],[-66.3107,-45.0496,0.0],[-66.309,-45.0516,0.0],[-66.3029,-45.051,1.9406],[-66.3001,-45.0468,1.7332],[-66.2924,-45.0462,9.9634],[-66.291,-45.0479,12.4979],[-66.2921,-45.0501,0.0],[-66.2857,-45.0515,0.0],[-66.2862,-45.0526,0.0],[-66.2835,-45.0532,0.0],[-66.2807,-45.059,0.474],[-66.2782,-45.0596,0.0],[-66.2787,-45.056,1.2106],[-66.2763,-45.0565,0.0],[-66.2763,-45.0532,0.0],[-66.2776,-45.0535,2.0979],[-66.2765,-45.0501,0.0],[-66.2679,-45.0465,0.0],[-66.2688,-45.0432,4.6341],[-66.2657,-45.041,3.5618],[-66.2613,-45.0415,0.0],[-66.2618,-45.0399,0.0],[-66.2585,-45.0365,0.0],[-66.2615,-45.0337,0.0],[-66.261,-45.0307,3.337],[-66.2515,-45.0285,0.0],[-66.2518,-45.0332,0.0],[-66.2476,-45.034,0.0],[-66.2474,-45.0321,0.0],[-66.2507,-45.0307,0.7668],[-66.249,-45.0293,0.0],[-66.254,-45.0271,0.0],[-66.2538,-45.0254,0.7169],[-66.2457,-45.0251,0.0],[-66.2457,-45.021,3.148],[-66.2371,-45.0204,8.4985],[-66.2326,-45.0237,0.0],[-66.236,-45.0251,0.0],[-66.2349,-45.0276,0.0],[-66.2307,-45.0312,0.0],[-66.2293,-45.0307,0.0],[-66.2304,-45.0285,2.0397],[-66.2262,-45.0301,0.0],[-66.2243,-45.0271,0.6492],[-66.2288,-45.0229,2.792],[-66.2257,-45.0215,0.0],[-66.2262,-45.0176,0.0],[-66.2324,-45.014,2.2657],[-66.2321,-45.0107,3.6655],[-66.2276,-45.0101,0.0],[-66.2299,-45.0071,5.5565],[-66.2224,-45.0049,0.0],[-66.2199,-45.009,0.0],[-66.2168,-45.0043,3.042],[-66.2074,-45.0029,0.3372],[-66.2087,-45.0018,0.3372],[-66.2076,-44.9982,0.0],[-66.2096,-44.9974,1.886],[-66.2093,-44.9954,2.2893],[-66.2021,-44.989,0.6535],[-66.1979,-44.9885,0.0],[-66.1949,-44.9829,3.8442],[-66.1865,-44.9837,1.3841],[-66.181,-44.9876,0.7737],[-66.1774,-44.9882,2.4509],[-66.1765,-44.9899,3.4825],[-66.1796,-44.991,0.0],[-66.1796,-44.9929,0.0],[-66.176,-44.9921,2.5664],[-66.1768,-44.9946,0.9929],[-66.1757,-44.9951,0.9344],[-66.179,-44.9971,0.0],[-66.1749,-44.9974,0.0],[-66.1749,-44.999,0.2885],[-66.1726,-44.9996,0.8545],[-66.1738,-45.0035,0.0],[-66.1699,-45.0032,0.0],[-66.1687,-45.0015,0.7613],[-66.1718,-45.0001,1.891],[-66.1726,-44.996,4.5842],[-66.1699,-44.996,2.7237],[-66.1685,-44.9996,0.0],[-66.1651,-44.999,0.0],[-66.1665,-44.9965,0.3172],[-66.1687,-44.9962,2.2462],[-66.1671,-44.9957,0.0],[-66.1682,-44.994,0.0],[-66.171,-44.9935,1.7444],[-66.1676,-44.9899,0.0],[-66.1665,-44.9912,0.0],[-66.1643,-44.9907,0.0],[-66.166,-44.9879,0.0],[-66.1649,-44.9849,0.0],[-66.1601,-44.9843,0.9679],[-66.1576,-44.9849,4.1554],[-66.1607,-44.9863,0.0],[-66.1588,-44.9887,4.2468],[-66.1599,-44.9907,0.0],[-66.151,-44.9954,0.0],[-66.1479,-44.9918,0.0],[-66.1426,-44.9921,0.0],[-66.1435,-44.9901,1.5628],[-66.1396,-44.991,0.4559],[-66.1371,-44.9879,5.9302],[-66.1332,-44.9901,0.0],[-66.134,-44.9887,0.3957],[-66.1318,-44.9885,0.0],[-66.1307,-44.9865,0.0],[-66.1229,-44.9887,0.0],[-66.1196,-44.9863,0.0],[-66.1157,-44.9863,0.0],[-66.1126,-44.9865,0.0],[-66.1085,-44.9896,0.0],[-66.0926,-44.9907,6.3112],[-66.0921,-44.9962,0.0],[-66.084,-44.9996,0.0],[-66.0818,-44.9996,0.0],[-66.0824,-44.9968,1.2485],[-66.0807,-44.9965,0.0],[-66.0829,-44.9924,1.3638],[-66.081,-44.9904,1.5002],[-66.0785,-44.9907,4.2664],[-66.0796,-44.9943,0.0],[-66.0746,-44.9974,0.0],[-66.0729,-44.9949,0.0],[-66.0782,-44.994,0.0],[-66.0779,-44.9924,1.0524],[-66.074,-44.9929,0.0],[-66.0749,-44.9907,0.0],[-66.0718,-44.9921,0.4719],[-66.0699,-44.9982,0.0],[-66.0674,-44.9985,0.0],[-66.0657,-44.9954,0.5094],[-66.0612,-44.9949,0.0],[-66.059,-44.9979,0.0],[-66.0638,-45.0004,0.0],[-66.0635,-45.0035,0.0],[-66.0615,-45.0051,0.0],[-66.0568,-45.0054,0.0],[-66.0565,-45.0043,3.2898],[-66.0507,-45.004,0.0],[-66.0496,-45.0015,0.0],[-66.0424,-45.001,2.2133],[-66.0404,-45.0043,0.0],[-66.0418,-45.0049,0.0],[-66.0418,-45.0074,0.0],[-66.039,-45.0043,0.0],[-66.0315,-45.0037,0.0],[-66.0301,-45.0049,0.0],[-66.0257,-45.0029,5.2157],[-66.0237,-45.0046,0.0],[-66.0113,-45.0068,0.0],[-66.0101,-45.0085,0.0],[-66.004,-45.0062,6.5789],[-65.9865,-45.0187,4.645],[-65.9857,-45.0204,0.0],[-65.9874,-45.0221,0.0],[-65.981,-45.0249,0.0],[-65.9735,-45.0321,5.3841],[-65.9721,-45.0363,0.0],[-65.9654,-45.0393,6.5106],[-65.9632,-45.0438,0.4225],[-65.9604,-45.0454,0.0],[-65.9501,-45.0443,1.4782],[-65.9465,-45.0454,0.0],[-65.9454,-45.0443,2.9465],[-65.9365,-45.0515,0.0],[-65.931,-45.0501,0.0],[-65.921,-45.0429,0.2034],[-65.9185,-45.0438,0.0],[-65.9185,-45.041,0.0],[-65.9151,-45.0426,0.4417],[-65.9129,-45.0493,0.0],[-65.9082,-45.049,0.0],[-65.9085,-45.0471,0.1657],[-65.9121,-45.0468,0.0],[-65.9112,-45.0435,0.0],[-65.9137,-45.0396,0.0],[-65.916,-45.0399,0.8855],[-65.9151,-45.0379,0.0],[-65.9176,-45.0376,0.2282],[-65.9135,-45.0332,0.0],[-65.9071,-45.0365,0.0],[-65.9035,-45.034,0.0],[-65.8979,-45.0365,0.0],[-65.8951,-45.0354,2.1634],[-65.8943,-45.039,0.0],[-65.8921,-45.0404,0.0],[-65.8868,-45.0399,0.0],[-65.8849,-45.036,0.0],[-65.8863,-45.031,2.2391],[-65.8843,-45.029,0.3221],[-65.8924,-45.0246,5.1384],[-65.8929,-45.0218,1.7671],[-65.8899,-45.0196,0.4059],[-65.8946,-45.0143,0.8534],[-65.8951,-45.011,2.9484],[-65.8882,-45.0062,7.537],[-65.8746,-45.0024,6.2554],[-65.8693,-45.0049,0.0],[-65.864,-45.0049,0.0],[-65.8554,-45.0021,4.6599],[-65.8421,-45.0035,5.7441],[-65.8412,-45.006,1.6225],[-65.8354,-45.0074,4.7214],[-65.8251,-45.014,9.2035],[-65.8238,-45.0176,6.2707],[-65.8274,-45.0196,0.0],[-65.8246,-45.0262,0.6042],[-65.8288,-45.0293,0.0],[-65.8299,-45.0324,2.0476],[-65.8343,-45.0326,0.0],[-65.8337,-45.0357,1.2397],[-65.8301,-45.036,2.1037],[-65.8307,-45.0396,0.0],[-65.829,-45.041,0.0],[-65.8249,-45.0401,0.3085],[-65.819,-45.0421,0.0],[-65.8154,-45.0401,0.0],[-65.8112,-45.0404,0.0],[-65.8121,-45.0382,0.0],[-65.8101,-45.0354,1.9125],[-65.8015,-45.032,9.9841],[-65.8015,-45.0279,1.1386],[-65.8051,-45.0254,0.0],[-65.811,-45.0288,5.0595],[-65.8151,-45.0251,0.7658],[-65.8151,-45.0199,0.0],[-65.8085,-45.0157,2.7384],[-65.804,-45.0163,0.0],[-65.804,-45.0187,0.0],[-65.8015,-45.0201,0.0],[-65.8018,-45.0226,0.0],[-65.7974,-45.0262,1.3278],[-65.794,-45.0237,1.1185],[-65.7887,-45.031,1.802],[-65.7868,-45.0296,0.0],[-65.7871,-45.0276,14.3416],[-65.7832,-45.0268,1.6853],[-65.7838,-45.0254,8.4637],[-65.7799,-45.0279,5.2006],[-65.7771,-45.0266,0.5084],[-65.7757,-45.0201,1.8903],[-65.7724,-45.0245,1.5097],[-65.7696,-45.0207,5.9522],[-65.7674,-45.0207,6.2055],[-65.7632,-45.0237,0.0],[-65.7368,-45.0251,4.1488],[-65.7321,-45.0296,5.0525],[-65.7376,-45.0312,0.0],[-65.7379,-45.0337,0.3585],[-65.7351,-45.0343,10.5622],[-65.7374,-45.0365,16.7279],[-65.7371,-45.0407,3.3125],[-65.7229,-45.0421,2.5536],[-65.7235,-45.0435,0.0],[-65.7213,-45.0449,0.0],[-65.7149,-45.0462,4.6944],[-65.7096,-45.0443,6.3963],[-65.7007,-45.046,4.8719],[-65.6993,-45.0496,4.5841],[-65.7032,-45.0521,0.4298],[-65.6968,-45.0599,0.0],[-65.6935,-45.061,6.6198],[-65.6935,-45.0635,0.0],[-65.6857,-45.0615,0.0],[-65.6871,-45.0596,7.1766],[-65.6835,-45.0574,0.0],[-65.689,-45.0529,1.1019],[-65.689,-45.0488,0.0871],[-65.6976,-45.0468,3.3055],[-65.6924,-45.0438,0.0],[-65.6899,-45.0401,1.453],[-65.686,-45.0424,0.0],[-65.6843,-45.0418,0.0],[-65.6849,-45.0376,6.9972],[-65.6813,-45.0418,0.0],[-65.6749,-45.0429,16.3587],[-65.6729,-45.0457,0.0],[-65.6679,-45.0435,4.5952],[-65.6599,-45.0457,0.0],[-65.656,-45.0396,0.0],[-65.6537,-45.0399,0.0],[-65.6526,-45.0421,0.8978],[-65.6496,-45.0429,9.5537],[-65.6504,-45.0443,6.9157],[-65.654,-45.0443,0.0],[-65.6537,-45.0474,0.0],[-65.6487,-45.0521,0.0],[-65.6449,-45.0524,0.0],[-65.6435,-45.0501,0.711],[-65.6449,-45.046,0.8451],[-65.6423,-45.0443,0.0],[-65.6424,-45.0412,3.0779],[-65.637,-45.0407,3.5618],[-65.6351,-45.0385,2.2931],[-65.6371,-45.0357,13.579],[-65.6343,-45.0354,2.4655],[-65.6263,-45.0393,0.3911],[-65.6237,-45.0371,3.6098],[-65.6207,-45.0379,1.3865],[-65.6215,-45.036,8.9021],[-65.6182,-45.0365,0.0],[-65.6168,-45.0332,5.4029],[-65.6129,-45.0351,0.0],[-65.6101,-45.0343,0.0],[-65.611,-45.0304,1.6777],[-65.6068,-45.0312,0.0],[-65.6057,-45.0288,0.0],[-65.6071,-45.0271,2.5496],[-65.6029,-45.0285,0.0],[-65.601,-45.0274,0.5435],[-65.6062,-45.019,0.0],[-65.6121,-45.0151,0.0],[-65.6146,-45.0168,12.8408],[-65.6193,-45.0157,3.0806],[-65.6162,-45.0132,0.0],[-65.6243,-45.0101,6.1539],[-65.6243,-45.0079,0.0],[-65.6204,-45.0024,5.338],[-65.6165,-45.0004,7.5957],[-65.6104,-45.0004,2.6031],[-65.6101,-45.0024,3.2256],[-65.606,-45.004,1.8266],[-65.6062,-45.0076,0.0773],[-65.6029,-45.0043,4.3826],[-65.5882,-45.0082,0.0],[-65.5835,-45.0071,2.937],[-65.5849,-45.0049,0.7697],[-65.5826,-45.001,0.0],[-65.5843,-44.9985,1.8625],[-65.5857,-44.999,9.4559],[-65.5876,-44.996,0.0],[-65.5918,-44.996,11.2549],[-65.5929,-44.9946,11.2549],[-65.591,-44.9924,4.7732],[-65.5893,-44.9926,0.1274],[-65.5888,-44.9907,0.7091],[-65.5837,-44.9915,0.5804],[-65.5888,-44.989,0.0],[-65.5985,-44.9893,3.8057],[-65.6032,-44.9863,7.1975],[-65.6035,-44.9843,0.0768],[-65.6054,-44.9843,0.7873],[-65.6038,-44.9835,0.0768],[-65.6049,-44.9815,0.4011],[-65.6032,-44.9815,0.0],[-65.604,-44.9782,1.4469],[-65.6062,-44.9771,5.0273],[-65.6043,-44.9729,6.1785],[-65.6021,-44.9712,5.9707],[-65.5951,-44.9732,0.0],[-65.5926,-44.9724,0.3756],[-65.5993,-44.9679,0.6871],[-65.5985,-44.9651,4.7941],[-65.5907,-44.9651,0.548],[-65.5943,-44.9568,5.3461],[-65.5821,-44.9604,0.5703],[-65.5771,-44.9588,12.4049],[-65.5746,-44.9621,1.3396],[-65.569,-44.9607,2.0278],[-65.5663,-44.9574,0.5802],[-65.5693,-44.9532,8.6874],[-65.5649,-44.9532,0.7022],[-65.5618,-44.9554,0.0],[-65.5612,-44.9526,0.0],[-65.564,-44.9512,6.0232],[-65.5629,-44.9499,6.0232],[-65.559,-44.9496,0.3981],[-65.5585,-44.9515,0.0],[-65.5565,-44.9518,0.0],[-65.5512,-44.9504,0.0],[-65.5574,-44.9493,3.8852],[-65.5546,-44.9471,3.5264],[-65.5551,-44.9454,7.3124],[-65.5512,-44.9463,0.0],[-65.5482,-44.9435,0.0],[-65.5521,-44.9424,4.7864],[-65.5529,-44.9396,1.2853],[-65.5499,-44.941,10.0347],[-65.5426,-44.9407,9.2228],[-65.5365,-44.9382,0.9892],[-65.5346,-44.9351,5.9202],[-65.5318,-44.9351,0.0],[-65.5399,-44.9287,11.3107],[-65.5329,-44.9304,5.6602],[-65.519,-44.9299,0.0],[-65.5235,-44.9271,6.3787],[-65.5246,-44.9243,0.0],[-65.5329,-44.9218,8.5019],[-65.5365,-44.916,0.0],[-65.5424,-44.9132,10.3936],[-65.5426,-44.9101,0.4961],[-65.5399,-44.9087,1.6489],[-65.536,-44.9096,0.0],[-65.5387,-44.9065,2.8899],[-65.5429,-44.9071,0.1836],[-65.5424,-44.9096,0.4961],[-65.5454,-44.9099,1.2509],[-65.5465,-44.9121,0.6472],[-65.5524,-44.9093,0.0],[-65.5565,-44.9124,1.6076],[-65.5551,-44.9065,0.74],[-65.5615,-44.9062,1.2446],[-65.5612,-44.9051,1.2446],[-65.5585,-44.9049,0.0],[-65.5585,-44.9035,0.0],[-65.5674,-44.9024,1.8547],[-65.5693,-44.9029,0.0],[-65.5693,-44.9051,5.1372],[-65.574,-44.9057,3.6906],[-65.5713,-44.9007,5.2637],[-65.5687,-44.9001,0.0],[-65.5721,-44.8954,0.2632],[-65.5776,-44.8963,3.5467],[-65.5862,-44.8949,0.0],[-65.5921,-44.8976,0.5369],[-65.5932,-44.9007,1.2298],[-65.5912,-44.9026,4.238],[-65.5979,-44.9032,0.0],[-65.5987,-44.9074,0.7278],[-65.6018,-44.9068,2.3054],[-65.606,-44.9085,2.765],[-65.6076,-44.9038,2.4189],[-65.6032,-44.9035,0.0],[-65.601,-44.9007,1.6365],[-65.6026,-44.8985,1.2384],[-65.6068,-44.8979,0.0],[-65.606,-44.896,0.0],[-65.6079,-44.8946,0.0],[-65.6074,-44.8932,0.0],[-65.6115,-44.8913,3.343],[-65.6121,-44.8893,0.0],[-65.6137,-44.8918,7.5089],[-65.6162,-44.8868,0.0],[-65.6207,-44.8851,0.8677],[-65.6226,-44.886,0.1485],[-65.6237,-44.8907,3.8185],[-65.626,-44.8896,8.2681],[-65.6254,-44.8868,5.0435],[-65.6274,-44.8835,1.6835],[-65.6312,-44.884,0.0],[-65.6315,-44.8865,8.0504],[-65.6332,-44.8868,7.0858],[-65.634,-44.8851,5.9572],[-65.6329,-44.8843,1.012],[-65.6346,-44.8835,1.012],[-65.6393,-44.884,0.0],[-65.6471,-44.8882,8.9528],[-65.6513,-44.8876,0.0],[-65.6524,-44.891,0.0],[-65.6568,-44.8899,2.1048],[-65.6565,-44.891,2.1048],[-65.6593,-44.891,0.0],[-65.6601,-44.8879,0.0],[-65.6615,-44.8907,2.6283],[-65.6663,-44.8901,6.3628],[-65.6718,-44.8857,0.0],[-65.6721,-44.884,6.7928],[-65.6687,-44.8838,0.5887],[-65.669,-44.8818,1.0382],[-65.6729,-44.8815,2.6963],[-65.6743,-44.8785,0.5317],[-65.6829,-44.8785,0.0],[-65.6862,-44.8804,1.9201],[-65.6871,-44.8735,0.801],[-65.6951,-44.8724,0.0],[-65.6974,-44.876,0.0],[-65.7035,-44.876,1.3392],[-65.7079,-44.8712,0.0],[-65.7126,-44.8696,1.2859],[-65.7151,-44.864,3.7806],[-65.7237,-44.8571,6.1097],[-65.724,-44.854,1.3414],[-65.7282,-44.8482,2.5927],[-65.7282,-44.8415,3.6391],[-65.724,-44.8376,4.5042],[-65.7213,-44.8376,3.8194],[-65.721,-44.8404,0.1881],[-65.7193,-44.8413,0.0],[-65.7174,-44.8401,0.0],[-65.7218,-44.8335,1.0689],[-65.7249,-44.8332,4.2364],[-65.7293,-44.8151,1.0779],[-65.7271,-44.8082,0.0],[-65.7249,-44.8087,0.0],[-65.7149,-44.8032,0.0],[-65.7026,-44.8021,0.2582],[-65.6988,-44.8037,0.0],[-65.7018,-44.8007,0.0],[-65.7026,-44.7962,0.0],[-65.6974,-44.7882,1.037],[-65.6976,-44.7785,7.7992],[-65.694,-44.7707,0.0],[-65.6965,-44.7399,2.4961],[-65.6896,-44.719,2.3973],[-65.6776,-44.7035,0.0],[-65.6699,-44.6985,2.6551],[-65.6704,-44.6963,7.5569],[-65.6674,-44.6901,0.0],[-65.6574,-44.6804,1.204],[-65.6349,-44.6646,2.4241],[-65.621,-44.6599,0.0],[-65.6104,-44.6501,3.445],[-65.6079,-44.6521,0.0],[-65.6085,-44.6487,2.3788],[-65.5987,-44.6446,0.0],[-65.596,-44.6454,0.0],[-65.5965,-44.6437,1.3322],[-65.5918,-44.6424,6.3038],[-65.5851,-44.6424,6.4482],[-65.5826,-44.6443,3.1942],[-65.5824,-44.6471,0.5942],[-65.5846,-44.6471,0.0],[-65.5835,-44.6521,0.0],[-65.5807,-44.6499,0.0],[-65.5738,-44.649,0.0],[-65.5743,-44.6476,4.3833],[-65.569,-44.6482,0.0],[-65.5665,-44.646,0.0],[-65.5729,-44.646,0.0],[-65.5721,-44.644,0.0],[-65.5501,-44.6251,0.4424],[-65.5188,-44.6093,7.3545],[-65.5085,-44.6085,0.0],[-65.5013,-44.6043,6.9297],[-65.4951,-44.6037,1.9794],[-65.4868,-44.604,6.7283],[-65.486,-44.6057,0.4589],[-65.4837,-44.6057,2.2281],[-65.4837,-44.6085,0.0],[-65.4804,-44.6065,0.0],[-65.4824,-44.606,0.2083],[-65.4826,-44.6035,1.9548],[-65.4788,-44.5999,1.8316],[-65.4751,-44.5993,7.1552],[-65.4726,-44.6024,0.0],[-65.4729,-44.5996,0.2488],[-65.4715,-44.5988,2.2586],[-65.4671,-44.6001,0.463],[-65.4665,-44.604,0.0],[-65.4643,-44.604,0.0],[-65.4604,-44.5996,0.0],[-65.464,-44.5985,0.0],[-65.4643,-44.5943,3.1424],[-65.4629,-44.5935,0.5238],[-65.4596,-44.5957,0.0],[-65.459,-44.5932,0.0],[-65.4635,-44.5921,0.4654],[-65.464,-44.5901,0.0],[-65.4676,-44.5918,4.4263],[-65.4696,-44.5829,3.5253],[-65.4618,-44.5762,5.2283],[-65.4538,-44.5749,1.3621],[-65.451,-44.5765,0.0],[-65.4512,-44.5785,0.0],[-65.4496,-44.5785,0.0],[-65.4496,-44.5754,0.0],[-65.4465,-44.576,0.0],[-65.446,-44.5729,7.0514],[-65.4393,-44.5735,0.0],[-65.4365,-44.5707,3.0621],[-65.4293,-44.5701,0.0],[-65.426,-44.5704,2.399],[-65.4271,-44.5735,0.0],[-65.424,-44.574,3.5652],[-65.4238,-44.5757,0.0],[-65.4199,-44.5732,0.0],[-65.4154,-44.5732,0.3449],[-65.4132,-44.5749,1.366],[-65.4143,-44.579,0.5603],[-65.4101,-44.5799,1.063],[-65.4085,-44.5826,0.0],[-65.4104,-44.5857,0.0],[-65.4001,-44.5879,1.2729],[-65.3962,-44.5951,0.0],[-65.3915,-44.5988,0.0],[-65.3907,-44.5974,0.0],[-65.394,-44.5937,0.0],[-65.3907,-44.5913,0.0],[-65.391,-44.5854,0.7084],[-65.3893,-44.5812,4.2681],[-65.3871,-44.5788,3.057],[-65.3851,-44.5804,0.0],[-65.384,-44.5774,3.0066],[-65.3818,-44.5762,6.8763],[-65.3751,-44.5768,4.2087],[-65.3729,-44.584,0.3855],[-65.3757,-44.5882,0.0],[-65.3649,-44.5893,0.0],[-65.3651,-44.586,0.0],[-65.3685,-44.5846,1.877],[-65.369,-44.5826,1.5845],[-65.361,-44.581,0.0],[-65.3562,-44.5762,0.1601],[-65.3574,-44.5732,1.8039],[-65.3668,-44.571,0.0273],[-65.3679,-44.5704,1.0968],[-65.3671,-44.5693,0.0],[-65.3701,-44.5693,0.0],[-65.3735,-44.5657,0.7518],[-65.3821,-44.5671,7.1018],[-65.381,-44.566,0.0],[-65.384,-44.5635,0.0],[-65.3887,-44.5618,0.48],[-65.3924,-44.5626,9.5955],[-65.391,-44.5593,0.0],[-65.3929,-44.5587,0.7596],[-65.3918,-44.5568,0.0],[-65.394,-44.5549,0.0],[-65.3924,-44.5493,3.2709],[-65.3863,-44.5438,0.8226],[-65.3829,-44.5429,1.9297],[-65.3818,-44.5407,8.8481],[-65.3779,-44.5432,0.5991],[-65.3737,-44.5404,0.6934],[-65.3715,-44.5415,0.0],[-65.3718,-44.5429,0.0],[-65.3668,-44.5435,0.0],[-65.3587,-44.5376,0.0],[-65.3607,-44.5329,0.0],[-65.3704,-44.5329,0.0],[-65.3743,-44.5312,8.9511],[-65.3721,-44.5271,1.1575],[-65.3765,-44.5249,6.0118],[-65.3774,-44.5226,10.5213],[-65.3732,-44.5232,0.0],[-65.371,-44.5215,0.0],[-65.3754,-44.521,2.176],[-65.376,-44.5176,5.3102],[-65.3685,-44.5154,0.0],[-65.3682,-44.5124,4.895],[-65.3624,-44.5115,0.0],[-65.3585,-44.5121,8.4908],[-65.3599,-44.5165,0.0578],[-65.3574,-44.5179,0.5928],[-65.3524,-44.5135,0.0],[-65.3551,-44.5112,7.0264],[-65.3518,-44.5088,1.1367],[-65.3482,-44.5088,6.9913],[-65.3487,-44.5112,2.865],[-65.3465,-44.5112,0.4953],[-65.346,-44.5082,1.2395],[-65.3443,-44.5076,2.3777],[-65.3285,-44.5074,6.0354],[-65.3246,-44.5101,0.747],[-65.3226,-44.5151,0.0],[-65.3187,-44.5157,0.6028],[-65.3238,-44.5215,0.7152],[-65.3221,-44.5235,0.0265],[-65.3246,-44.5262,0.0],[-65.3229,-44.5304,0.0],[-65.3199,-44.5318,0.0],[-65.3168,-44.531,6.1087],[-65.3179,-44.5329,0.9751],[-65.3151,-44.5335,0.0],[-65.3132,-44.5335,0.0],[-65.3149,-44.5296,0.2406],[-65.3143,-44.5262,1.3451],[-65.3115,-44.5251,0.0],[-65.3101,-44.5207,4.4022],[-65.3112,-44.5168,0.1087],[-65.3071,-44.5149,1.32],[-65.3026,-44.5174,0.0],[-65.3007,-44.511,5.8718],[-65.2968,-44.5115,0.7076],[-65.2979,-44.5143,0.0],[-65.2932,-44.5193,0.0],[-65.2904,-44.5176,0.0],[-65.294,-44.5154,5.3814],[-65.2804,-44.519,0.0],[-65.2779,-44.5185,0.0],[-65.279,-44.5146,1.7374],[-65.2768,-44.5135,0.0],[-65.2768,-44.5115,1.2118],[-65.2807,-44.5112,0.0],[-65.2829,-44.509,0.0],[-65.286,-44.5099,10.8286],[-65.2871,-44.5062,6.5467],[-65.2857,-44.5051,0.3558],[-65.2882,-44.5043,0.0],[-65.2882,-44.5018,0.2871],[-65.284,-44.4979,7.6628],[-65.2835,-44.4935,5.0808],[-65.2985,-44.4887,0.7303],[-65.2985,-44.4921,4.9127],[-65.3082,-44.4907,0.3845],[-65.3093,-44.4943,7.6345],[-65.3121,-44.4949,8.7102],[-65.319,-44.4918,6.0959],[-65.3221,-44.4885,7.2232],[-65.3226,-44.4846,2.543],[-65.3185,-44.4846,0.0],[-65.3154,-44.481,0.0],[-65.3163,-44.4793,9.8507],[-65.3143,-44.4785,0.7116],[-65.3157,-44.4771,0.1103],[-65.314,-44.4749,3.57],[-65.3099,-44.474,0.8568],[-65.311,-44.4671,1.4731],[-65.3129,-44.4674,0.0],[-65.3149,-44.4649,0.4575],[-65.319,-44.4657,2.0637],[-65.3229,-44.4635,0.7662],[-65.3249,-44.466,1.1752],[-65.3279,-44.4651,3.1091],[-65.3285,-44.4629,0.0],[-65.331,-44.4637,5.6508],[-65.3337,-44.4588,0.0],[-65.3335,-44.4549,0.5336],[-65.3304,-44.4532,0.7611],[-65.3299,-44.4551,0.0],[-65.3293,-44.4526,5.3142],[-65.3271,-44.4529,2.1316],[-65.3274,-44.4493,7.8089],[-65.3204,-44.4479,6.2955],[-65.3201,-44.4504,0.0],[-65.3168,-44.4507,0.0],[-65.3143,-44.446,0.237],[-65.3165,-44.4435,1.9575],[-65.3104,-44.4429,6.3839],[-65.3104,-44.4443,0.0],[-65.3043,-44.4415,0.0],[-65.3071,-44.4401,0.1611],[-65.3076,-44.436,0.0],[-65.3118,-44.4365,9.7302],[-65.3107,-44.4351,1.1003],[-65.3118,-44.4343,10.0622],[-65.3087,-44.434,0.0],[-65.3124,-44.431,3.0142],[-65.3118,-44.4279,7.7381],[-65.3074,-44.4296,0.0],[-65.3051,-44.424,4.0116],[-65.3007,-44.4251,-0.0852],[-65.2996,-44.4293,0.0],[-65.3007,-44.4315,0.0],[-65.2965,-44.4307,0.0],[-65.2968,-44.4287,1.7011],[-65.2862,-44.4321,0.0],[-65.2829,-44.4313,0.0],[-65.2818,-44.4287,0.0995],[-65.2829,-44.4276,0.0],[-65.2915,-44.4268,13.3255],[-65.2899,-44.4246,0.0],[-65.2918,-44.4226,8.5927],[-65.281,-44.4238,0.0],[-65.2799,-44.4224,-0.0175],[-65.2812,-44.4201,1.9882],[-65.2754,-44.4221,0.0],[-65.276,-44.4193,0.0],[-65.2796,-44.4185,5.219],[-65.2774,-44.4165,0.0],[-65.2804,-44.4168,0.0905],[-65.2796,-44.4146,0.0],[-65.2826,-44.4157,0.0],[-65.2812,-44.4137,0.0],[-65.2849,-44.4124,2.1662],[-65.2846,-44.4101,1.2645],[-65.2804,-44.4093,4.3526],[-65.2807,-44.4115,0.0],[-65.2774,-44.4093,2.5285],[-65.2749,-44.4113,0.0],[-65.274,-44.4062,4.9446],[-65.2685,-44.4068,0.0],[-65.2679,-44.401,0.1253],[-65.2637,-44.399,0.0],[-65.2671,-44.3957,5.7295],[-65.2668,-44.3935,8.6477],[-65.2588,-44.3871,6.9453],[-65.256,-44.3871,3.2254],[-65.254,-44.3893,1.0997],[-65.2465,-44.3876,0.3679],[-65.2396,-44.389,0.0],[-65.2357,-44.3882,0.0],[-65.2304,-44.381,0.0],[-65.2257,-44.379,0.0],[-65.2324,-44.3765,3.4862],[-65.2318,-44.3721,8.7681],[-65.2226,-44.3701,0.0],[-65.219,-44.3721,0.0],[-65.2162,-44.3676,0.6932],[-65.214,-44.3674,0.0],[-65.2221,-44.3618,2.5248],[-65.2196,-44.3554,0.0],[-65.2232,-44.3543,1.2263],[-65.2226,-44.3524,0.4548],[-65.2262,-44.3499,8.4615],[-65.2229,-44.3449,0.0233],[-65.2246,-44.3413,3.6661],[-65.2229,-44.3382,0.4844],[-65.226,-44.3338,0.5625],[-65.2321,-44.3335,0.0752],[-65.2365,-44.3365,5.6837],[-65.2399,-44.3357,0.0],[-65.2421,-44.3376,0.353],[-65.2468,-44.3374,1.6743],[-65.2535,-44.3329,0.0],[-65.2593,-44.326,6.4671],[-65.2613,-44.316,4.7],[-65.2524,-44.3104,0.1056],[-65.2521,-44.3076,0.0209],[-65.2624,-44.3067,5.3539],[-65.2679,-44.3026,1.737],[-65.2746,-44.2837,0.0],[-65.2746,-44.2801,0.0],[-65.2693,-44.276,0.0],[-65.2698,-44.2701,0.0],[-65.2768,-44.2685,7.38],[-65.2846,-44.2635,4.9534],[-65.2993,-44.2485,1.2526],[-65.3032,-44.2418,5.7496],[-65.3101,-44.2229,7.6357],[-65.3115,-44.211,3.5824],[-65.311,-44.1971,6.493],[-65.3071,-44.1824,1.5267],[-65.2982,-44.1688,0.0],[-65.2979,-44.1657,3.6155],[-65.2962,-44.1662,1.1383],[-65.2885,-44.1576,0.0],[-65.2807,-44.1543,0.0],[-65.2765,-44.1476,6.1795],[-65.2615,-44.1449,0.5675],[-65.259,-44.148,0.0],[-65.2554,-44.1454,0.2054],[-65.2526,-44.1454,0.7241],[-65.2518,-44.1485,0.0],[-65.2482,-44.1471,1.9365],[-65.2399,-44.1479,2.5872],[-65.2387,-44.1465,0.0],[-65.2326,-44.1463,0.0],[-65.2318,-44.1437,9.6536],[-65.2293,-44.1449,0.0],[-65.2279,-44.141,5.0829],[-65.2207,-44.1393,0.0],[-65.221,-44.1374,0.1963],[-65.2193,-44.1368,0.1963],[-65.2204,-44.1354,0.0],[-65.2176,-44.1324,0.4574],[-65.2196,-44.1304,1.766],[-65.2157,-44.129,1.172],[-65.2171,-44.1268,8.8887],[-65.216,-44.1257,1.9781],[-65.2179,-44.1243,1.8177],[-65.2168,-44.1237,0.0],[-65.2176,-44.1215,0.8153],[-65.2249,-44.119,0.0],[-65.2293,-44.1196,3.4257],[-65.2293,-44.1182,0.0],[-65.2318,-44.1185,8.4015],[-65.2337,-44.1162,13.4792],[-65.2301,-44.1154,1.2332],[-65.2301,-44.1121,0.3296],[-65.2335,-44.1113,2.319],[-65.2351,-44.1082,0.0],[-65.2335,-44.1024,0.1805],[-65.2304,-44.1001,0.0],[-65.2337,-44.0988,1.9125],[-65.231,-44.0949,0.0],[-65.2368,-44.0949,4.162],[-65.2401,-44.0901,10.1038],[-65.2393,-44.076,0.0],[-65.2357,-44.0701,0.9947],[-65.2288,-44.0657,0.0],[-65.2182,-44.0618,0.0],[-65.2176,-44.059,2.3623],[-65.2157,-44.0579,0.3099],[-65.2179,-44.0551,1.9644],[-65.2165,-44.049,4.968],[-65.2093,-44.0482,0.0],[-65.206,-44.046,0.0],[-65.2093,-44.0418,5.1608],[-65.1949,-44.0421,0.0],[-65.189,-44.039,0.8919],[-65.1868,-44.0349,1.547],[-65.1915,-44.0349,1.0983],[-65.1926,-44.0368,4.9125],[-65.196,-44.0363,2.7564],[-65.201,-44.0385,6.7179],[-65.2043,-44.0368,0.68],[-65.2101,-44.0371,0.2624],[-65.2129,-44.0407,4.5016],[-65.2115,-44.0424,5.3699],[-65.2162,-44.0424,0.0],[-65.2174,-44.044,1.1216],[-65.2213,-44.0432,0.0],[-65.2246,-44.0449,5.9437],[-65.239,-44.0371,1.1797],[-65.2476,-44.0285,0.0],[-65.251,-44.0279,1.1288],[-65.2518,-44.0251,0.7093],[-65.249,-44.0221,0.0],[-65.2524,-44.0224,6.7752],[-65.2513,-44.0193,0.0],[-65.2532,-44.0165,1.1457],[-65.2515,-44.014,0.0],[-65.2529,-44.0135,2.4862],[-65.2485,-44.0121,1.0924],[-65.2487,-44.0104,11.2754],[-65.2457,-44.0101,0.0],[-65.246,-44.0076,0.0],[-65.2485,-44.0043,0.0],[-65.2507,-44.0054,4.2995],[-65.251,-44.0021,0.4428],[-65.2546,-44.0004,3.0481],[-65.2571,-43.9949,7.7199],[-65.2551,-43.9901,0.0],[-65.2532,-43.9896,0.0],[-65.2518,-43.984,0.0],[-65.2471,-43.9799,0.0],[-65.2435,-43.9793,7.5838],[-65.2412,-43.9826,0.0],[-65.2379,-43.9801,0.1539],[-65.2376,-43.9776,4.7046],[-65.2335,-43.9801,0.0],[-65.2296,-43.9785,1.0118],[-65.2304,-43.9721,2.0463],[-65.2343,-43.9696,2.1726],[-65.2404,-43.971,3.4826],[-65.2407,-43.969,0.0],[-65.2471,-43.9676,0.0],[-65.2499,-43.9676,0.0],[-65.2504,-43.9699,1.482],[-65.254,-43.971,0.0],[-65.2635,-43.966,0.0],[-65.2685,-43.9685,0.8066],[-65.2721,-43.9682,0.8359],[-65.276,-43.966,0.0],[-65.2763,-43.9637,0.0],[-65.2807,-43.9635,0.6803],[-65.2879,-43.9499,1.3456],[-65.2865,-43.9485,0.0],[-65.2871,-43.9465,1.3197],[-65.2899,-43.9449,1.7664],[-65.2899,-43.9424,0.0],[-65.2929,-43.9412,2.182],[-65.2915,-43.9379,0.0],[-65.2949,-43.9388,5.4938],[-65.299,-43.934,0.0],[-65.3001,-43.9285,8.4753],[-65.2988,-43.9271,0.0],[-65.3007,-43.9238,6.8627],[-65.2985,-43.9204,0.0],[-65.3015,-43.9199,12.3871],[-65.3026,-43.9162,8.6739],[-65.299,-43.9143,0.0],[-65.3024,-43.9137,5.9808],[-65.3029,-43.909,0.0],[-65.3054,-43.9062,0.3479],[-65.3035,-43.9054,0.0],[-65.3051,-43.904,0.0],[-65.3046,-43.9004,0.0],[-65.3087,-43.8971,0.0],[-65.3093,-43.8918,0.0],[-65.3107,-43.891,4.6388],[-65.3099,-43.8854,1.2346],[-65.311,-43.8826,0.0],[-65.314,-43.8807,7.0335],[-65.3126,-43.8787,0.0],[-65.316,-43.8746,7.7318],[-65.3154,-43.8712,0.0],[-65.3165,-43.8712,1.569],[-65.3171,-43.8671,1.0684],[-65.3157,-43.8624,0.0],[-65.3182,-43.8571,0.0],[-65.3218,-43.8568,0.0],[-65.3221,-43.8546,0.6872],[-65.3251,-43.8535,1.6158],[-65.3276,-43.8462,1.4191],[-65.3276,-43.844,0.0],[-65.3224,-43.841,0.0],[-65.3229,-43.8387,0.0],[-65.3251,-43.8385,0.0],[-65.3257,-43.8326,0.0],[-65.3229,-43.8288,0.0],[-65.3218,-43.8221,0.0],[-65.3199,-43.8218,0.0],[-65.3199,-43.819,0.0],[-65.3229,-43.816,1.8739],[-65.3201,-43.8101,1.6325],[-65.3218,-43.8085,0.0],[-65.3154,-43.8054,0.0],[-65.3151,-43.8024,0.0],[-65.3096,-43.796,0.0],[-65.3132,-43.7893,0.0],[-65.3174,-43.7874,0.0],[-65.3196,-43.7815,0.0],[-65.3257,-43.7793,0.0],[-65.331,-43.7807,2.1103],[-65.3368,-43.7776,0.0],[-65.3388,-43.7788,6.573],[-65.3401,-43.7768,0.0],[-65.3471,-43.7771,16.897],[-65.3504,-43.7729,0.0],[-65.3499,-43.7704,0.0],[-65.3524,-43.7699,0.0],[-65.3538,-43.7637,10.2484],[-65.3526,-43.7551,0.0],[-65.3546,-43.7518,0.0],[-65.3529,-43.734,50.9892],[-65.349,-43.7304,0.0],[-65.3504,-43.719,0.0],[-65.3474,-43.7093,18.1642],[-65.3443,-43.7071,0.0],[-65.3412,-43.6968,0.0],[-65.3418,-43.691,0.0],[-65.3399,-43.689,0.0],[-65.3401,-43.6846,0.0],[-65.3382,-43.679,0.0],[-65.3404,-43.6785,0.5203],[-65.341,-43.6757,3.2941],[-65.3374,-43.6726,0.0],[-65.3376,-43.6682,1.8111],[-65.3348,-43.6668,0.0],[-65.3354,-43.6646,0.0],[-65.3332,-43.6599,0.0],[-65.3224,-43.6529,0.0],[-65.3243,-43.6512,0.7231],[-65.3215,-43.6499,0.0],[-65.3199,-43.646,0.0],[-65.316,-43.644,0.0],[-65.3143,-43.6399,0.6362],[-65.3157,-43.6374,0.0],[-65.3146,-43.6329,4.8603],[-65.3054,-43.6307,0.0],[-65.306,-43.629,0.0],[-65.304,-43.6285,0.0],[-65.3018,-43.6229,1.3288],[-65.2996,-43.6224,0.0],[-65.3004,-43.6204,2.5194],[-65.2901,-43.6126,0.0],[-65.2854,-43.5979,50.2241],[-65.2765,-43.5907,2.179],[-65.2654,-43.5904,0.0],[-65.264,-43.5887,0.0],[-65.2651,-43.5874,0.0],[-65.2601,-43.584,0.0],[-65.2601,-43.5779,0.0],[-65.2535,-43.5713,0.0],[-65.2446,-43.5676,0.0],[-65.2296,-43.5574,19.4466],[-65.224,-43.5576,0.0],[-65.2126,-43.5496,0.0],[-65.2079,-43.5485,0.0],[-65.2079,-43.5462,32.519],[-65.206,-43.5462,6.0806],[-65.2054,-43.5443,38.7956],[-65.1993,-43.5446,0.0],[-65.1976,-43.5418,2.7299],[-65.1932,-43.5399,0.8189],[-65.1935,-43.534,0.0],[-65.1913,-43.5293,8.4331],[-65.1837,-43.5251,0.0],[-65.1785,-43.5187,3.7342],[-65.1779,-43.5154,0.0],[-65.1751,-43.5135,0.0],[-65.1757,-43.5096,0.0],[-65.1729,-43.504,17.424],[-65.169,-43.5015,0.0],[-65.1593,-43.4885,0.7147],[-65.1543,-43.486,2.1679],[-65.1501,-43.4793,2.3511],[-65.1404,-43.4712,0.0],[-65.136,-43.4635,7.6435],[-65.1276,-43.4565,8.1047],[-65.1212,-43.454,0.6163],[-65.1165,-43.4485,19.5305],[-65.1032,-43.4412,0.0],[-65.1015,-43.4385,1.2279],[-65.0976,-43.4376,0.0],[-65.0976,-43.436,2.3127],[-65.0951,-43.4357,0.0],[-65.0904,-43.4318,0.9939],[-65.0896,-43.4285,10.4518],[-65.0815,-43.4243,8.7425],[-65.0768,-43.4193,4.3883],[-65.0526,-43.404,2.7764],[-65.0488,-43.3913,7.1182],[-65.0426,-43.3821,0.9622],[-65.0462,-43.3793,0.0],[-65.0449,-43.3712,0.0],[-65.0465,-43.3685,19.1184],[-65.0468,-43.3626,1.9755],[-65.0549,-43.3521,13.6374],[-65.0549,-43.3418,0.6158],[-65.0512,-43.3315,0.7623],[-65.039,-43.3126,8.0358],[-64.9996,-43.2724,7.8858],[-64.9835,-43.2604,3.6911],[-64.8832,-43.2049,0.0],[-64.786,-43.1621,4.2656],[-64.6785,-43.1246,1.7223],[-64.5904,-43.1035,1.1017],[-64.5654,-43.0957,17.8506],[-64.5529,-43.094,0.0],[-64.4999,-43.0754,11.1991],[-64.4826,-43.0707,14.8995],[-64.4729,-43.0701,0.0],[-64.4662,-43.066,14.7507],[-64.4571,-43.0635,0.0],[-64.4285,-43.0432,0.0],[-64.4118,-43.0335,0.0],[-64.3904,-43.0262,26.791],[-64.3849,-43.0207,22.8711],[-64.3415,-43.0057,19.6004],[-64.3307,-43.0035,0.0],[-64.3243,-42.9979,0.0],[-64.3251,-42.994,0.0],[-64.3238,-42.9907,0.0],[-64.3196,-42.9879,31.7116],[-64.3121,-42.986,18.8644],[-64.3074,-42.9793,0.0],[-64.3074,-42.971,0.0],[-64.3176,-42.9629,0.0],[-64.3232,-42.946,0.0],[-64.3313,-42.9343,0.0],[-64.3424,-42.9349,3.3005],[-64.3543,-42.9421,0.9143],[-64.3707,-42.9482,4.697],[-64.406,-42.954,1.9951],[-64.4221,-42.9543,0.0],[-64.4324,-42.951,0.0],[-64.4449,-42.9496,33.7145],[-64.4849,-42.9499,8.5655],[-64.5004,-42.9454,4.6748],[-64.5043,-42.9376,0.0],[-64.511,-42.9321,0.0],[-64.5296,-42.9224,2.0339],[-64.5421,-42.9199,19.3176],[-64.5524,-42.924,36.583],[-64.559,-42.9246,52.6603],[-64.5837,-42.9246,53.528],[-64.6149,-42.9221,3.8027],[-64.6504,-42.914,2.6422],[-64.6554,-42.911,0.0],[-64.666,-42.9087,8.1822],[-64.6693,-42.9049,0.0],[-64.6871,-42.9018,6.0812],[-64.6965,-42.8974,47.0345],[-64.6979,-42.8924,0.0],[-64.7024,-42.8862,0.0],[-64.7024,-42.8832,0.0],[-64.7254,-42.876,1.7378],[-64.7293,-42.8729,0.0],[-64.739,-42.8704,5.0217],[-64.741,-42.8682,2.6601],[-64.7493,-42.8671,5.5551],[-64.7779,-42.8574,1.0945],[-64.7849,-42.8526,0.0],[-64.7918,-42.8515,11.5031],[-64.8065,-42.8449,9.1725],[-64.8115,-42.8396,3.9457],[-64.8174,-42.8385,2.4126],[-64.8243,-42.8404,3.9585],[-64.8318,-42.8382,7.0124],[-64.8379,-42.8401,4.2923],[-64.8432,-42.8376,0.0],[-64.849,-42.8387,8.9219],[-64.8646,-42.8338,1.8395],[-64.8785,-42.8343,0.5832],[-64.8851,-42.8293,0.0],[-64.8826,-42.826,0.4973],[-64.8871,-42.8226,0.0],[-64.8854,-42.8199,0.0],[-64.8904,-42.8176,5.7419],[-64.8893,-42.814,2.4831],[-64.8907,-42.8118,0.944],[-64.9007,-42.8126,6.4479],[-64.9021,-42.811,0.0],[-64.9068,-42.811,0.0],[-64.9121,-42.8126,0.0],[-64.9157,-42.8115,10.33],[-64.9451,-42.7954,4.1716],[-64.9507,-42.7899,18.902],[-64.9526,-42.7849,3.3948],[-64.9585,-42.7854,0.0],[-64.9604,-42.7887,1.3312],[-64.9674,-42.794,7.9156],[-64.9804,-42.7901,4.9257],[-65.0013,-42.7793,-0.2147],[-65.0024,-42.7793,-0.2147],[-65.0015,-42.7829,5.2156],[-65.0032,-42.7843,0.4441],[-65.0135,-42.7824,3.3944],[-65.0243,-42.7754,3.673],[-65.0324,-42.7668,6.5809],[-65.0354,-42.7601,0.4175],[-65.0366,-42.7393,0.6771],[-65.0349,-42.7379,0.0],[-65.0365,-42.7357,1.3272],[-65.0365,-42.7318,1.7988],[-65.034,-42.7265,4.4545],[-65.0176,-42.7112,26.5054],[-64.9951,-42.6982,1.8048],[-64.9954,-42.6937,14.1463],[-64.9918,-42.6807,0.0],[-64.9874,-42.6715,0.0],[-64.9904,-42.6674,0.0],[-64.9899,-42.6615,1.5309],[-64.9857,-42.6543,4.3275],[-64.9765,-42.6476,21.8255],[-64.9685,-42.646,13.0985],[-64.9571,-42.6349,0.0],[-64.9379,-42.6232,0.6012],[-64.926,-42.6182,0.4669],[-64.9085,-42.6151,1.0716],[-64.8812,-42.6137,4.3246],[-64.8671,-42.6168,4.2664],[-64.8649,-42.6199,0.0],[-64.856,-42.6176,12.4106],[-64.8493,-42.6179,3.5288],[-64.8399,-42.6115,0.0],[-64.8329,-42.6113,0.0],[-64.8321,-42.6071,0.0],[-64.8215,-42.599,3.4323],[-64.8151,-42.5962,9.8684],[-64.8099,-42.5962,3.9358],[-64.8085,-42.591,1.4586],[-64.7885,-42.579,0.0],[-64.7804,-42.5668,0.0],[-64.764,-42.554,0.7136],[-64.7588,-42.5524,0.0],[-64.7576,-42.5499,1.552],[-64.7335,-42.539,2.4168],[-64.7249,-42.5371,0.0],[-64.7149,-42.5296,0.0],[-64.7043,-42.5249,0.0],[-64.6899,-42.5151,0.0],[-64.6704,-42.5079,12.3636],[-64.6485,-42.506,0.0],[-64.6474,-42.5043,7.4044],[-64.644,-42.5043,3.8189],[-64.6401,-42.4999,0.0],[-64.6307,-42.4974,3.4844],[-64.5957,-42.4968,0.0],[-64.5893,-42.4932,0.0],[-64.5696,-42.4912,19.0579],[-64.5482,-42.4946,0.0],[-64.5201,-42.5018,0.0],[-64.5115,-42.5021,0.0],[-64.509,-42.5001,0.0],[-64.5049,-42.5013,0.0],[-64.5035,-42.4999,1.1324],[-64.4932,-42.5015,0.0],[-64.4896,-42.5007,6.7623],[-64.4643,-42.5046,0.0],[-64.4401,-42.5107,3.9646],[-64.4279,-42.5112,20.0408],[-64.4115,-42.516,6.3305],[-64.4079,-42.5154,14.131],[-64.3849,-42.5237,7.6018],[-64.359,-42.5357,0.0],[-64.3562,-42.5312,53.013],[-64.3468,-42.5312,36.43],[-64.3415,-42.5329,28.1002],[-64.326,-42.5421,4.6066],[-64.3093,-42.5587,7.1804],[-64.3099,-42.5629,0.0],[-64.3154,-42.5685,0.0],[-64.3107,-42.5701,0.0],[-64.3115,-42.581,1.3004],[-64.3093,-42.5865,0.7986],[-64.3021,-42.586,1.1658],[-64.2976,-42.5807,12.929],[-64.2929,-42.5804,0.0],[-64.2921,-42.5762,32.5534],[-64.2843,-42.576,3.2174],[-64.2835,-42.5737,12.0858],[-64.2807,-42.5737,4.041],[-64.2768,-42.5754,0.0],[-64.2774,-42.5791,0.0],[-64.2674,-42.5818,0.0],[-64.2601,-42.589,9.6478],[-64.2574,-42.5962,0.0],[-64.2599,-42.5996,41.1734],[-64.2665,-42.6029,0.0],[-64.2676,-42.6104,0.0],[-64.2735,-42.6126,0.0],[-64.2737,-42.6185,1.057],[-64.2701,-42.619,9.8324],[-64.2688,-42.6226,0.0],[-64.2671,-42.6224,1.0571],[-64.266,-42.6182,0.0],[-64.2535,-42.6204,0.0],[-64.2501,-42.6168,3.2848],[-64.2421,-42.6143,17.2554],[-64.224,-42.6157,2.0123],[-64.2143,-42.6218,1.0032],[-64.2112,-42.6257,1.9189],[-64.2112,-42.6301,0.7123],[-64.2193,-42.6376,0.0],[-64.2235,-42.6487,0.4776],[-64.2288,-42.6515,21.1209],[-64.2304,-42.6538,1.2623],[-64.2301,-42.6565,6.141],[-64.2387,-42.6635,1.2389],[-64.2407,-42.6732,3.4112],[-64.2504,-42.6813,0.0],[-64.2474,-42.6868,9.5077],[-64.2454,-42.7112,4.2087],[-64.2496,-42.7224,2.6085],[-64.2615,-42.7435,1.7085],[-64.261,-42.7479,1.7259],[-64.2521,-42.7704,0.0],[-64.2407,-42.7865,0.0],[-64.2115,-42.8093,23.7725],[-64.2032,-42.8213,0.0],[-64.1957,-42.8271,16.3726],[-64.194,-42.8338,4.0757],[-64.1685,-42.8546,0.0],[-64.1588,-42.8587,5.8761],[-64.1557,-42.8662,2.0481],[-64.1471,-42.8712,7.2966],[-64.146,-42.8749,0.0],[-64.1076,-42.8796,0.0],[-64.0999,-42.8771,9.4509],[-64.0957,-42.8779,3.1657],[-64.0943,-42.8754,9.3303],[-64.0912,-42.8743,21.7757],[-64.0832,-42.8743,10.454],[-64.0701,-42.8693,48.8853],[-64.0126,-42.8615,0.0],[-63.999,-42.8557,0.0],[-63.994,-42.8557,9.0537],[-63.9818,-42.851,26.6013],[-63.971,-42.8496,0.0],[-63.966,-42.8507,4.3929],[-63.9646,-42.8476,41.572],[-63.9526,-42.8446,0.0],[-63.9351,-42.8421,18.1071],[-63.9149,-42.8424,8.2477],[-63.901,-42.8362,66.3426],[-63.874,-42.8351,5.6708],[-63.8685,-42.8315,0.0],[-63.8546,-42.8285,15.7972],[-63.8432,-42.829,2.1463],[-63.8399,-42.8262,30.4641],[-63.8335,-42.8243,41.2788],[-63.824,-42.8249,0.0],[-63.8171,-42.8232,0.3068],[-63.8104,-42.8243,1.6948],[-63.8099,-42.8207,25.7658],[-63.8076,-42.8193,11.1386],[-63.789,-42.814,21.0844],[-63.7637,-42.8126,0.0],[-63.7604,-42.8107,26.6096],[-63.751,-42.8101,0.0],[-63.7424,-42.811,27.6451],[-63.7393,-42.814,7.7018],[-63.7315,-42.8132,0.0],[-63.7257,-42.8112,27.8002],[-63.7171,-42.8037,28.7392],[-63.7088,-42.8037,6.698],[-63.6979,-42.7962,24.203],[-63.679,-42.7921,5.3458],[-63.6712,-42.7846,0.0],[-63.6651,-42.7832,0.0],[-63.6651,-42.781,2.1617],[-63.6621,-42.7782,1.2068],[-63.6538,-42.7785,1.4149],[-63.6476,-42.7713,0.0],[-63.636,-42.7681,1.1592],[-63.6329,-42.7657,1.5853],[-63.6326,-42.7612,0.9412],[-63.6301,-42.7599,0.0],[-63.6296,-42.7554,0.0],[-63.6324,-42.7507,0.0],[-63.6346,-42.7504,0.0],[-63.6349,-42.7424,22.8449],[-63.6293,-42.7404,0.0],[-63.6293,-42.739,0.0],[-63.6335,-42.7393,0.0],[-63.634,-42.7357,0.0],[-63.6371,-42.736,0.0],[-63.6357,-42.7321,0.0],[-63.6371,-42.7296,2.7982],[-63.6365,-42.7212,1.5277],[-63.6343,-42.7201,0.0],[-63.6349,-42.7182,2.5693],[-63.6387,-42.7171,3.5625],[-63.6401,-42.7146,0.0],[-63.6404,-42.7079,0.0],[-63.6379,-42.704,0.0],[-63.6393,-42.7026,0.0],[-63.639,-42.6996,0.0],[-63.6307,-42.6896,0.0],[-63.6263,-42.6801,0.0],[-63.621,-42.6774,0.0],[-63.621,-42.671,13.6502],[-63.6168,-42.664,5.4691],[-63.6188,-42.6621,21.3496],[-63.6182,-42.6579,3.9511],[-63.6093,-42.6457,0.0],[-63.6051,-42.6304,0.0],[-63.5979,-42.6232,0.0],[-63.5854,-42.6154,4.1394],[-63.5826,-42.6079,0.0],[-63.5865,-42.6032,12.6872],[-63.5865,-42.5988,0.0],[-63.584,-42.5924,0.0],[-63.5879,-42.5896,18.5903],[-63.5899,-42.5704,4.4193],[-63.5937,-42.5687,27.3351],[-63.5962,-42.5654,13.1323],[-63.5982,-42.556,0.0],[-63.6029,-42.5482,2.9301],[-63.6021,-42.5337,0.0],[-63.6032,-42.524,1.4833],[-63.6026,-42.5193,12.261],[-63.5993,-42.516,0.0],[-63.5982,-42.5099,0.6481],[-63.6004,-42.5062,0.6063],[-63.6063,-42.5032,3.8964],[-63.6068,-42.4996,0.0],[-63.6054,-42.4976,0.0],[-63.6076,-42.4912,0.0],[-63.6124,-42.486,9.984],[-63.6107,-42.4851,0.0],[-63.6101,-42.4685,8.8717],[-63.6124,-42.4496,3.1503],[-63.6124,-42.4304,1.0639],[-63.616,-42.4051,0.0],[-63.614,-42.401,0.0],[-63.6143,-42.3779,0.0],[-63.6115,-42.3743,0.0],[-63.6143,-42.3735,0.0],[-63.611,-42.3646,0.9997],[-63.6126,-42.3615,0.7808],[-63.6154,-42.3604,0.0],[-63.6174,-42.3662,0.0],[-63.619,-42.3665,0.7071],[-63.6201,-42.3599,0.0],[-63.6237,-42.3524,0.0],[-63.6346,-42.3435,0.0],[-63.6399,-42.3426,0.0],[-63.6418,-42.3374,0.0],[-63.6407,-42.3321,0.0],[-63.6557,-42.3204,3.692],[-63.6546,-42.3182,0.0],[-63.656,-42.3174,0.0],[-63.6524,-42.3174,0.0],[-63.649,-42.3138,0.0],[-63.6562,-42.3043,0.0],[-63.6613,-42.301,0.0],[-63.6626,-42.2982,0.0],[-63.6615,-42.2949,0.0],[-63.656,-42.2988,0.0],[-63.6487,-42.2962,0.3301],[-63.654,-42.2993,0.0],[-63.646,-42.3068,0.0],[-63.6451,-42.3126,0.0],[-63.6418,-42.3121,1.1081],[-63.6401,-42.3157,0.2123],[-63.6379,-42.3162,0.3865],[-63.6368,-42.3135,0.4035],[-63.6362,-42.321,0.0],[-63.6338,-42.3201,0.4524],[-63.621,-42.3279,1.7205],[-63.6193,-42.3371,0.0],[-63.6135,-42.3432,0.0],[-63.6115,-42.3432,1.1601],[-63.6121,-42.3465,0.0],[-63.6087,-42.3515,0.0],[-63.6093,-42.3549,0.0],[-63.6076,-42.3576,2.4263],[-63.6054,-42.3582,4.2106],[-63.6054,-42.3604,6.6181],[-63.6076,-42.3624,2.1782],[-63.6121,-42.4079,0.0],[-63.6104,-42.4137,0.0],[-63.6107,-42.4282,0.0],[-63.6071,-42.4626,3.705],[-63.609,-42.4871,0.0],[-63.6035,-42.4962,0.0],[-63.6035,-42.5043,1.502],[-63.6012,-42.5051,0.6063],[-63.6005,-42.501,0.0],[-63.6049,-42.4829,0.0],[-63.6082,-42.4168,3.9354],[-63.604,-42.3765,3.9301],[-63.5985,-42.3593,0.0],[-63.5988,-42.3449,0.0],[-63.5971,-42.3329,0.0],[-63.6051,-42.3065,0.0],[-63.614,-42.2904,0.0],[-63.6324,-42.2649,0.0],[-63.6474,-42.2474,0.0],[-63.6715,-42.2238,1.5163],[-63.6832,-42.2079,0.0],[-63.6826,-42.2068,0.0],[-63.6963,-42.1862,0.0],[-63.7015,-42.1679,0.0],[-63.7143,-42.1496,8.5069],[-63.7243,-42.1229,0.0],[-63.7379,-42.0985,3.2241],[-63.7585,-42.0762,0.0],[-63.7643,-42.0746,5.3456],[-63.7988,-42.0718,7.3426],[-63.854,-42.079,0.0],[-63.8557,-42.081,3.5704],[-63.8929,-42.0885,4.903],[-63.904,-42.0937,7.1339],[-63.9043,-42.0921,0.0],[-63.9065,-42.0924,0.0],[-63.9174,-42.0971,0.0],[-63.919,-42.0996,12.3669],[-63.9282,-42.1026,7.3989],[-63.9349,-42.1021,0.0],[-63.9357,-42.104,0.1233],[-63.9388,-42.1043,0.4439],[-63.9421,-42.1115,0.0],[-63.9543,-42.1101,0.0],[-63.9574,-42.1132,0.0],[-63.9654,-42.1135,0.7107],[-63.971,-42.1185,0.0],[-63.9721,-42.1226,1.9206],[-63.9793,-42.1246,0.0],[-63.9787,-42.129,0.0],[-63.991,-42.1393,0.0],[-64.0043,-42.1407,0.0],[-64.0068,-42.1418,0.4512],[-64.0068,-42.1443,7.8358],[-64.0093,-42.144,0.0],[-64.0093,-42.1457,7.6419],[-64.0151,-42.1476,1.3216],[-64.0165,-42.146,0.0],[-64.0201,-42.1485,13.106],[-64.0276,-42.1465,1.2062],[-64.0268,-42.1504,15.3999],[-64.0279,-42.1518,5.0337],[-64.0335,-42.1549,47.0627],[-64.0368,-42.1535,3.756],[-64.0354,-42.1557,18.3821],[-64.0374,-42.1568,0.642],[-64.0376,-42.1613,20.0689],[-64.0396,-42.164,8.1705],[-64.0476,-42.1662,0.0],[-64.0535,-42.1646,26.4868],[-64.0537,-42.1618,0.0],[-64.056,-42.1607,0.0],[-64.0582,-42.1635,0.0],[-64.0565,-42.1654,19.4002],[-64.0574,-42.1674,3.3311],[-64.0599,-42.1682,20.6696],[-64.0624,-42.1662,0.0],[-64.0624,-42.1699,16.9818],[-64.0671,-42.1746,7.7254],[-64.0701,-42.1743,0.0],[-64.0776,-42.1796,33.4294],[-64.0832,-42.1796,9.6675],[-64.0868,-42.1765,0.2948],[-64.0862,-42.1787,5.1593],[-64.0918,-42.181,0.0],[-64.0982,-42.1829,0.0],[-64.1062,-42.1821,0.0],[-64.1062,-42.1843,3.3047],[-64.1087,-42.1829,0.0],[-64.1085,-42.1851,0.0],[-64.1307,-42.1915,0.0],[-64.1382,-42.1951,6.5512],[-64.1521,-42.1979,0.0],[-64.1604,-42.1976,0.0],[-64.241,-42.2126,0.0],[-64.3213,-42.2243,0.0],[-64.3504,-42.2315,27.6208],[-64.3696,-42.2343,0.0],[-64.371,-42.2368,21.4385],[-64.3751,-42.2357,0.0],[-64.3774,-42.2385,9.6932],[-64.3796,-42.2371,0.0],[-64.3785,-42.2396,0.0],[-64.3665,-42.2393,11.8727],[-64.3613,-42.2421,0.8418],[-64.359,-42.2457,0.0],[-64.3474,-42.2449,0.0],[-64.3357,-42.2476,16.5037],[-64.3304,-42.251,0.5708],[-64.3254,-42.2493,20.5714],[-64.3135,-42.2524,3.8016],[-64.311,-42.2524,1.3712],[-64.3082,-42.2493,3.3065],[-64.2976,-42.249,2.3555],[-64.2901,-42.2451,0.0],[-64.2826,-42.2468,0.0],[-64.2782,-42.246,3.6785],[-64.274,-42.2479,0.0],[-64.2701,-42.2457,0.0],[-64.2737,-42.2432,0.6082],[-64.2737,-42.2412,1.8321],[-64.2715,-42.2399,0.0],[-64.2624,-42.2385,0.0],[-64.256,-42.2399,0.0],[-64.2538,-42.2385,0.0],[-64.2535,-42.2357,4.2925],[-64.2476,-42.2365,0.0],[-64.2449,-42.2346,0.0],[-64.2315,-42.2407,0.0],[-64.2307,-42.2429,2.3978],[-64.2321,-42.2454,0.0],[-64.2301,-42.2474,0.0],[-64.2254,-42.2435,0.0],[-64.2179,-42.2429,8.122],[-64.2149,-42.2449,0.0],[-64.2057,-42.2429,8.1944],[-64.1999,-42.2435,5.5185],[-64.1971,-42.2457,0.0],[-64.1924,-42.2454,0.0],[-64.1865,-42.2493,0.0],[-64.1813,-42.2496,0.0],[-64.1801,-42.2471,0.7515],[-64.1696,-42.2468,0.0],[-64.1624,-42.2449,0.0],[-64.1601,-42.2438,0.0],[-64.1593,-42.241,0.0],[-64.1554,-42.2396,0.0],[-64.1399,-42.244,0.0],[-64.136,-42.2396,0.0],[-64.1279,-42.241,8.5237],[-64.1204,-42.2446,0.0],[-64.1171,-42.2479,1.1444],[-64.1135,-42.2479,11.9265],[-64.1043,-42.2543,0.1998],[-64.094,-42.2526,2.5209],[-64.0829,-42.2596,0.0],[-64.0813,-42.2626,0.0],[-64.0751,-42.2621,0.1949],[-64.0671,-42.2718,0.0],[-64.0638,-42.2746,0.0],[-64.061,-42.2743,5.5708],[-64.0563,-42.2799,2.1397],[-64.0485,-42.2946,0.0],[-64.0437,-42.311,6.6915],[-64.0443,-42.3165,8.2867],[-64.0493,-42.3162,0.0],[-64.0499,-42.324,6.0195],[-64.0532,-42.326,1.3824],[-64.0587,-42.326,0.0],[-64.0604,-42.3299,13.6945],[-64.0685,-42.329,0.0],[-64.0701,-42.3335,1.2229],[-64.0582,-42.3351,5.5471],[-64.0563,-42.3385,1.9572],[-64.059,-42.3385,0.0],[-64.0587,-42.3399,0.0],[-64.0535,-42.3407,7.8326],[-64.0504,-42.3435,0.0],[-64.0443,-42.3437,0.0],[-64.0449,-42.3571,14.7468],[-64.0462,-42.3593,39.1735],[-64.0488,-42.3599,0.0],[-64.0488,-42.3629,0.0],[-64.051,-42.3643,0.0],[-64.0529,-42.3774,5.0555],[-64.0565,-42.3821,4.6156],[-64.0615,-42.3848,26.71],[-64.0682,-42.3849,15.582],[-64.0729,-42.3896,35.3122],[-64.0785,-42.3901,0.2789],[-64.0779,-42.3918,10.5412],[-64.0857,-42.3982,3.934],[-64.0904,-42.399,0.0],[-64.0943,-42.4026,3.3242],[-64.1004,-42.4032,0.0],[-64.1029,-42.4093,1.1189],[-64.1096,-42.4154,0.0],[-64.129,-42.4274,0.0],[-64.1393,-42.4271,0.3829],[-64.1399,-42.4238,0.0],[-64.1438,-42.4246,9.8883],[-64.1499,-42.4221,0.3902],[-64.1551,-42.4221,0.5845],[-64.1576,-42.4188,0.0],[-64.166,-42.4212,0.0],[-64.1685,-42.4201,0.0],[-64.1687,-42.4171,0.2391],[-64.1754,-42.4188,0.7791],[-64.1738,-42.4168,0.0],[-64.176,-42.4165,0.0],[-64.1862,-42.4193,0.3477],[-64.1915,-42.4157,0.0],[-64.2051,-42.4204,1.9554],[-64.2132,-42.4215,3.5373],[-64.2249,-42.4174,0.0],[-64.2404,-42.4176,0.0],[-64.2474,-42.4149,3.882],[-64.2596,-42.4168,4.9859],[-64.2649,-42.414,0.0],[-64.2885,-42.4151,3.1602],[-64.2932,-42.4135,7.9014],[-64.2965,-42.4076,0.0],[-64.3015,-42.4038,0.0],[-64.3063,-42.4049,5.0366],[-64.3129,-42.4115,3.4959],[-64.3187,-42.4126,1.0587],[-64.3204,-42.411,0.0],[-64.3301,-42.4113,0.0],[-64.3313,-42.4135,0.0],[-64.3337,-42.4135,0.0],[-64.3315,-42.4185,6.9242],[-64.3362,-42.4213,8.2986],[-64.3393,-42.4215,2.2979],[-64.3396,-42.4204,0.0],[-64.3449,-42.4229,0.0],[-64.3632,-42.4251,1.0032],[-64.3674,-42.424,2.7529],[-64.3693,-42.421,0.0],[-64.3724,-42.424,1.9943],[-64.374,-42.424,0.0],[-64.3737,-42.4229,0.0],[-64.3779,-42.4238,0.0],[-64.3796,-42.4268,0.0],[-64.3846,-42.429,0.0],[-64.4007,-42.4296,15.2062],[-64.4085,-42.4315,9.056],[-64.411,-42.4285,0.3871],[-64.4115,-42.4324,3.676],[-64.4176,-42.4324,0.0],[-64.4218,-42.4376,2.3683],[-64.439,-42.4382,0.0],[-64.4396,-42.4393,0.0],[-64.4482,-42.4382,0.0],[-64.4501,-42.4354,0.0],[-64.4699,-42.4382,2.0939],[-64.4843,-42.4318,0.0],[-64.4846,-42.4282,6.3395],[-64.4807,-42.4201,0.0],[-64.4849,-42.4137,0.0],[-64.4868,-42.414,0.0],[-64.4871,-42.4174,0.0],[-64.4901,-42.4182,3.1983],[-64.4924,-42.421,5.208],[-64.4929,-42.429,0.0],[-64.4968,-42.4304,2.384],[-64.506,-42.4304,2.3415],[-64.5165,-42.426,0.0],[-64.5182,-42.4279,0.0],[-64.5226,-42.4285,4.3917],[-64.5318,-42.4276,1.8322],[-64.5374,-42.4249,1.8888],[-64.5396,-42.4218,4.3815],[-64.5385,-42.4188,0.0],[-64.5415,-42.4188,0.0],[-64.5437,-42.4254,3.2243],[-64.5507,-42.4249,0.0],[-64.5563,-42.4293,0.0],[-64.556,-42.4315,2.5085],[-64.5593,-42.4321,2.4445],[-64.5618,-42.4313,3.2382],[-64.5615,-42.4296,0.0],[-64.5707,-42.4282,0.0],[-64.5685,-42.4251,0.0],[-64.5713,-42.4238,0.0],[-64.5718,-42.419,0.0],[-64.5749,-42.4212,0.0],[-64.5799,-42.4212,0.0],[-64.5851,-42.4257,0.0],[-64.5926,-42.4246,0.0],[-64.5949,-42.4262,0.0],[-64.599,-42.4249,1.9983],[-64.5996,-42.4232,0.0],[-64.6087,-42.421,0.4825],[-64.6135,-42.4171,0.1065],[-64.6168,-42.4115,1.2187],[-64.6162,-42.4071,0.0],[-64.6126,-42.4065,0.0],[-64.6113,-42.4035,0.0],[-64.6093,-42.4032,0.0],[-64.6093,-42.4018,0.0],[-64.6137,-42.4015,0.0],[-64.6113,-42.396,0.0],[-64.609,-42.3957,0.0],[-64.6107,-42.3918,0.0],[-64.6004,-42.3904,0.0],[-64.5982,-42.3868,0.0463],[-64.5946,-42.3879,0.0],[-64.5885,-42.3849,0.0],[-64.5901,-42.371,0.0],[-64.5862,-42.3682,0.0],[-64.5885,-42.3676,0.0573],[-64.5871,-42.3654,0.0],[-64.5826,-42.3629,0.558],[-64.5807,-42.3599,0.0],[-64.5754,-42.3587,0.0],[-64.5754,-42.3543,2.9158],[-64.5682,-42.3485,0.0],[-64.5693,-42.3432,0.5995],[-64.5671,-42.3418,0.0],[-64.5649,-42.336,0.0],[-64.5685,-42.3285,0.2065],[-64.5671,-42.3232,3.0816],[-64.5515,-42.3015,0.0],[-64.541,-42.2921,1.0306],[-64.5332,-42.2887,0.0],[-64.5243,-42.2885,0.0],[-64.526,-42.2857,2.3611],[-64.5243,-42.2826,4.0303],[-64.5071,-42.2765,0.0],[-64.5062,-42.274,0.0],[-64.5076,-42.2721,0.8343],[-64.506,-42.2701,0.0],[-64.4901,-42.2621,0.0],[-64.4865,-42.2562,1.4626],[-64.4829,-42.2554,0.0],[-64.4771,-42.2493,0.0],[-64.4646,-42.2424,0.0],[-64.4626,-42.2387,0.0],[-64.4751,-42.2365,10.2874],[-64.5235,-42.2368,42.4663],[-64.6015,-42.2315,25.7301],[-64.6663,-42.224,8.0854],[-64.6743,-42.2207,8.5405],[-64.6974,-42.216,0.0],[-64.7337,-42.2149,18.8399],[-64.7693,-42.2074,13.4269],[-64.8001,-42.1957,0.0],[-64.8024,-42.196,0.0],[-64.8043,-42.1985,13.4602],[-64.8313,-42.196,0.0],[-64.8374,-42.1929,0.0],[-64.8557,-42.189,2.0117],[-64.8779,-42.1813,5.4025],[-64.9037,-42.1696,3.3894],[-64.9474,-42.1446,2.478],[-64.9793,-42.1226,0.0],[-65.0015,-42.1049,5.2725],[-65.0274,-42.079,0.0],[-65.0488,-42.051,9.3354],[-65.0671,-42.0185,9.6362],[-65.0704,-42.004,0.0],[-65.069,-41.9976,5.9674],[-65.6465,-42.0023,347.1462],[-66.2453,-42.004,522.5924],[-66.9211,-42.0021,665.2328],[-67.4993,-41.9971,1230.9579],[-68.1835,-42.0042,1552.3953],[-68.956,-42.0073,1354.9064],[-69.8251,-42.0045,985.7347],[-70.4043,-41.9991,764.9333],[-70.5001,-41.9964,951.3522],[-71.0952,-41.9994,925.519],[-71.7641,-41.9995,1743.8085],[-71.7622,-42.0105,1464.3818],[-71.7569,-42.0233,1768.7594],[-71.7523,-42.0248,1621.2615],[-71.751,-42.0271,1543.661],[-71.7567,-42.0369,1752.1145],[-71.7443,-42.0377,1843.7615],[-71.7328,-42.0444,1809.248],[-71.7286,-42.044,1834.3268],[-71.7261,-42.0484,1615.9554],[-71.7245,-42.0591,1829.6165],[-71.7292,-42.0622,1825.5314],[-71.7328,-42.0625,1876.4385],[-71.7331,-42.0667,1773.2852],[-71.7387,-42.0736,1548.7],[-71.7389,-42.0761,1567.3518],[-71.7375,-42.077,1427.4369],[-71.74,-42.0841,1257.6067],[-71.7323,-42.0911,874.3837],[-71.7258,-42.1016,252.7856],[-71.7273,-42.1065,260.2886],[-71.7252,-42.1102,416.9276],[-71.7304,-42.1219,1026.6111],[-71.7333,-42.1243,1172.8535],[-71.7474,-42.1294,1486.6146],[-71.7678,-42.1287,1523.1805],[-71.7768,-42.1301,1682.3943],[-71.7746,-42.1322,1685.1301],[-71.7744,-42.1368,1626.259],[-71.7787,-42.1388,1722.0338],[-71.7759,-42.1412,1710.9752],[-71.7763,-42.1439,1647.6932],[-71.7817,-42.1481,1561.6925],[-71.7902,-42.1493,1755.8915],[-71.8023,-42.1453,1740.465],[-71.8069,-42.147,1658.046],[-71.8092,-42.1513,1566.6047],[-71.8159,-42.1561,1651.5621],[-71.8273,-42.1592,2025.901],[-71.8327,-42.1624,2153.6345],[-71.8399,-42.1611,1963.201],[-71.8452,-42.1544,1993.7048],[-71.8489,-42.1545,1951.1445],[-71.8582,-42.1594,1865.6973],[-71.8654,-42.1561,1982.7104],[-71.8743,-42.1549,2116.1616],[-71.8802,-42.1619,1946.068],[-71.8794,-42.1666,2065.457],[-71.8912,-42.1767,1712.2727],[-71.8937,-42.1806,1714.5227],[-71.9042,-42.1824,1594.8027],[-71.9141,-42.1892,1035.845],[-71.9249,-42.1895,719.5333],[-71.9358,-42.1822,921.8058],[-71.9406,-42.1758,1244.4073],[-71.9412,-42.1726,1462.1865],[-71.9464,-42.1676,1563.8824],[-71.9528,-42.1652,1700.7574],[-71.9535,-42.1626,1711.4778],[-71.9504,-42.1583,1833.6519],[-71.9559,-42.1545,1784.23],[-71.9556,-42.1429,1913.832],[-71.9572,-42.1411,1949.8802],[-71.964,-42.1393,1965.011],[-71.9678,-42.1442,1806.2295],[-71.9713,-42.145,1842.6619],[-71.986,-42.1392,1857.8662],[-71.9925,-42.1412,1901.1061],[-72.0054,-42.1404,1899.8224],[-72.0097,-42.139,1907.3489],[-72.0139,-42.1326,2042.7346],[-72.0223,-42.1283,2037.2469],[-72.0274,-42.1227,2112.3062],[-72.034,-42.1222,2069.498],[-72.0392,-42.1264,2041.8823],[-72.0412,-42.1262,1911.9893],[-72.0536,-42.1142,2232.2612],[-72.0669,-42.1169,2414.7397],[-72.065,-42.1215,2400.3823],[-72.0689,-42.1245,2257.0876],[-72.0776,-42.1272,2193.3516],[-72.0804,-42.1306,2200.2141],[-72.0805,-42.1327,2209.4204],[-72.0656,-42.1373,2114.4175],[-72.0646,-42.139,2204.2144],[-72.0669,-42.1419,2221.6792],[-72.0673,-42.1474,2160.8972],[-72.0766,-42.146,2016.0266],[-72.0827,-42.143,1841.5479],[-72.0914,-42.1483,1895.9617],[-72.1011,-42.1471,1669.5491],[-72.1048,-42.1451,1708.6813],[-72.1136,-42.1476,2031.7993],[-72.1153,-42.1456,2045.011],[-72.122,-42.1547,2223.1099],[-72.1252,-42.1546,2109.9883],[-72.1404,-42.1474,1957.1951],[-72.1588,-42.1441,2203.7402],[-72.1622,-42.1406,2123.3086],[-72.1724,-42.1389,2055.6306],[-72.1756,-42.1427,2026.3162],[-72.1774,-42.1532,2070.5039],[-72.1793,-42.1559,2166.6167],[-72.1876,-42.1579,2126.1895],[-72.1882,-42.1601,2021.259],[-72.1857,-42.1634,1842.7617],[-72.1854,-42.1736,1670.5781],[-72.1829,-42.1784,1738.978],[-72.1569,-42.1939,1863.1729],[-72.1561,-42.2053,1864.1538],[-72.1632,-42.2095,1761.2764],[-72.1661,-42.2146,1776.6243],[-72.1655,-42.2195,1929.946],[-72.1584,-42.2279,2091.1636],[-72.1535,-42.2427,1597.0583],[-72.1684,-42.25,1789.0292],[-72.1679,-42.26,1864.3174],[-72.162,-42.2685,1852.7947],[-72.1547,-42.2723,1985.0319],[-72.154,-42.2779,1959.182],[-72.1487,-42.2808,1766.7039],[-72.1404,-42.2899,1967.9167],[-72.1394,-42.2951,2028.7017],[-72.1331,-42.3029,2075.9692],[-72.1351,-42.3048,1990.3904],[-72.1264,-42.3105,1760.7537],[-72.1214,-42.3233,2106.0139],[-72.1249,-42.3264,1798.7672],[-72.1354,-42.327,1791.152],[-72.137,-42.3287,1814.3027],[-72.1355,-42.3405,1946.5243],[-72.1365,-42.3472,1833.4585],[-72.1308,-42.3582,1929.3971],[-72.1336,-42.3627,1861.4883],[-72.1345,-42.3694,1843.4067],[-72.1281,-42.376,1896.2793],[-72.131,-42.3841,1724.8679],[-72.122,-42.389,1607.7084],[-72.1126,-42.3987,1934.5568],[-72.1028,-42.395,1750.7413],[-72.0885,-42.3955,1997.1072],[-72.0841,-42.3924,1699.1884],[-72.0795,-42.3843,2004.2312],[-72.0759,-42.3828,2017.5785],[-72.0645,-42.3937,1871.666],[-72.054,-42.3975,2198.9209],[-72.0409,-42.3989,2155.4692],[-72.0275,-42.408,2218.1216],[-72.0258,-42.411,2212.1909],[-72.0323,-42.4156,2072.8926],[-72.0346,-42.4204,2105.5598],[-72.0348,-42.4238,2014.397],[-72.0319,-42.4318,1890.2738],[-72.0401,-42.4456,2003.5922],[-72.0471,-42.4524,2006.5549],[-72.0329,-42.4566,1725.5854],[-72.0313,-42.4598,1800.1821],[-72.0313,-42.4666,1864.115],[-72.0192,-42.4808,2162.8865],[-72.0123,-42.4852,2262.8589],[-72.0105,-42.4884,2160.7314],[-72.0138,-42.4996,1943.115],[-72.0228,-42.5,1720.7981],[-72.0276,-42.5036,1484.2086],[-72.0286,-42.5152,1647.4523],[-72.0254,-42.5215,1726.8208],[-72.0261,-42.523,1580.5701],[-72.0325,-42.5246,1585.4967],[-72.0434,-42.5394,1914.8467],[-72.0539,-42.5457,1455.6948],[-72.0536,-42.5558,1484.6182],[-72.055,-42.5591,1496.2343],[-72.0524,-42.5655,1475.1497],[-72.0556,-42.5699,1416.776],[-72.0589,-42.572,1357.5497],[-72.0657,-42.5728,1272.4581],[-72.0736,-42.5666,1192.0492],[-72.0778,-42.5676,1189.7041],[-72.0844,-42.5765,1602.1261],[-72.0933,-42.5843,1865.7404],[-72.096,-42.5924,1678.2357],[-72.1013,-42.5954,1454.3416],[-72.1038,-42.6004,1319.3744],[-72.1168,-42.6026,1797.6791],[-72.1136,-42.6156,1794.3988],[-72.1184,-42.6289,1828.542],[-72.1142,-42.6313,1647.4806],[-72.1065,-42.6294,1496.3629],[-72.103,-42.6303,1375.9008],[-72.097,-42.642,1313.0693],[-72.1018,-42.6463,1198.269],[-72.1081,-42.6484,1193.8146],[-72.1097,-42.6531,1252.8226],[-72.1139,-42.658,1541.1992],[-72.117,-42.6582,1522.7983],[-72.1215,-42.6663,1254.0796],[-72.1222,-42.6718,1216.083],[-72.1305,-42.6725,1362.4834],[-72.1342,-42.6757,1619.9767],[-72.1361,-42.6803,1756.9839],[-72.1498,-42.6811,1416.1472],[-72.1534,-42.6781,1333.8811],[-72.1609,-42.6781,1334.4265],[-72.1714,-42.6712,1776.9175],[-72.1745,-42.6795,1397.9304],[-72.1738,-42.6837,1079.7344],[-72.1777,-42.6889,1412.5959],[-72.1763,-42.6936,1746.9968],[-72.1787,-42.6956,1781.8842],[-72.1736,-42.7016,1291.7615],[-72.1705,-42.7017,1264.806],[-72.1682,-42.704,1301.2073],[-72.1532,-42.7059,1334.1885],[-72.1493,-42.7089,1137.9912],[-72.1377,-42.7117,1065.0912],[-72.1402,-42.7182,1277.1249],[-72.139,-42.7233,1403.8986],[-72.1352,-42.7281,1528.0583],[-72.1287,-42.7314,1686.7601],[-72.1461,-42.7414,1582.0193],[-72.1451,-42.7467,1622.7289],[-72.135,-42.754,1210.5857],[-72.1344,-42.7651,1464.5643],[-72.1326,-42.7691,1431.3143],[-72.1334,-42.7725,1250.6168],[-72.131,-42.7768,1454.3737],[-72.1392,-42.782,1258.0078],[-72.1385,-42.7884,1184.8337],[-72.1411,-42.7938,1212.1503],[-72.1484,-42.7982,1491.4648],[-72.16,-42.7971,1404.9298],[-72.1651,-42.7987,1537.0239],[-72.1623,-42.8033,1489.2783],[-72.1621,-42.807,1468.5786],[-72.1562,-42.8143,1104.717],[-72.1559,-42.8179,1081.985],[-72.1599,-42.8233,1458.4526],[-72.158,-42.8275,1437.6776],[-72.1513,-42.8303,1283.598],[-72.1471,-42.8505,1546.0249],[-72.1351,-42.8517,1407.5557],[-72.1334,-42.855,1444.1073],[-72.1347,-42.8671,1419.5731],[-72.1194,-42.8757,1259.8738],[-72.12,-42.8822,1382.7729],[-72.1311,-42.8839,1385.2178],[-72.1357,-42.8865,1536.2799],[-72.1365,-42.8912,1722.9827],[-72.1415,-42.8935,1591.6888],[-72.1383,-42.8934,1732.4583],[-72.1422,-42.8973,1784.774],[-72.1421,-42.901,1813.921],[-72.1336,-42.9069,1646.613],[-72.1296,-42.9134,1671.1018],[-72.1144,-42.9228,1408.2073],[-72.1169,-42.9282,1202.6497],[-72.1169,-42.9367,1412.1738],[-72.107,-42.9377,1534.8033],[-72.1037,-42.9424,1447.1494],[-72.0998,-42.9415,1341.1827],[-72.0973,-42.9427,1342.3059],[-72.0944,-42.9457,1310.1782],[-72.0944,-42.9493,1293.9951],[-72.0889,-42.9529,1499.5404],[-72.0862,-42.9525,1517.7471],[-72.0839,-42.9479,1338.6072],[-72.0728,-42.9502,1517.4875],[-72.0719,-42.9555,1521.8066],[-72.0661,-42.9595,1823.835],[-72.0638,-42.9652,1813.8607],[-72.0603,-42.9678,1850.8719],[-72.0603,-42.9725,1874.8696],[-72.0558,-42.976,1982.2413],[-72.058,-42.9788,1930.4071],[-72.0572,-42.983,1905.6075],[-72.0505,-42.9849,1859.29],[-72.0455,-42.9888,1787.4288],[-72.039,-42.9912,1638.0833],[-72.0381,-43.0,1471.978],[-72.0412,-43.0027,1560.0905],[-72.0378,-43.0101,1603.1539],[-72.0326,-43.011,1464.3273],[-72.03,-43.0138,1352.8126],[-72.0208,-43.018,1479.8099],[-72.013,-43.0306,1681.2499],[-72.0075,-43.0324,1506.918],[-72.0033,-43.0371,1617.8566],[-71.9997,-43.0387,1664.8246],[-71.9908,-43.0351,1518.6157],[-71.9804,-43.0367,1487.4568],[-71.9802,-43.0419,1584.9296],[-71.9775,-43.0456,1874.095],[-71.9732,-43.046,1832.6387],[-71.9692,-43.0417,1801.9349],[-71.9635,-43.039,1687.7073],[-71.9563,-43.041,1655.1415],[-71.9436,-43.0471,1893.0688],[-71.9408,-43.0525,1518.5331],[-71.9353,-43.054,1476.2018],[-71.9344,-43.0636,1318.1221],[-71.9376,-43.0709,1197.8843],[-71.9341,-43.0747,1477.6692],[-71.9354,-43.0781,1648.8821],[-71.9342,-43.0802,1669.8436],[-71.943,-43.0925,1760.8596],[-71.9335,-43.098,1734.7959],[-71.933,-43.102,1789.3589],[-71.924,-43.1005,1687.2645],[-71.8926,-43.107,1695.5676],[-71.891,-43.1161,1488.6509],[-71.8891,-43.1182,1428.1693],[-71.8888,-43.1252,1120.8564],[-71.8873,-43.1264,1021.1833],[-71.8706,-43.1291,976.1597],[-71.8571,-43.1292,1655.5424],[-71.8538,-43.1274,1679.9819],[-71.8538,-43.1342,1642.765],[-71.8609,-43.14,1896.3435],[-71.8585,-43.1423,1818.3254],[-71.8466,-43.1416,1938.8955],[-71.8419,-43.1436,1967.4336],[-71.836,-43.1433,1809.0685],[-71.8333,-43.1467,1765.9915],[-71.8298,-43.1468,1833.2405],[-71.824,-43.1507,1847.4097],[-71.8161,-43.145,1713.3608],[-71.8116,-43.1473,1699.073],[-71.8061,-43.1536,1838.2946],[-71.7921,-43.1574,1365.6421],[-71.7885,-43.1605,1091.3522],[-71.7849,-43.169,962.66],[-71.777,-43.1649,752.8522],[-71.7712,-43.1682,651.4309],[-71.7635,-43.1639,559.3355],[-71.7604,-43.1648,371.1293],[-71.7545,-43.1766,332.9559],[-71.7449,-43.1783,567.1888],[-71.7393,-43.1826,721.088],[-71.7295,-43.1993,1602.5693],[-71.7299,-43.2022,1835.694],[-71.7325,-43.2038,1924.8296],[-71.7349,-43.2128,1812.1163],[-71.7402,-43.2206,1853.8351],[-71.745,-43.2238,1763.8083],[-71.7552,-43.2259,1916.9657],[-71.7571,-43.2282,1994.1145],[-71.7567,-43.2337,1880.4292],[-71.7548,-43.2358,1928.6099],[-71.7551,-43.2402,1803.1323],[-71.7512,-43.2424,1935.1505],[-71.7472,-43.2502,1973.517],[-71.748,-43.2569,1954.0854],[-71.7466,-43.2633,2020.7954],[-71.7478,-43.2651,2065.4045],[-71.7399,-43.2695,1875.8],[-71.7313,-43.2812,1733.3684],[-71.7312,-43.2831,1853.4885],[-71.7365,-43.2882,1662.4922],[-71.7331,-43.2973,1620.6635],[-71.7335,-43.3051,1548.335],[-71.7319,-43.3087,1765.3435],[-71.7343,-43.3126,1734.8411],[-71.7454,-43.3194,1523.1127],[-71.7536,-43.3183,1140.998],[-71.7617,-43.3136,1235.4362],[-71.7612,-43.3069,1352.0381],[-71.7661,-43.3009,1611.6921],[-71.7693,-43.2999,1577.657],[-71.7733,-43.301,1646.173],[-71.7756,-43.2983,1633.9459],[-71.7871,-43.2966,1598.9283],[-71.7988,-43.3015,1703.8706],[-71.8028,-43.3053,1891.5913],[-71.8014,-43.3118,1937.1913],[-71.8087,-43.3146,1611.6173],[-71.8103,-43.3196,1430.0928],[-71.8238,-43.3241,1080.8741],[-71.8393,-43.3342,1810.0579],[-71.85,-43.335,1799.9628],[-71.8529,-43.332,1634.0485],[-71.8662,-43.3322,1197.6199],[-71.8721,-43.3277,1452.3181],[-71.878,-43.3281,1669.8457],[-71.8909,-43.3244,1581.9618],[-71.8965,-43.3194,1788.4651],[-71.9055,-43.3221,1897.3438],[-71.9061,-43.3255,1968.7079],[-71.8958,-43.3386,1243.9299],[-71.9024,-43.3417,1294.6486],[-71.9028,-43.3438,1357.4127],[-71.8943,-43.3497,1659.6282],[-71.8938,-43.3528,1732.572],[-71.8901,-43.3571,1915.1615],[-71.8904,-43.3601,1844.4351],[-71.8958,-43.3649,1499.2856],[-71.8975,-43.3685,1373.6479],[-71.8909,-43.3815,1281.5322],[-71.8982,-43.3801,1218.2312],[-71.9038,-43.3808,1129.4736],[-71.908,-43.3857,1059.0483],[-71.9108,-43.3867,1076.9559],[-71.9215,-43.3842,1322.2291],[-71.9331,-43.3863,1460.1764],[-71.9302,-43.3893,1377.9808],[-71.931,-43.3957,1640.7552],[-71.9294,-43.3998,1691.0028],[-71.9234,-43.4077,1699.0984],[-71.9137,-43.4137,1946.8013],[-71.9133,-43.4167,1908.7133],[-71.918,-43.4195,1851.3309],[-71.9163,-43.4243,1674.4114],[-71.9215,-43.4269,1771.4609],[-71.9234,-43.4337,1378.2817],[-71.9286,-43.4381,1715.7386],[-71.9283,-43.4426,1741.6771],[-71.9338,-43.4473,1828.7866],[-71.9339,-43.4498,1905.8113],[-71.9304,-43.4535,1795.6145],[-71.9307,-43.4566,1889.4746],[-71.9248,-43.4591,1965.5762],[-71.9229,-43.4562,1788.4429],[-71.9197,-43.4556,1700.0204],[-71.9031,-43.456,1827.0857],[-71.8966,-43.4515,1538.4734],[-71.8907,-43.4501,1544.1436],[-71.8807,-43.4513,1764.7617],[-71.8783,-43.4636,1767.9636],[-71.8713,-43.4627,1720.6594],[-71.8663,-43.4648,1672.332],[-71.8637,-43.4696,1640.0305],[-71.8534,-43.4765,1547.1749],[-71.848,-43.4834,1138.5693],[-71.8514,-43.4882,970.5555],[-71.852,-43.4928,916.9034],[-71.8546,-43.4944,905.9908],[-71.8547,-43.5,904.2166],[-71.8723,-43.5,799.4155],[-71.8798,-43.5053,839.5642],[-71.8896,-43.508,861.8406],[-71.8913,-43.5104,865.8926],[-71.8902,-43.5129,931.3835],[-71.8814,-43.5129,1009.5515],[-71.8797,-43.5166,964.3956],[-71.8698,-43.5191,1093.0745],[-71.8685,-43.5229,1074.7687],[-71.8764,-43.5248,1090.2263],[-71.879,-43.5326,1062.5054],[-71.8739,-43.5432,1467.2211],[-71.877,-43.5485,1683.4097],[-71.8717,-43.5537,1726.542],[-71.8669,-43.5512,1732.1335],[-71.8531,-43.5508,1550.052],[-71.8456,-43.5481,1476.0724],[-71.8283,-43.5513,1568.1338],[-71.8187,-43.5464,1535.3805],[-71.809,-43.5452,1473.2045],[-71.8052,-43.5422,1366.3391],[-71.7943,-43.54,1354.0369],[-71.7887,-43.5405,1377.0784],[-71.7855,-43.5429,1407.733],[-71.7766,-43.5387,1383.9264],[-71.7708,-43.5513,674.5057],[-71.764,-43.5559,633.1561],[-71.7661,-43.5632,592.2984],[-71.7614,-43.5655,490.8117],[-71.7602,-43.5694,486.6415],[-71.7649,-43.575,394.2326],[-71.7648,-43.5769,373.2545],[-71.7598,-43.5839,658.3612],[-71.7571,-43.5831,590.3475],[-71.7535,-43.5852,422.8511],[-71.7411,-43.5855,257.3332],[-71.7328,-43.5796,321.0872],[-71.7212,-43.5777,327.0486],[-71.7184,-43.5789,325.7688],[-71.718,-43.5764,317.5564],[-71.7155,-43.5803,341.1308],[-71.7076,-43.5844,349.8839],[-71.7076,-43.5891,374.6953],[-71.7055,-43.5903,366.4025],[-71.7084,-43.5915,368.5324],[-71.7071,-43.5933,391.6529],[-71.7087,-43.5955,378.8909],[-71.7075,-43.6007,382.7194],[-71.7096,-43.6028,393.7133],[-71.7072,-43.604,404.1969],[-71.7075,-43.6073,402.6606],[-71.7023,-43.6148,419.5908],[-71.7032,-43.623,430.952],[-71.7015,-43.6236,432.2191],[-71.703,-43.6255,444.3893],[-71.6986,-43.6246,455.4727],[-71.6911,-43.6269,465.4066],[-71.6793,-43.6242,569.9484],[-71.674,-43.6253,595.1698],[-71.658,-43.621,665.0654],[-71.6416,-43.6214,713.2356],[-71.6375,-43.6233,748.0867],[-71.6268,-43.6238,770.67],[-71.6224,-43.6264,823.151],[-71.6078,-43.6289,811.0325],[-71.6019,-43.633,838.3531],[-71.5967,-43.634,826.7112],[-71.5941,-43.6371,838.5372],[-71.5909,-43.638,837.3481],[-71.5889,-43.6439,868.5092],[-71.5812,-43.6518,868.4991],[-71.5823,-43.6574,888.736],[-71.581,-43.6595,884.7897],[-71.5854,-43.6644,898.9422],[-71.5862,-43.6715,924.8267],[-71.5883,-43.6754,954.7842],[-71.5963,-43.6767,1226.3826],[-71.612,-43.676,1631.7029],[-71.6098,-43.6833,1642.7599],[-71.602,-43.6875,1660.7965],[-71.5998,-43.6974,1684.5017],[-71.6065,-43.7007,1450.4326],[-71.6135,-43.7014,1515.2744],[-71.6306,-43.6992,1737.8896],[-71.6315,-43.7008,1722.7803],[-71.6303,-43.7061,1699.9601],[-71.632,-43.7087,1830.782],[-71.6363,-43.7042,1626.6333],[-71.6447,-43.7032,1602.7344],[-71.6475,-43.7011,1599.1073],[-71.6566,-43.7007,1625.0923],[-71.6616,-43.7034,1733.4792],[-71.6611,-43.7065,1638.6562],[-71.6629,-43.7104,1692.9214],[-71.661,-43.7114,1650.8676],[-71.6598,-43.7174,1609.8055],[-71.6624,-43.7214,1516.8464],[-71.6686,-43.7234,1493.5559],[-71.6835,-43.7218,1000.9082],[-71.6979,-43.7273,924.7467],[-71.7019,-43.738,742.4019],[-71.73,-43.7628,1690.7693],[-71.7341,-43.7698,1722.8],[-71.7359,-43.7785,1782.8698],[-71.7445,-43.7811,1787.8911],[-71.754,-43.7885,1622.4849],[-71.7506,-43.793,1609.7263],[-71.7496,-43.8089,1699.8646],[-71.7566,-43.8146,1355.75],[-71.7521,-43.8215,1471.2371],[-71.7594,-43.8231,1596.512],[-71.759,-43.8304,1654.1045],[-71.7606,-43.835,1588.7107],[-71.7631,-43.836,1609.1273],[-71.7637,-43.8408,1592.0801],[-71.7587,-43.8451,1681.4478],[-71.7405,-43.8513,1685.7878],[-71.7322,-43.8598,1578.3488],[-71.7177,-43.8546,1171.8823],[-71.7082,-43.8549,1542.3986],[-71.7102,-43.8612,1402.963],[-71.7049,-43.8675,1700.918],[-71.706,-43.8723,1730.5524],[-71.7034,-43.8777,1729.0192],[-71.7072,-43.8811,1680.8027],[-71.7057,-43.8845,1724.0687],[-71.708,-43.8883,1673.8806],[-71.7063,-43.8908,1721.0433],[-71.7069,-43.8946,1669.1128],[-71.6984,-43.8958,1758.8926],[-71.6963,-43.8983,1682.7782],[-71.6964,-43.9022,1732.1958],[-71.6938,-43.904,1810.3623],[-71.6761,-43.905,1839.5143],[-71.6701,-43.9019,1740.7994],[-71.6655,-43.9022,1803.5613],[-71.656,-43.9145,1394.5847],[-71.6511,-43.9177,1202.65],[-71.6487,-43.9456,922.5],[-71.6496,-43.9476,971.9609],[-71.6557,-43.951,1076.0928],[-71.6607,-43.9594,1410.7279],[-71.6616,-43.9639,1621.5114],[-71.6729,-43.97,1859.356],[-71.6736,-43.9719,1897.605],[-71.6803,-43.9716,1833.3385],[-71.6825,-43.9753,1877.1478],[-71.6822,-43.98,1988.1003],[-71.6851,-43.9884,1793.0435],[-71.6964,-44.0016,1700.132],[-71.6968,-44.0064,1700.1044],[-71.7159,-44.0251,1650.3546],[-71.7171,-44.0314,1713.2168],[-71.7148,-44.0342,1746.2341],[-71.7146,-44.0373,1662.9478],[-71.7204,-44.0414,1713.4856],[-71.7217,-44.0497,1721.0748],[-71.726,-44.0516,1700.6448],[-71.7321,-44.0624,1569.6294],[-71.7359,-44.0646,1458.2249],[-71.7366,-44.0727,1504.7305],[-71.7473,-44.0772,1627.4646],[-71.7464,-44.0842,1718.5181],[-71.7484,-44.0904,1717.3497],[-71.7637,-44.1021,1560.8778],[-71.7674,-44.1072,1745.6704],[-71.7727,-44.1079,1670.293],[-71.7801,-44.1118,1612.033],[-71.8011,-44.1115,838.4009],[-71.8179,-44.1157,1251.2197],[-71.8279,-44.112,1485.6865],[-71.8343,-44.107,1500.6909],[-71.8469,-44.1104,1600.0096],[-71.8495,-44.1149,1531.3645],[-71.849,-44.1221,1522.3531],[-71.8518,-44.13,1543.3413],[-71.8429,-44.1391,1715.9862],[-71.8407,-44.1453,1697.6318],[-71.8416,-44.1498,1630.4767],[-71.8473,-44.156,1623.9855],[-71.8452,-44.1608,1550.1019],[-71.8414,-44.1639,1505.3845],[-71.835,-44.163,1430.8359],[-71.8262,-44.1669,1338.5138],[-71.8259,-44.169,1335.8781],[-71.8183,-44.1762,1219.7177],[-71.8167,-44.1819,846.0502],[-71.8108,-44.1869,768.7166],[-71.7978,-44.1929,492.4535],[-71.8012,-44.1985,361.1446],[-71.7968,-44.2086,548.1935],[-71.8,-44.2121,548.2045],[-71.7984,-44.2131,554.2992],[-71.7991,-44.2155,581.8708],[-71.7934,-44.2144,508.5033],[-71.7858,-44.2154,675.1183],[-71.7817,-44.213,693.2949],[-71.7802,-44.2171,662.2142],[-71.7819,-44.2208,584.6995],[-71.7795,-44.2239,672.4869],[-71.785,-44.2237,589.5623],[-71.787,-44.2221,552.8988],[-71.7909,-44.2248,540.6929],[-71.7996,-44.2254,515.0049],[-71.8075,-44.2283,606.6963],[-71.8081,-44.2297,603.8585],[-71.8041,-44.2319,634.8219],[-71.8129,-44.2383,632.4333],[-71.8054,-44.2428,510.5782],[-71.8058,-44.2473,515.3345],[-71.8132,-44.2505,529.1293],[-71.8086,-44.2549,537.5144],[-71.806,-44.2552,577.8714],[-71.8063,-44.2583,540.207],[-71.8119,-44.2613,638.5186],[-71.8175,-44.2589,583.3812],[-71.8276,-44.2597,634.8875],[-71.8266,-44.264,553.2814],[-71.8314,-44.266,606.5038],[-71.8202,-44.2685,570.497],[-71.8064,-44.2689,851.5145],[-71.8031,-44.2719,1053.3455],[-71.8077,-44.2736,1055.5605],[-71.808,-44.2758,1049.4474],[-71.8049,-44.2764,1077.2794],[-71.8042,-44.2804,1269.5806],[-71.807,-44.2819,1293.066],[-71.8083,-44.2897,1449.5045],[-71.8042,-44.2915,1497.6251],[-71.7988,-44.3022,1548.0221],[-71.7923,-44.3079,1500.1913],[-71.792,-44.3217,938.3554],[-71.7861,-44.331,1347.0272],[-71.7934,-44.3352,1442.9336],[-71.7972,-44.3396,1386.3384],[-71.8018,-44.3408,1430.5315],[-71.8126,-44.3391,1588.8767],[-71.8187,-44.3466,1423.2947],[-71.8236,-44.3454,1471.7643],[-71.8293,-44.3485,1414.8392],[-71.8351,-44.3473,1497.5957],[-71.8401,-44.3508,1584.6599],[-71.8356,-44.3571,1336.4025],[-71.8359,-44.3588,1336.1471],[-71.8283,-44.3634,1428.1078],[-71.834,-44.3671,1615.7588],[-71.835,-44.3697,1560.897],[-71.8305,-44.3719,1597.0115],[-71.8228,-44.3728,1629.9706],[-71.8177,-44.3776,1594.2124],[-71.8177,-44.3801,1510.0754],[-71.8229,-44.3836,1500.4056],[-71.82,-44.3863,1412.6542],[-71.8213,-44.3919,1354.2151],[-71.8129,-44.3936,1311.6073],[-71.8062,-44.398,1228.6978],[-71.8064,-44.4046,1386.465],[-71.8133,-44.41,1524.5671],[-71.813,-44.4149,1613.635],[-71.8151,-44.4161,1630.1586],[-71.8134,-44.418,1621.8944],[-71.8024,-44.4205,1509.5693],[-71.797,-44.4158,1664.4108],[-71.7939,-44.4145,1661.8223],[-71.7891,-44.4154,1673.0819],[-71.7834,-44.4112,1665.8168],[-71.7737,-44.4086,1694.4127],[-71.7674,-44.4106,1768.4105],[-71.7656,-44.4053,1717.8506],[-71.7503,-44.399,1712.7734],[-71.7471,-44.3986,1742.2705],[-71.7455,-44.401,1675.6949],[-71.7407,-44.4022,1784.373],[-71.72,-44.3913,1626.3081],[-71.7172,-44.3819,1616.6406],[-71.7145,-44.381,1679.225],[-71.6962,-44.3831,1727.9834],[-71.6951,-44.3847,1695.449],[-71.6975,-44.3901,1661.2682],[-71.6936,-44.3975,1639.1464],[-71.6799,-44.402,1655.8529],[-71.6783,-44.4044,1672.6603],[-71.673,-44.4055,1664.7498],[-71.6694,-44.4094,1622.1865],[-71.6611,-44.4073,1795.967],[-71.6549,-44.4093,1993.8571],[-71.6471,-44.4043,2020.9325],[-71.6425,-44.4039,2063.0735],[-71.6401,-44.3991,1903.6001],[-71.6381,-44.3982,1886.8688],[-71.6307,-44.4,1738.5723],[-71.6184,-44.3983,1685.199],[-71.6124,-44.4017,1575.6621],[-71.5908,-44.3982,992.4055],[-71.5842,-44.4044,962.0608],[-71.5754,-44.4051,941.5472],[-71.5675,-44.4078,936.5013],[-71.5517,-44.4089,945.3041],[-71.5394,-44.4069,914.8383],[-71.5331,-44.4016,926.3597],[-71.524,-44.3969,901.2867],[-71.5123,-44.3943,886.4812],[-71.5085,-44.3941,874.8622],[-71.4991,-44.3981,927.267],[-71.4865,-44.4,953.0988],[-71.4839,-44.3964,965.7112],[-71.4711,-44.3928,1000.0273],[-71.4673,-44.3888,1014.0829],[-71.447,-44.3968,1001.2369],[-71.4296,-44.3918,1200.8818],[-71.4268,-44.3924,1311.0457],[-71.421,-44.3884,1318.9517],[-71.4136,-44.3888,1312.084],[-71.4094,-44.3925,1314.2745],[-71.3861,-44.3855,1307.9535],[-71.3765,-44.3916,1283.9834],[-71.3679,-44.3904,1287.7617],[-71.3666,-44.3916,1283.5112],[-71.368,-44.3946,1262.1053],[-71.3663,-44.3969,1255.1332],[-71.3526,-44.4031,1288.4122],[-71.3568,-44.4063,1257.9995],[-71.3571,-44.4097,1250.7656],[-71.3486,-44.4245,1320.7791],[-71.3444,-44.4195,1270.9143],[-71.3373,-44.4186,1265.7223],[-71.3327,-44.4204,1272.5062],[-71.3311,-44.4239,1213.5652],[-71.3262,-44.4268,1154.0289],[-71.3122,-44.4303,1151.8126],[-71.3085,-44.4243,1175.8127],[-71.2946,-44.4231,1136.1487],[-71.2679,-44.4238,1110.5166],[-71.2545,-44.418,1093.2601],[-71.2468,-44.4175,1082.8955],[-71.241,-44.4184,1074.5071],[-71.2359,-44.4215,1055.6865],[-71.2336,-44.4279,1015.291],[-71.2279,-44.4333,1000.8049],[-71.2223,-44.4362,995.6375],[-71.2182,-44.4368,989.8063],[-71.2104,-44.4336,988.1975],[-71.1979,-44.436,979.5703],[-71.1861,-44.4407,968.0314],[-71.1764,-44.4388,963.8787],[-71.1717,-44.4397,958.5262],[-71.1582,-44.4558,940.8429],[-71.1458,-44.4625,939.8306],[-71.1429,-44.4665,935.7961],[-71.1289,-44.4711,976.834],[-71.1391,-44.479,988.5821],[-71.1484,-44.4833,986.6243],[-71.1489,-44.4863,1024.3741],[-71.154,-44.4889,1044.0522],[-71.1559,-44.4923,1063.5894],[-71.1596,-44.4945,1114.5649],[-71.1617,-44.4992,1107.1833],[-71.1582,-44.5019,1102.6586],[-71.1438,-44.5067,1010.4677],[-71.1292,-44.5066,1014.6828],[-71.1227,-44.5137,1024.793],[-71.112799999999993,-44.5156,1013.4149],[-71.1069,-44.5227,1000.8685],[-71.0957,-44.5287,976.159],[-71.0913,-44.5341,960.9286],[-71.095,-44.5392,949.8896],[-71.0953,-44.5468,936.4196],[-71.1034,-44.5531,918.3052],[-71.0987,-44.5593,939.7597],[-71.1021,-44.5641,922.621],[-71.0979,-44.5707,930.2784],[-71.1058,-44.5756,924.5463],[-71.1047,-44.5796,926.1394],[-71.0959,-44.5861,927.9796],[-71.103,-44.5904,940.2026],[-71.1097,-44.5892,918.6842],[-71.1111,-44.593,926.4535],[-71.1141,-44.5951,943.4283],[-71.1208,-44.5966,1057.6145],[-71.1251,-44.5944,982.1462],[-71.1329,-44.5969,1009.5481],[-71.1479,-44.5909,1013.9543],[-71.1646,-44.5925,1101.8623],[-71.1725,-44.5981,986.0472],[-71.1782,-44.599,990.0701],[-71.1859,-44.5938,1090.2556],[-71.2008,-44.5916,1055.3015],[-71.1999,-44.5971,986.6281],[-71.1949,-44.5999,995.3162],[-71.1993,-44.6036,1020.0979],[-71.1995,-44.6072,1056.7955],[-71.2041,-44.6116,1023.0423],[-71.2084,-44.6151,1089.7454],[-71.2156,-44.6178,1028.6289],[-71.2148,-44.6225,1027.427],[-71.2086,-44.6246,1074.2217],[-71.2149,-44.6272,1051.3995],[-71.214,-44.6335,1081.0032],[-71.2165,-44.6353,1074.069],[-71.2242,-44.6364,1062.8542],[-71.2287,-44.6404,1050.8092],[-71.2325,-44.6387,1052.0669],[-71.2355,-44.6409,1056.6371],[-71.2317,-44.6444,1038.4235],[-71.2344,-44.6519,1035.0265],[-71.2275,-44.6579,1084.4603],[-71.2268,-44.6626,1200.5813],[-71.217,-44.6662,1200.283],[-71.2189,-44.6702,1204.8944],[-71.2167,-44.6757,1260.7769],[-71.2015,-44.678,1414.7031],[-71.1942,-44.6855,1445.9956],[-71.2096,-44.6983,1486.3617],[-71.21,-44.704,1481.7435],[-71.2142,-44.7108,1572.7446],[-71.2141,-44.7149,1603.6431],[-71.2045,-44.7163,1653.1189],[-71.2019,-44.7211,1597.4272],[-71.2015,-44.7302,1582.6606],[-71.204,-44.7338,1658.4609],[-71.2015,-44.7377,1668.1216],[-71.2083,-44.7441,1764.191],[-71.2053,-44.7484,1747.7576],[-71.2054,-44.7508,1726.8553],[-71.2236,-44.7632,1849.6528],[-71.2386,-44.7691,1825.8116],[-71.2423,-44.7777,1697.8992],[-71.2534,-44.7871,1555.3318],[-71.2472,-44.7986,1695.6498],[-71.2533,-44.8019,1673.1166],[-71.2614,-44.8025,1718.7638],[-71.2619,-44.8052,1663.4078],[-71.2663,-44.8074,1672.1163],[-71.2765,-44.81,1697.6567],[-71.2886,-44.8094,1739.4901],[-71.2927,-44.8139,1763.1954],[-71.3045,-44.807,1687.7308],[-71.318,-44.8067,1732.6022],[-71.3272,-44.8087,1765.1382],[-71.3344,-44.8016,1740.0671],[-71.3483,-44.7938,1938.0469],[-71.3588,-44.7941,1881.7],[-71.3658,-44.7921,1868.8752],[-71.3687,-44.7958,1872.5017],[-71.373,-44.7964,1927.7936],[-71.3825,-44.7922,1975.6232],[-71.3948,-44.7907,1845.7177],[-71.4078,-44.7789,1992.056],[-71.4159,-44.7762,1918.3774],[-71.4225,-44.7687,1908.7062],[-71.4277,-44.7678,1918.5359],[-71.4336,-44.7565,1733.7358],[-71.4407,-44.7537,1730.9985],[-71.4529,-44.7528,1779.2512],[-71.4527,-44.7506,1760.4551],[-71.4556,-44.7482,1759.9694],[-71.4665,-44.7467,1808.9528],[-71.4632,-44.7431,1806.313],[-71.471,-44.7377,1793.8406],[-71.4965,-44.7377,1751.0605],[-71.5014,-44.7412,1793.4374],[-71.5146,-44.7428,1709.3806],[-71.5213,-44.7456,1717.2771],[-71.5257,-44.7432,1661.1698],[-71.5333,-44.743899999999996,1659.8799],[-71.5424,-44.748,1624.0886],[-71.5456,-44.7529,1588.3699],[-71.5616,-44.7554,1523.1416],[-71.5679,-44.7595,1611.3079],[-71.5767,-44.7535,1542.683],[-71.5823,-44.7526,1483.0542],[-71.5931,-44.7641,1408.4414],[-71.5974,-44.763,1397.3906],[-71.5998,-44.7643,1394.8911],[-71.5983,-44.7665,1385.5818],[-71.5993,-44.77,1383.2001],[-71.5923,-44.774,1416.364],[-71.595,-44.7803,1441.5093],[-71.6178,-44.7772,1404.3579],[-71.6259,-44.7798,1418.7933],[-71.6325,-44.7783,1441.8405],[-71.6384,-44.7796,1441.301],[-71.6428,-44.7826,1479.3422],[-71.6499,-44.7829,1471.6788],[-71.6557,-44.7866,1515.2648],[-71.6628,-44.7876,1552.6447],[-71.6713,-44.7874,1556.8743],[-71.6749,-44.7804,1412.359],[-71.6739,-44.7741,1324.5569],[-71.6754,-44.7707,1276.9237],[-71.6901,-44.764,1165.4814],[-71.7042,-44.7696,1189.1382],[-71.7187,-44.767,1266.1487],[-71.7354,-44.7688,1412.228],[-71.7465,-44.7619,1500.8206],[-71.764,-44.7631,1628.9336],[-71.7694,-44.757,1663.6711],[-71.7846,-44.7515,1641.7688],[-71.7926,-44.7535,1743.3783],[-71.8002,-44.759,1416.825],[-71.809,-44.762,1217.8588],[-71.8191,-44.7713,1166.5865],[-71.8246,-44.7738,1122.0588],[-71.8259,-44.7771,1209.5958],[-71.8234,-44.7814,1299.4828],[-71.8099,-44.7869,1592.6267],[-71.8157,-44.7941,1720.5841],[-71.8319,-44.7923,1586.7155],[-71.844,-44.7968,1651.0051],[-71.8488,-44.801,1668.068],[-71.8562,-44.802,1827.089],[-71.8591,-44.7996,1767.5142],[-71.867,-44.7988,1456.5052],[-71.8733,-44.7952,1579.9504],[-71.8802,-44.7944,1497.1005],[-71.8843,-44.7967,1656.1453],[-71.8875,-44.7948,1595.1187],[-71.8902,-44.7888,1693.8436],[-71.8942,-44.7853,1809.811],[-71.904,-44.783,1462.8719],[-71.9143,-44.7769,1718.4198],[-71.9235,-44.7785,1678.3799],[-71.9262,-44.7808,1667.2495],[-71.9212,-44.7869,1633.7007],[-71.922,-44.789,1648.0298],[-71.9254,-44.7906,1636.7424],[-71.9269,-44.7948,1568.218],[-71.9239,-44.7988,1621.2791],[-71.9302,-44.8033,1647.8949],[-71.9437,-44.7955,1199.6292],[-71.9461,-44.7908,1114.8727],[-71.9587,-44.7856,1355.7117],[-71.9702,-44.7859,1532.9797],[-71.9832,-44.7809,1415.9185],[-71.9869,-44.7815,1435.3726],[-71.997,-44.7875,1628.3083],[-72.0057,-44.7847,1528.6084],[-72.0054,-44.7802,1544.5505],[-72.0094,-44.7747,1578.9507],[-72.0177,-44.7708,1286.0015],[-72.0136,-44.764,1374.6096],[-72.0164,-44.7582,1404.424],[-72.0234,-44.758,1361.8278],[-72.0268,-44.7641,1253.6925],[-72.0311,-44.7667,1135.2069],[-72.0342,-44.766,1104.5057],[-72.0432,-44.7589,1268.8457],[-72.0482,-44.7595,1441.0669],[-72.0519,-44.7574,1426.5337],[-72.0641,-44.7574,1680.6075],[-72.0661,-44.7589,1649.8872],[-72.0636,-44.7728,1397.1091],[-72.0656,-44.7776,1353.1652],[-72.073,-44.7817,1618.8099],[-72.069,-44.7848,1514.3809],[-72.0681,-44.7878,1442.8429],[-72.0584,-44.7934,1351.8638],[-72.0518,-44.794,1326.8865],[-72.0489,-44.796,1304.4248],[-72.0429,-44.796,1342.5522],[-72.0333,-44.8009,1051.4963],[-72.027,-44.8061,1012.5814],[-72.0367,-44.8093,1027.2048],[-72.0373,-44.8155,1035.2896],[-72.0416,-44.8181,1041.3022],[-72.0414,-44.8213,1082.1454],[-72.0458,-44.8239,1119.0013],[-72.0504,-44.8313,1317.7822],[-72.0483,-44.8353,1477.822],[-72.0582,-44.8393,1469.1948],[-72.0612,-44.8446,1177.7191],[-72.0672,-44.8503,1127.9858],[-72.0601,-44.8514,1045.0944],[-72.0509,-44.857,1070.2975],[-72.0398,-44.8597,1315.0901],[-72.0361,-44.8627,1470.3007],[-72.0371,-44.8643,1548.3075],[-72.0526,-44.8694,1673.6196],[-72.0658,-44.8761,1552.8849],[-72.0648,-44.8777,1615.6838],[-72.05,-44.8822,1705.3975],[-72.0442,-44.8906,1678.521],[-72.0443,-44.8941,1707.3865],[-72.0404,-44.902,1773.7544],[-72.0316,-44.9047,1909.2385],[-72.0289,-44.9007,2002.3573],[-72.0261,-44.9005,1946.9178],[-72.0217,-44.8969,1828.1984],[-72.0027,-44.8994,1488.5046],[-71.9985,-44.8984,1488.219],[-71.9957,-44.9005,1596.9536],[-71.9861,-44.9013,1663.1222],[-71.9781,-44.9039,1930.7365],[-71.9798,-44.9063,1804.7354],[-71.9772,-44.9127,1970.5829],[-71.9792,-44.9154,2025.8816],[-71.9776,-44.9195,1818.4314],[-71.9732,-44.9216,1894.0922],[-71.947,-44.9213,1536.2668],[-71.942,-44.9303,1754.5632],[-71.9347,-44.9334,1927.7949],[-71.9357,-44.9367,1916.4731],[-71.9338,-44.9427,1961.6078],[-71.9275,-44.9454,1846.8958],[-71.9217,-44.9442,1616.4431],[-71.9102,-44.9478,1024.6671],[-71.9015,-44.9469,1046.0278],[-71.8952,-44.949,1130.3975],[-71.8918,-44.9482,1071.0093],[-71.8871,-44.9504,1126.0906],[-71.8858,-44.946,1159.8148],[-71.8824,-44.9454,1158.5577],[-71.8814,-44.9466,1150.9172],[-71.8839,-44.951,1142.7064],[-71.882,-44.9555,1176.1427],[-71.8835,-44.9576,1187.701],[-71.8794,-44.9595,1146.6959],[-71.8762,-44.9585,1133.5348],[-71.8729,-44.9535,1114.0021],[-71.8632,-44.9469,1265.3759],[-71.8521,-44.9307,1686.7177],[-71.8303,-44.9267,1929.5596],[-71.8153,-44.9197,1673.7209],[-71.8071,-44.9243,1581.8241],[-71.8078,-44.9295,1372.3883],[-71.806,-44.9317,1346.6044],[-71.7971,-44.9303,1567.9583],[-71.7921,-44.9335,1669.6165],[-71.7886,-44.9334,1707.3583],[-71.7807,-44.9432,1749.0658],[-71.7743,-44.9408,1842.9207],[-71.7632,-44.9281,1825.4086],[-71.7543,-44.927,1833.05],[-71.747,-44.9435,1666.4502],[-71.7445,-44.955,1681.7865],[-71.7415,-44.9589,1677.9502],[-71.735,-44.9557,1635.5398],[-71.7065,-44.9561,1613.8715],[-71.6963,-44.9599,1586.5573],[-71.6838,-44.9688,1566.7488],[-71.6709,-44.9706,1547.3051],[-71.6572,-44.9756,1498.3073],[-71.6375,-44.9697,1521.8524],[-71.6342,-44.97,1520.5479],[-71.627,-44.9747,1508.7985],[-71.6211,-44.9751,1521.8691],[-71.6103,-44.9734,1535.1937],[-71.6031,-44.9703,1551.6511],[-71.5988,-44.9719,1561.4921],[-71.5925,-44.9774,1510.3972],[-71.5796,-44.9805,1475.0579],[-71.5599,-44.9779,1821.4386],[-71.559,-44.9871,1651.3112],[-71.5552,-44.9927,1597.467],[-71.5522,-44.9954,1602.6731],[-71.5418,-44.9982,1744.5034],[-71.5406,-45.0,1734.38],[-71.5421,-45.0024,1713.6432],[-71.5518,-45.0077,1712.7853],[-71.5521,-45.0098,1638.7772],[-71.5474,-45.0159,1562.7205],[-71.5536,-45.0213,1376.8994],[-71.558,-45.0304,1344.7527],[-71.5475,-45.0338,1337.7922],[-71.5396,-45.0408,1326.7148],[-71.5297,-45.0467,1321.0948],[-71.5231,-45.0543,1303.7183],[-71.5215,-45.0587,1296.2534],[-71.5131,-45.0606,1302.0237],[-71.509,-45.0642,1314.8186],[-71.5053,-45.0716,1318.4346],[-71.5059,-45.0856,1325.0809],[-71.5109,-45.0949,1252.2678],[-71.5172,-45.1004,1296.1656],[-71.5267,-45.1034,1369.2272],[-71.5029,-45.1028,1262.2393],[-71.4987,-45.106,1248.0345],[-71.4918,-45.1079,1229.197],[-71.4905,-45.1126,1208.4813],[-71.4861,-45.1173,1176.699],[-71.4851,-45.1215,1135.1365],[-71.4822,-45.1251,1076.0118],[-71.4791,-45.1341,1029.6174],[-71.4797,-45.1371,1015.9143],[-71.4854,-45.1433,979.1405],[-71.4803,-45.14,992.4677],[-71.4754,-45.1399,992.424],[-71.4704,-45.144,973.7561],[-71.4703,-45.1483,964.7957],[-71.4655,-45.15,956.8271],[-71.4454,-45.1523,953.9839],[-71.4438,-45.1529,947.5312],[-71.4435,-45.1556,938.6559],[-71.4407,-45.1569,934.2859],[-71.4328,-45.1561,935.6098],[-71.4175,-45.1579,937.9155],[-71.4264,-45.1625,923.6064],[-71.419,-45.166,917.616],[-71.4206,-45.1694,922.068],[-71.4252,-45.1717,915.0408],[-71.4196,-45.1724,912.7541],[-71.4185,-45.176,911.0854],[-71.4065,-45.1806,920.5222],[-71.4051,-45.1847,922.4349],[-71.4073,-45.189,919.7844],[-71.4008,-45.1909,912.2141],[-71.3988,-45.1966,905.151],[-71.3924,-45.2011,896.1321],[-71.3834,-45.2035,891.778],[-71.3785,-45.2065,883.4162],[-71.3754,-45.2117,877.5781],[-71.3758,-45.2136,875.5637],[-71.3715,-45.2174,874.7299],[-71.3729,-45.2192,877.1014],[-71.3702,-45.2247,878.2993],[-71.3586,-45.2262,875.4034],[-71.349,-45.2299,866.9317],[-71.3421,-45.2352,860.6239],[-71.3377,-45.2361,856.564],[-71.3332,-45.2413,850.8737],[-71.3386,-45.25,841.2845],[-71.332,-45.2493,848.9088],[-71.3311,-45.2511,847.6795],[-71.3358,-45.2527,841.3174],[-71.3359,-45.2555,838.4647],[-71.3444,-45.2646,836.963],[-71.3497,-45.2654,825.0479],[-71.3506,-45.2668,828.5581],[-71.3476,-45.272,834.1273],[-71.3393,-45.2732,833.4648],[-71.3381,-45.278,837.7241],[-71.3297,-45.2781,837.5967],[-71.3263,-45.2818,841.118],[-71.3266,-45.2854,842.6066],[-71.3199,-45.2929,848.6129],[-71.3247,-45.3061,855.9119],[-71.3307,-45.3117,839.5386],[-71.335,-45.3133,849.887],[-71.3333,-45.3192,846.5944],[-71.3363,-45.322,845.3988],[-71.3481,-45.3265,843.6448],[-71.3493,-45.3318,846.951],[-71.3669,-45.3352,852.4186],[-71.3721,-45.3385,856.6763],[-71.3709,-45.3433,864.4651],[-71.3844,-45.3494,881.0339],[-71.4019,-45.3533,899.9183],[-71.4131,-45.3531,911.4878],[-71.438,-45.3608,939.9109],[-71.4432,-45.3654,948.0157],[-71.4472,-45.3663,962.2655],[-71.449,-45.3683,962.2118],[-71.4393,-45.3719,960.9619],[-71.4443,-45.3764,972.255],[-71.4372,-45.3901,1098.8351],[-71.4383,-45.3958,1117.1967],[-71.4441,-45.391,1060.9612],[-71.4595,-45.384,926.0184],[-71.4701,-45.3882,826.1169],[-71.4813,-45.386,785.6174],[-71.5021,-45.3863,765.1289],[-71.5109,-45.3891,780.7228],[-71.5219,-45.3896,872.5945],[-71.5278,-45.3917,927.2209],[-71.5295,-45.3941,946.2059],[-71.5321,-45.4006,1004.8183],[-71.5307,-45.4063,1037.1116],[-71.5318,-45.4096,1041.4532],[-71.5237,-45.4167,993.4095],[-71.5238,-45.4217,984.5532],[-71.5205,-45.4258,1029.7827],[-71.5307,-45.4299,1008.8465],[-71.5345,-45.4329,1036.5513],[-71.5279,-45.4387,994.667],[-71.5169,-45.4394,964.6774],[-71.5125,-45.4428,947.4885],[-71.508,-45.45,942.7173],[-71.5074,-45.4536,1063.7225],[-71.5016,-45.4551,1118.5079],[-71.5026,-45.4568,1097.0798],[-71.5079,-45.4578,1066.7231],[-71.5091,-45.4606,1078.3564],[-71.498,-45.4669,937.1656],[-71.4948,-45.4712,919.0183],[-71.4835,-45.4702,889.7974],[-71.4771,-45.4739,857.9556],[-71.475,-45.4784,855.2314],[-71.4696,-45.4804,898.3674],[-71.4743,-45.4832,884.1561],[-71.4757,-45.486,834.3354],[-71.4739,-45.4885,824.1176],[-71.4694,-45.4893,819.523],[-71.4672,-45.4917,835.6167],[-71.47,-45.4952,813.5075],[-71.5008,-45.5023,1064.6333],[-71.5104,-45.5084,901.9028],[-71.5233,-45.5093,839.1859],[-71.5344,-45.514,819.9078],[-71.5425,-45.5151,772.6389],[-71.5442,-45.5209,792.243],[-71.5513,-45.5197,785.0717],[-71.5543,-45.5225,785.9236],[-71.5598,-45.5234,794.6258],[-71.5761,-45.5191,796.7922],[-71.5838,-45.5217,803.0183],[-71.5923,-45.5199,802.1072],[-71.6048,-45.5224,807.5375],[-71.6125,-45.5202,806.8535],[-71.6119,-45.514,812.4016],[-71.6189,-45.5131,815.8106],[-71.6231,-45.5108,851.6919],[-71.6384,-45.5121,858.1768],[-71.6436,-45.5142,809.9194],[-71.6435,-45.5169,823.7888],[-71.645,-45.5178,823.7888],[-71.6664,-45.5175,790.8227],[-71.6726,-45.5141,911.7175],[-71.6791,-45.515,914.0853],[-71.6822,-45.5131,905.4625],[-71.6859,-45.5182,869.0219],[-71.6909,-45.5208,891.9326],[-71.6818,-45.526,781.4549],[-71.6835,-45.5282,757.8958],[-71.6942,-45.5338,711.4471],[-71.6999,-45.5339,738.2474],[-71.7056,-45.5367,746.7065],[-71.7232,-45.5352,860.9007],[-71.7357,-45.5406,947.4167],[-71.7451,-45.5413,931.555],[-71.7445,-45.544,867.9965],[-71.7479,-45.549,929.6338],[-71.7531,-45.5502,932.8054],[-71.754,-45.5532,851.6404],[-71.7604,-45.5563,919.8041],[-71.7635,-45.5611,941.4501],[-71.7623,-45.5639,997.8018],[-71.7641,-45.5657,1001.5568],[-71.7647,-45.5738,805.9126],[-71.7628,-45.5757,793.9467],[-71.7491,-45.5786,803.2682],[-71.7429,-45.5784,788.4819],[-71.7278,-45.5727,831.1819],[-71.7263,-45.5776,844.0178],[-71.7342,-45.5815,735.3289],[-71.7302,-45.5876,749.8787],[-71.7304,-45.5917,857.0759],[-71.7367,-45.5951,958.2017],[-71.7425,-45.5962,882.3625],[-71.7468,-45.6072,917.2985],[-71.755,-45.6096,906.8924],[-71.7609,-45.6205,954.5005],[-71.7728,-45.6173,966.3637],[-71.7773,-45.6192,923.9359],[-71.7781,-45.628,779.0773],[-71.782,-45.6333,833.3479],[-71.7732,-45.6411,784.4755],[-71.7777,-45.6435,768.3127],[-71.7792,-45.6461,789.5914],[-71.778,-45.6482,827.5031],[-71.7833,-45.6494,801.8713],[-71.7829,-45.6543,798.813],[-71.7801,-45.6568,822.6965],[-71.7946,-45.6627,789.6435],[-71.7961,-45.6655,788.0964],[-71.7943,-45.668,781.1591],[-71.7889,-45.6686,792.1163],[-71.7732,-45.6811,830.3407],[-71.7738,-45.6902,856.3425],[-71.7723,-45.6954,877.3385],[-71.7826,-45.7045,1186.0624],[-71.793,-45.7052,1211.3069],[-71.7957,-45.7099,1191.6742],[-71.7988,-45.7115,1164.0308],[-71.7981,-45.7156,1222.2244],[-71.8017,-45.7179,1240.0182],[-71.8019,-45.7198,1192.0472],[-71.7962,-45.7241,1340.021],[-71.7948,-45.7306,1426.84],[-71.7831,-45.7349,1065.5493],[-71.7717,-45.7431,946.5284],[-71.7701,-45.75,920.3496],[-71.7669,-45.7545,904.8337],[-71.7645,-45.7552,877.929],[-71.7635,-45.7608,818.5862],[-71.7544,-45.7727,721.9832],[-71.7555,-45.7774,671.1116],[-71.7616,-45.7879,627.4254],[-71.7583,-45.7918,608.0179],[-71.7548,-45.7924,604.5736],[-71.7446,-45.7988,570.362],[-71.7429,-45.8031,560.1683],[-71.7425,-45.8071,551.4196],[-71.7538,-45.8181,526.856],[-71.7534,-45.8215,523.6631],[-71.7561,-45.8264,514.4957],[-71.763,-45.8316,504.697],[-71.764,-45.8341,504.5733],[-71.768,-45.8361,502.8159],[-71.7664,-45.8386,495.7772],[-71.7686,-45.8433,489.9048],[-71.7681,-45.8461,487.4788],[-71.7634,-45.8468,486.0696],[-71.7635,-45.8528,486.1583],[-71.7605,-45.8535,486.1427],[-71.7605,-45.8501,486.3504],[-71.7572,-45.8494,486.3963],[-71.7562,-45.8502,485.756],[-71.7568,-45.8541,486.1098],[-71.751,-45.8511,488.133],[-71.7492,-45.8518,486.7824],[-71.75,-45.8542,487.1231],[-71.7465,-45.8529,487.4328],[-71.7417,-45.8537,487.1899],[-71.739,-45.8575,487.4592],[-71.7375,-45.8571,487.7047],[-71.7374,-45.8548,488.2643],[-71.7325,-45.8556,488.2307],[-71.7299,-45.8529,487.8001],[-71.7272,-45.8533,489.3214],[-71.7288,-45.8551,488.4054],[-71.7269,-45.8569,488.8794],[-71.7167,-45.8545,489.636],[-71.7166,-45.8586,489.675],[-71.7117,-45.8578,491.1378],[-71.7086,-45.8616,490.1286],[-71.7045,-45.8613,490.4475],[-71.7038,-45.8634,490.63869999999997],[-71.7009,-45.8631,490.644],[-71.6979,-45.8662,491.2249],[-71.6931,-45.8653,491.0456],[-71.6854,-45.8719,492.1255],[-71.6817,-45.8716,492.5499],[-71.6806,-45.8744,492.6633],[-71.6708,-45.8753,492.9631],[-71.6695,-45.8789,493.4106],[-71.6577,-45.8836,493.9805],[-71.659,-45.8851,494.2918],[-71.6559,-45.8859,494.7084],[-71.6568,-45.888,494.8319],[-71.6538,-45.889,495.1017],[-71.6551,-45.8935,495.829],[-71.6536,-45.8951,496.8042],[-71.6552,-45.8967,496.6384],[-71.6522,-45.8985,497.1299],[-71.6518,-45.9013,497.5108],[-71.6485,-45.9022,497.9577],[-71.6498,-45.9046,498.2895],[-71.6475,-45.9042,498.3439],[-71.6479,-45.9065,498.2233],[-71.6447,-45.9082,499.0525],[-71.6449,-45.9147,501.7768],[-71.6468,-45.9179,499.583],[-71.6431,-45.9194,500.5584],[-71.6418,-45.9253,506.5263],[-71.6388,-45.9253,502.106],[-71.6354,-45.9284,508.4073],[-71.6328,-45.9281,504.1068],[-71.6335,-45.9291,504.9038],[-71.6319,-45.9303,505.0324],[-71.6332,-45.9323,507.075],[-71.6311,-45.9326,506.3918],[-71.6306,-45.9346,517.5831],[-71.6239,-45.935,508.9751],[-71.6257,-45.9367,510.2029],[-71.6236,-45.9369,510.0091],[-71.6247,-45.9389,512.0132],[-71.6229,-45.942,530.3416],[-71.6238,-45.9431,526.616],[-71.6185,-45.9468,520.142],[-71.6185,-45.9556,528.9008],[-71.6166,-45.9591,533.3917],[-71.6177,-45.9607,536.0196],[-71.6148,-45.9634,541.6593],[-71.6165,-45.967,549.0397],[-71.6161,-45.977,560.6758],[-71.618,-45.9807,566.5357],[-71.626,-45.9839,587.1286],[-71.6301,-45.9828,581.4071],[-71.6332,-45.9775,612.0304],[-71.6418,-45.9809,635.4056],[-71.6459,-45.9843,634.2326],[-71.6483,-45.9874,635.8699],[-71.6449,-45.9924,639.4464],[-71.6481,-45.9982,680.0159],[-71.6471,-46.0013,668.7885],[-71.6482,-46.0067,665.0197],[-71.5455,-45.9992,672.2727],[-70.7014,-45.9962,692.8953],[-70.5129,-45.9963,646.0101],[-70.1881,-46.001,586.8224],[-69.5685,-46.0056,420.0485],[-68.613,-46.0062,727.7719]]],
[[[-66.6993,-45.2471,10.7358],[-66.6988,-45.2438,2.347],[-66.7024,-45.2443,0.0],[-66.7032,-45.2487,0.0],[-66.7004,-45.2482,0.0],[-66.6993,-45.2471,10.7358]]],
[[[-66.5221,-45.1765,0.0],[-66.5224,-45.1749,0.4164],[-66.5249,-45.1749,0.048],[-66.5251,-45.1765,0.0],[-66.5221,-45.1765,0.0]]],
[[[-66.5193,-45.1712,-0.1411],[-66.5199,-45.1704,0.4095],[-66.5224,-45.1699,0.0],[-66.5185,-45.1729,-0.0192],[-66.5193,-45.1712,-0.1411]]],
[[[-66.5749,-45.1607,0.6611],[-66.5743,-45.1596,0.6611],[-66.5788,-45.1596,1.3295],[-66.5782,-45.1613,0.0],[-66.5749,-45.1607,0.6611]]],
[[[-66.4037,-45.1965,0.0],[-66.4049,-45.1949,0.0],[-66.4074,-45.1954,0.0],[-66.4093,-45.1993,0.0],[-66.4062,-45.1996,0.0],[-66.4062,-45.1971,0.0],[-66.4037,-45.1965,0.0]]],
[[[-66.4071,-45.1851,3.5077],[-66.4104,-45.184,0.0],[-66.4107,-45.1865,0.0],[-66.4035,-45.1882,1.8423],[-66.4035,-45.1893,1.8423],[-66.406,-45.1921,0.0],[-66.4124,-45.1921,0.0],[-66.4112,-45.194,0.0],[-66.3946,-45.1918,0.0],[-66.3946,-45.1899,0.149],[-66.3999,-45.1896,10.4376],[-66.4026,-45.1862,0.0],[-66.4071,-45.1851,3.5077]]],
[[[-66.5062,-45.1813,3.2433],[-66.5096,-45.1801,0.1294],[-66.5104,-45.1821,0.929],[-66.5054,-45.1865,0.0],[-66.5024,-45.186,-0.0063],[-66.5046,-45.1821,0.1356],[-66.5062,-45.1813,3.2433]]],
[[[-66.4868,-45.1793,0.3112],[-66.4901,-45.1782,0.327],[-66.4915,-45.1837,0.3912],[-66.4876,-45.1837,0.0],[-66.486,-45.181,0.0],[-66.4868,-45.1793,0.3112]]],
[[[-66.5171,-45.179,0.0],[-66.5201,-45.1779,0.0],[-66.5221,-45.1796,0.0],[-66.5168,-45.1835,0.0],[-66.5171,-45.179,0.0]]],
[[[-66.5007,-45.1774,0.2297],[-66.506,-45.1762,0.0],[-66.5062,-45.1799,0.3545],[-66.4976,-45.184,0.2712],[-66.4935,-45.1815,0.4611],[-66.4938,-45.1782,2.3737],[-66.5007,-45.1774,0.2297]]],
[[[-66.5104,-45.1738,-0.0315],[-66.5124,-45.1726,0.0872],[-66.514,-45.1743,0.0],[-66.5113,-45.1746,0.0],[-66.5104,-45.1738,-0.0315]]],
[[[-66.4993,-45.1682,2.4706],[-66.504,-45.1671,-0.1117],[-66.504,-45.1688,-0.0996],[-66.4979,-45.1712,1.0805],[-66.4993,-45.1682,2.4706]]],
[[[-66.361,-45.1521,0.0],[-66.3621,-45.1518,4.5117],[-66.3613,-45.1499,0.0],[-66.3662,-45.1504,0.0],[-66.3649,-45.1557,0.0],[-66.361,-45.1521,0.0]]],
[[[-66.5057,-45.1118,0.0692],[-66.506,-45.1104,0.3083],[-66.5085,-45.1099,0.4587],[-66.5076,-45.1121,0.2409],[-66.5057,-45.1118,0.0692]]],
[[[-66.5046,-45.1096,0.0],[-66.5043,-45.1082,0.5279],[-66.5074,-45.1079,0.0],[-66.5071,-45.1093,0.8427],[-66.5046,-45.1096,0.0]]],
[[[-66.416,-45.0949,0.0],[-66.4199,-45.0937,0.0],[-66.4229,-45.0957,0.6224],[-66.4171,-45.0965,0.0],[-66.4151,-45.0957,0.0],[-66.416,-45.0949,0.0]]],
[[[-66.4068,-45.0876,0.0],[-66.4093,-45.0879,0.0],[-66.409,-45.0862,6.2652],[-66.4101,-45.0865,0.0],[-66.4112,-45.0874,0.0],[-66.4104,-45.0896,0.2649],[-66.4124,-45.0913,0.0],[-66.4057,-45.0896,0.0],[-66.4049,-45.0882,0.0],[-66.4068,-45.0876,0.0]]],
[[[-66.4054,-45.0854,0.0],[-66.4068,-45.0829,0.0],[-66.411,-45.0846,0.0],[-66.4088,-45.0862,6.2652],[-66.4054,-45.0854,0.0]]],
[[[-66.3407,-45.0671,0.0],[-66.339,-45.0662,0.779],[-66.3399,-45.0635,0.0],[-66.3451,-45.0649,0.0],[-66.3437,-45.0662,0.0],[-66.3407,-45.0671,0.0]]],
[[[-66.3518,-45.0626,0.0],[-66.361,-45.0621,0.3729],[-66.3599,-45.0635,0.0],[-66.3543,-45.0635,0.0],[-66.3538,-45.0649,0.0],[-66.3507,-45.064,0.0],[-66.3518,-45.0626,0.0]]],
[[[-66.5826,-45.1565,0.5919],[-66.5813,-45.1565,0.0],[-66.5815,-45.1543,0.0],[-66.5829,-45.1543,0.0],[-66.5826,-45.1565,0.5919]]],
[[[-66.0485,-45.1282,0.3411],[-66.0512,-45.1271,0.0],[-66.0599,-45.1279,0.0],[-66.0629,-45.1318,0.0],[-66.0604,-45.1335,0.0],[-66.0601,-45.1318,0.0],[-66.0571,-45.1304,3.6754],[-66.054,-45.1315,0.0],[-66.0499,-45.129,0.3411],[-66.0454,-45.1299,0.0],[-66.0485,-45.1282,0.3411]]],
[[[-66.0946,-45.1188,0.6527],[-66.0937,-45.1171,0.6772],[-66.0985,-45.1179,0.0],[-66.0985,-45.1196,0.0],[-66.0946,-45.1188,0.6527]]],
[[[-66.0099,-45.1132,0.446],[-66.0115,-45.1115,0.0],[-66.0115,-45.114,0.0],[-66.0065,-45.1168,0.0],[-66.0071,-45.1146,0.0],[-66.0099,-45.1132,0.446]]],
[[[-66.0171,-45.1101,0.0],[-66.0151,-45.1099,0.0],[-66.0157,-45.1082,0.1839],[-66.019,-45.109,0.0088],[-66.0171,-45.1101,0.0]]],
[[[-66.0257,-45.101,0.0],[-66.0265,-45.0993,0.0],[-66.0296,-45.0993,0.0],[-66.0296,-45.1001,0.0],[-66.0257,-45.101,0.0]]],
[[[-66.0071,-45.0818,1.8467],[-66.0085,-45.0799,1.6324],[-66.0163,-45.081,0.0],[-66.0146,-45.084,3.8902],[-66.0235,-45.0854,-0.0325],[-66.0232,-45.0893,-0.0399],[-66.0179,-45.0921,-0.064],[-66.0171,-45.0988,0.2571],[-66.0085,-45.1051,-0.0193],[-65.9996,-45.1065,0.0],[-65.9957,-45.1099,0.0],[-65.9935,-45.1096,0.0],[-65.9929,-45.1118,0.0],[-65.996,-45.1129,0.0],[-65.9904,-45.1154,0.0],[-65.989,-45.1154,0.0],[-65.9901,-45.1107,0.0],[-65.9849,-45.1085,0.629],[-65.9818,-45.1099,0.0],[-65.976,-45.1093,10.3431],[-65.9726,-45.1126,0.4373],[-65.9676,-45.1124,0.0],[-65.9632,-45.1096,0.0],[-65.971,-45.1057,0.4025],[-65.9849,-45.1051,8.097],[-65.9882,-45.1024,1.1568],[-65.9885,-45.0996,0.0],[-65.9865,-45.0962,11.2256],[-65.9818,-45.0957,0.0],[-65.9871,-45.0924,1.5794],[-65.9876,-45.0893,0.0],[-65.9932,-45.0876,0.0],[-65.994,-45.0921,5.4297],[-65.9993,-45.0876,0.0],[-66.0038,-45.0871,7.6877],[-66.0043,-45.0832,0.0],[-66.0071,-45.0818,1.8467]]],
[[[-66.0379,-45.0901,0.5149],[-66.0485,-45.089,0.0],[-66.0501,-45.0921,0.079],[-66.0432,-45.0935,0.0],[-66.041,-45.0915,0.0],[-66.0376,-45.0943,-0.097],[-66.0335,-45.094,0.0],[-66.0362,-45.0901,0.5149],[-66.0379,-45.0901,0.5149]]],
[[[-66.0282,-45.0854,0.0],[-66.0263,-45.0862,0.0],[-66.0268,-45.0843,0.0],[-66.029,-45.0846,0.0],[-66.0282,-45.0854,0.0]]],
[[[-66.3435,-45.0535,5.8763],[-66.3446,-45.0518,0.0],[-66.3446,-45.0537,5.8763],[-66.3487,-45.0535,0.0],[-66.3501,-45.0549,0.0],[-66.3429,-45.056,7.3673],[-66.3407,-45.0585,0.0],[-66.3346,-45.0596,0.0],[-66.3346,-45.0568,6.0351],[-66.3365,-45.0557,11.4026],[-66.3335,-45.0546,0.0],[-66.3388,-45.0526,0.0],[-66.3407,-45.0543,7.4087],[-66.3435,-45.0535,5.8763]]],
[[[-65.9615,-45.0507,0.0],[-65.9629,-45.0493,0.0],[-65.9671,-45.0493,0.0],[-65.9707,-45.0512,0.0],[-65.9665,-45.0543,0.665],[-65.9615,-45.0507,0.0]]],
[[[-65.9735,-45.0518,0.0],[-65.9746,-45.0504,0.0],[-65.9774,-45.0507,0.0],[-65.9768,-45.0526,0.0],[-65.9735,-45.0518,0.0]]],
[[[-65.8607,-45.0482,0.0],[-65.864,-45.0471,0.0],[-65.8626,-45.0501,0.1541],[-65.8654,-45.0518,0.0],[-65.8624,-45.0512,0.1541],[-65.8615,-45.0529,0.0],[-65.8587,-45.0518,0.0],[-65.8607,-45.0482,0.0]]],
[[[-65.8449,-45.0468,0.8597],[-65.8499,-45.0462,0.0],[-65.846,-45.0512,0.9207],[-65.8407,-45.0504,0.0],[-65.8418,-45.0476,0.0],[-65.8449,-45.0468,0.8597]]],
[[[-65.9374,-45.1196,1.16],[-65.9401,-45.1182,3.1597],[-65.9424,-45.1201,0.0],[-65.9413,-45.1215,0.0],[-65.9351,-45.121,0.0],[-65.9374,-45.1196,1.16]]],
[[[-65.9651,-45.0971,0.2657],[-65.9679,-45.0957,0.0],[-65.9682,-45.0985,0.0],[-65.9657,-45.1021,1.142],[-65.9668,-45.1037,0.0],[-65.966,-45.1065,1.8637],[-65.956,-45.1118,0.0],[-65.9607,-45.1188,0.0],[-65.9568,-45.1207,0.0],[-65.9435,-45.1196,0.0],[-65.946,-45.1149,0.4349],[-65.9437,-45.1135,0.2459],[-65.944,-45.1087,0.4619],[-65.9479,-45.1076,0.0],[-65.9479,-45.1087,3.1376],[-65.9535,-45.109,0.0],[-65.9543,-45.1068,0.2914],[-65.9601,-45.1035,3.7656],[-65.9607,-45.101,0.0],[-65.9618,-45.1029,0.0],[-65.964,-45.1018,0.2762],[-65.9646,-45.0999,1.0796],[-65.9632,-45.0985,0.0],[-65.9651,-45.0971,0.2657]]],
[[[-65.8054,-45.0626,0.0],[-65.8079,-45.0615,15.7854],[-65.8121,-45.0632,0.7848],[-65.8129,-45.0657,1.6702],[-65.811,-45.0682,0.0],[-65.8085,-45.0685,0.0],[-65.8049,-45.0638,0.0],[-65.8054,-45.0626,0.0]]],
[[[-65.7171,-45.0496,2.2588],[-65.7187,-45.0482,0.2482],[-65.7213,-45.0501,0.0],[-65.7207,-45.0512,6.3846],[-65.7237,-45.054,0.0],[-65.7229,-45.0565,0.0],[-65.7199,-45.0565,1.9081],[-65.7165,-45.0601,0.0],[-65.7099,-45.0593,3.1968],[-65.7079,-45.0604,0.0],[-65.7046,-45.0587,0.0],[-65.7043,-45.0563,0.0],[-65.7079,-45.0557,1.4091],[-65.7101,-45.0529,0.0],[-65.7171,-45.0496,2.2588]]],
[[[-65.3968,-45.1024,0.769],[-65.4024,-45.1015,0.0],[-65.4001,-45.104,0.8155],[-65.3924,-45.1054,0.0],[-65.3932,-45.1032,0.0],[-65.3968,-45.1024,0.769]]],
[[[-65.6246,-45.054,2.1356],[-65.6274,-45.0526,0.0],[-65.6276,-45.0554,1.0951],[-65.6299,-45.0551,0.3408],[-65.6301,-45.0565,0.0],[-65.6279,-45.0579,0.8674],[-65.6204,-45.0565,0.0],[-65.6204,-45.0551,2.5955],[-65.6246,-45.054,2.1356]]],
[[[-65.5985,-45.0426,1.6503],[-65.5982,-45.0412,0.0],[-65.5999,-45.0407,0.0],[-65.6012,-45.0421,2.1729],[-65.6054,-45.0418,5.4885],[-65.6071,-45.0446,13.0966],[-65.6093,-45.0418,0.3429],[-65.611,-45.0438,2.2103],[-65.616,-45.0426,0.0],[-65.619,-45.044,0.0],[-65.619,-45.0468,11.7816],[-65.6235,-45.0462,0.0],[-65.6243,-45.0493,12.0865],[-65.6149,-45.0568,2.2278],[-65.6174,-45.0615,1.9662],[-65.6224,-45.0596,3.3403],[-65.6243,-45.0601,1.9226],[-65.6251,-45.0632,0.0],[-65.6196,-45.0643,0.2935],[-65.6154,-45.0635,0.0],[-65.6121,-45.0607,6.9149],[-65.6065,-45.0612,4.2666],[-65.6021,-45.0585,1.7413],[-65.5987,-45.0593,1.2767],[-65.5974,-45.0576,1.7785],[-65.594,-45.0574,0.8335],[-65.5912,-45.0585,0.2707],[-65.5926,-45.0615,0.0],[-65.5826,-45.0629,6.9131],[-65.579,-45.066,3.8533],[-65.5718,-45.0671,0.0],[-65.5729,-45.0643,0.0],[-65.5771,-45.0632,0.3342],[-65.5768,-45.0601,0.1302],[-65.5804,-45.0604,0.9997],[-65.5871,-45.056,0.0],[-65.591,-45.0574,0.7208],[-65.5915,-45.056,2.1755],[-65.5882,-45.0546,0.0],[-65.5849,-45.0504,0.0142],[-65.5854,-45.0457,0.0],[-65.5921,-45.0426,0.0],[-65.5954,-45.0454,1.6641],[-65.5985,-45.0426,1.6503]]],
[[[-65.4829,-45.0001,2.353],[-65.4863,-44.9985,0.0],[-65.4863,-45.001,0.0],[-65.4932,-45.0001,0.0],[-65.4926,-45.0026,9.9581],[-65.4954,-45.0026,0.0],[-65.4849,-45.0107,0.0],[-65.4849,-45.0054,5.1912],[-65.4824,-45.004,1.5472],[-65.4765,-45.006,0.0],[-65.4743,-45.0051,0.0],[-65.4829,-45.0001,2.353]]],
[[[-65.5615,-44.9985,0.0],[-65.5632,-44.9971,0.0],[-65.5654,-44.9979,0.0],[-65.564,-45.0013,0.0],[-65.5599,-45.0001,0.0],[-65.5615,-44.9985,0.0]]],
[[[-65.5707,-44.9887,0.0],[-65.5738,-44.9876,0.0],[-65.5751,-44.9907,0.7606],[-65.5685,-44.9918,0.0],[-65.569,-44.9893,0.0],[-65.5707,-44.9887,0.0]]],
[[[-65.5607,-44.9643,0.0],[-65.5621,-44.9624,0.0],[-65.5663,-44.9635,0.1477],[-65.5657,-44.9654,0.0],[-65.5607,-44.9643,0.0]]],
[[[-65.6413,-44.7685,0.1096],[-65.6435,-44.7676,0.0],[-65.6443,-44.769,0.0],[-65.6401,-44.7718,0.0],[-65.6382,-44.771,0.0],[-65.6396,-44.769,0.0],[-65.6413,-44.7685,0.1096]]],
[[[-65.6668,-44.7696,0.0],[-65.6704,-44.7693,0.0],[-65.6651,-44.7737,0.3045],[-65.6574,-44.776,8.4428],[-65.6535,-44.7754,1.0644],[-65.6551,-44.7737,0.0],[-65.6668,-44.7696,0.0]]],
[[[-65.9168,-45.046,0.0],[-65.919,-45.0449,0.1693],[-65.9204,-45.0468,0.0],[-65.9163,-45.0512,0.1832],[-65.9157,-45.0499,0.1832],[-65.9168,-45.046,0.0]]],
[[[-65.8868,-45.0476,0.1009],[-65.8896,-45.046,0.0],[-65.8885,-45.0488,0.0],[-65.8851,-45.049,0.0],[-65.8868,-45.0476,0.1009]]],
[[[-65.9624,-45.0449,1.5681],[-65.9654,-45.0435,0.0],[-65.9638,-45.0482,0.0],[-65.9618,-45.0465,0.0],[-65.9624,-45.0449,1.5681]]],
[[[-65.8774,-45.0396,2.5494],[-65.8796,-45.0385,0.0],[-65.8835,-45.0412,0.504],[-65.8821,-45.0429,0.0],[-65.8799,-45.0418,0.0],[-65.8782,-45.0438,0.0],[-65.8721,-45.0429,0.0],[-65.8774,-45.0396,2.5494]]],
[[[-65.7568,-45.036,3.5306],[-65.7588,-45.0349,6.6034],[-65.7671,-45.0371,0.0],[-65.7676,-45.0393,0.0],[-65.7624,-45.041,2.6651],[-65.7604,-45.0393,25.2082],[-65.7518,-45.0376,0.0],[-65.7529,-45.036,0.0],[-65.7568,-45.036,3.5306]]],
[[[-65.8715,-45.0301,1.1663],[-65.8737,-45.0299,0.0],[-65.8732,-45.0326,3.0383],[-65.8763,-45.0351,0.0],[-65.8715,-45.0357,0.0],[-65.8665,-45.0412,1.3328],[-65.8596,-45.0412,0.0],[-65.8604,-45.0393,0.0],[-65.8654,-45.0382,4.5506],[-65.8715,-45.0301,1.1663]]],
[[[-65.8596,-45.0335,1.6],[-65.8632,-45.0324,0.0],[-65.8615,-45.0365,0.0],[-65.8568,-45.0371,0.0],[-65.8571,-45.0351,0.8841],[-65.8596,-45.0335,1.6]]],
[[[-65.9829,-45.0337,0.0],[-65.9851,-45.0326,0.0],[-65.9874,-45.0332,0.0],[-65.9857,-45.0351,0.0],[-65.9829,-45.0337,0.0]]],
[[[-66.319,-45.0682,0.0],[-66.3213,-45.0665,0.6731],[-66.3246,-45.0665,0.0],[-66.3168,-45.0696,0.0],[-66.319,-45.0682,0.0]]],
[[[-66.2871,-45.0549,0.0],[-66.2865,-45.0537,0.0],[-66.2885,-45.0535,0.4333],[-66.2899,-45.0557,0.0],[-66.2929,-45.0557,0.0],[-66.2971,-45.0587,0.0],[-66.2885,-45.061,3.4876],[-66.289,-45.0676,0.0],[-66.2862,-45.066,0.0],[-66.2799,-45.0674,0.0],[-66.2799,-45.0646,0.0],[-66.2754,-45.0662,1.1043],[-66.2785,-45.0604,0.0],[-66.2793,-45.0615,0.0],[-66.2782,-45.0626,0.0],[-66.2821,-45.0626,0.0],[-66.2854,-45.061,1.639],[-66.2865,-45.0585,0.0],[-66.2901,-45.0574,0.0],[-66.2871,-45.0549,0.0]]],
[[[-66.1079,-44.9993,0.0],[-66.1093,-44.9974,0.0],[-66.1137,-44.9987,0.0],[-66.1135,-44.9996,0.0],[-66.1079,-44.9993,0.0]]],
[[[-66.206,-44.9968,0.0],[-66.2054,-44.9974,0.0],[-66.204,-44.9974,0.0],[-66.2076,-44.9962,0.0],[-66.206,-44.9968,0.0]]],
[[[-66.1629,-44.994,0.0],[-66.1626,-44.9926,0.0],[-66.1643,-44.9921,0.0],[-66.1649,-44.994,4.2402],[-66.1674,-44.9932,1.7501],[-66.1635,-44.9968,0.0],[-66.1621,-44.9965,0.0],[-66.1629,-44.994,0.0]]],
[[[-66.1043,-44.9921,0.0],[-66.1057,-44.9907,1.0545],[-66.1076,-44.9912,0.0],[-66.1057,-44.9943,0.0],[-66.1043,-44.9921,0.0]]],
[[[-66.1832,-44.9929,0.2714],[-66.184,-44.9904,0.0],[-66.1862,-44.9915,4.4122],[-66.1865,-44.9938,0.0],[-66.1843,-44.9938,0.0],[-66.1832,-44.9929,0.2714]]],
[[[-65.6499,-44.7674,0.0],[-65.6529,-44.7665,0.0],[-65.6543,-44.7676,0.0],[-65.649,-44.7687,0.0],[-65.6499,-44.7674,0.0]]],
[[[-65.2624,-44.2615,0.0512],[-65.2654,-44.2596,0.4921],[-65.2671,-44.2621,0.0],[-65.2626,-44.2626,0.0512],[-65.2624,-44.2615,0.0512]]],
[[[-65.2838,-43.7221,0.3086],[-65.2835,-43.7212,0.0],[-65.2868,-43.7215,0.2403],[-65.2865,-43.7229,0.2403],[-65.2838,-43.7221,0.3086]]],
[[[-64.5143,-42.4196,0.9947],[-64.5165,-42.4179,0.0],[-64.5188,-42.4185,2.1475],[-64.5165,-42.4224,0.0],[-64.5132,-42.4204,0.0],[-64.5143,-42.4196,0.9947]]],
[[[-64.6032,-42.4204,0.0],[-64.6038,-42.4185,0.0],[-64.6071,-42.4193,0.0],[-64.6043,-42.4204,0.0],[-64.6032,-42.4204,0.0]]],
[[[-63.6454,-42.3157,0.0],[-63.6474,-42.3146,0.0],[-63.6504,-42.3179,0.9841],[-63.649,-42.3246,0.0],[-63.6418,-42.3268,2.1027],[-63.6351,-42.331,0.5292],[-63.6343,-42.334,0.0],[-63.6304,-42.3351,2.13],[-63.6343,-42.3396,1.9744],[-63.634,-42.3421,0.0],[-63.6254,-42.3432,0.0],[-63.6237,-42.3399,0.0],[-63.6221,-42.3396,0.0],[-63.624,-42.3457,2.0047],[-63.6207,-42.3565,0.0],[-63.6174,-42.3593,0.4101],[-63.6126,-42.359,0.0],[-63.6129,-42.3501,0.0],[-63.6162,-42.3437,2.4072],[-63.6221,-42.3379,0.0],[-63.6249,-42.3268,0.0],[-63.6274,-42.3254,0.0],[-63.6321,-42.326,0.0],[-63.6324,-42.329,0.2195],[-63.6454,-42.3157,0.0]]],
[[[-64.0001,-42.0001,0.0],[-63.9999,-42.0001,0.0],[-63.9999,-41.9999,0.0],[-64.0001,-41.9999,0.0],[-64.0001,-42.0001,0.0]]]]}}