{"type":"Feature","properties":{"GID_1":"ARG.1_1","GID_0":"ARG","country":"Argentina","state":"BuenosAires","VARNAME_1":"Baires|BuenosAyres","NL_NAME_1":"NA","TYPE_1":"Provincia","ENGTYPE_1":"Province","CC_1":"NA","HASC_1":"AR.BA","ISO_1":"AR-B","name":"BuenosAires.state"},
"geometry":{"type": "MultiPolygon","coordinates": [[[[-57.4001,-37.6579,0.2992],[-57.3993,-37.6562,0.0],[-57.4024,-37.6587,0.0],[-57.4007,-37.659,0.0],[-57.4001,-37.6579,0.2992]]],
[[[-58.4615,-34.3271,0.0987],[-58.4671,-34.3257,0.0],[-58.486,-34.3262,0.0],[-58.4865,-34.3304,0.0],[-58.4799,-34.339,1.9647],[-58.4768,-34.346,2.4533],[-58.471,-34.3521,1.2153],[-58.471,-34.3554,0.0],[-58.466,-34.3637,0.0],[-58.4626,-34.3657,0.3847],[-58.4546,-34.3771,0.1098],[-58.4496,-34.3771,0.0],[-58.4449,-34.3737,0.0],[-58.4418,-34.3654,0.0],[-58.4474,-34.3596,2.3075],[-58.449,-34.3554,0.1866],[-58.4538,-34.3521,0.7912],[-58.4521,-34.3493,1.0984],[-58.4504,-34.3526,0.9519],[-58.4471,-34.3532,0.4235],[-58.4518,-34.3451,0.8746],[-58.4468,-34.3418,0.1425],[-58.4468,-34.3387,0.9893],[-58.4451,-34.3407,0.9572],[-58.4435,-34.3401,0.8719],[-58.4468,-34.336,0.682],[-58.4457,-34.3332,0.9804],[-58.4479,-34.331,0.5181],[-58.4501,-34.3304,1.1918],[-58.4504,-34.3326,0.6785],[-58.454,-34.331,0.0],[-58.456,-34.3357,2.8622],[-58.4565,-34.3326,0.0],[-58.4615,-34.3271,0.0987]]],
[[[-58.4365,-34.3296,0.0],[-58.4371,-34.3265,0.8984],[-58.449,-34.3279,0.2481],[-58.4418,-34.3332,0.3089],[-58.4365,-34.3296,0.0]]],
[[[-58.4685,-34.3182,0.0],[-58.4676,-34.3168,0.0],[-58.4732,-34.3165,0.8657],[-58.474,-34.3199,0.6903],[-58.476,-34.321,0.3881],[-58.4729,-34.3218,0.0],[-58.4685,-34.3182,0.0]]],
[[[-58.4718,-34.3032,0.8357],[-58.4712,-34.2996,0.7395],[-58.4771,-34.301,1.1483],[-58.4746,-34.3043,0.5862],[-58.4718,-34.3032,0.8357]]],
[[[-58.4974,-34.296,2.063],[-58.5026,-34.2946,6.6165],[-58.5082,-34.2988,1.4155],[-58.5088,-34.3018,1.7311],[-58.4871,-34.3185,0.0],[-58.481,-34.3204,0.0],[-58.4768,-34.3196,0.3881],[-58.4738,-34.314,0.0],[-58.479,-34.3124,0.7668],[-58.4771,-34.3104,0.0],[-58.4796,-34.3101,0.4838],[-58.4799,-34.3118,0.7668],[-58.481,-34.3104,0.7827],[-58.4776,-34.3079,0.675],[-58.4735,-34.3099,0.0],[-58.4729,-34.3054,0.1432],[-58.4757,-34.3046,0.2917],[-58.479,-34.3001,0.3815],[-58.4821,-34.2988,0.7166],[-58.4926,-34.2985,3.1285],[-58.4974,-34.296,2.063]]],
[[[-58.4665,-34.2957,0.0],[-58.4687,-34.294,0.0],[-58.4774,-34.2949,0.6413],[-58.4813,-34.2985,0.4138],[-58.4765,-34.2999,1.1483],[-58.466,-34.2982,0.0],[-58.4665,-34.2957,0.0]]],
[[[-58.4612,-34.2968,0.0],[-58.464,-34.2954,0.4103],[-58.4651,-34.2957,0.4103],[-58.4643,-34.2979,0.4589],[-58.4612,-34.2968,0.0]]],
[[[-58.4874,-34.2865,0.7182],[-58.4899,-34.2849,0.4767],[-58.496,-34.2863,0.6243],[-58.5004,-34.2901,2.8489],[-58.5013,-34.2938,0.7811],[-58.494,-34.2974,1.7718],[-58.4851,-34.2976,0.2605],[-58.4849,-34.2951,0.715],[-58.4874,-34.2926,0.6553],[-58.4843,-34.2887,0.1144],[-58.4874,-34.2865,0.7182]]],
[[[-58.4746,-34.2843,0.5598],[-58.4738,-34.2832,0.4196],[-58.4768,-34.2824,0.3854],[-58.4765,-34.2837,0.5235],[-58.4746,-34.2843,0.5598]]],
[[[-58.4643,-34.2863,0.2754],[-58.4679,-34.2849,0.4868],[-58.4815,-34.2851,1.1208],[-58.4807,-34.2871,0.5233],[-58.4765,-34.2885,0.0],[-58.4618,-34.2871,0.3608],[-58.4626,-34.2857,0.1718],[-58.4643,-34.2863,0.2754]]],
[[[-58.4087,-34.2665,0.0],[-58.4087,-34.2646,0.3067],[-58.411,-34.2657,0.0],[-58.4101,-34.2668,0.0],[-58.4087,-34.2665,0.0]]],
[[[-58.2774,-34.2693,0.6436],[-58.276,-34.271,0.0],[-58.2749,-34.2671,0.0],[-58.2765,-34.2674,0.486],[-58.2774,-34.2693,0.6436]]],
[[[-58.2715,-34.2546,0.7914],[-58.2746,-34.2518,0.8357],[-58.2762,-34.2621,1.0368],[-58.2743,-34.2651,0.1495],[-58.2679,-34.2674,0.9059],[-58.2654,-34.2646,0.7601],[-58.2704,-34.2588,0.9477],[-58.2715,-34.2546,0.7914]]],
[[[-62.1849,-38.8154,1.0791],[-62.1879,-38.8146,1.5678],[-62.1876,-38.8168,1.5156],[-62.1835,-38.8193,1.3259],[-62.1835,-38.821,1.5996],[-62.1793,-38.8215,0.5799],[-62.1793,-38.8207,0.3996],[-62.1849,-38.8154,1.0791]]],
[[[-62.3646,-38.7515,0.0],[-62.3651,-38.7487,0.0],[-62.3668,-38.7485,0.0],[-62.3679,-38.7515,0.0],[-62.3646,-38.7515,0.0]]],
[[[-62.3365,-38.7276,0.8312],[-62.3393,-38.726,0.275],[-62.3387,-38.7313,0.0],[-62.3357,-38.7296,0.0],[-62.3365,-38.7276,0.8312]]],
[[[-57.4287,-37.7268,0.0],[-57.4285,-37.7301,0.0],[-57.4254,-37.7301,0.2299],[-57.4262,-37.7257,0.4145],[-57.4287,-37.7268,0.0]]],
[[[-57.409,-37.6743,0.4581],[-57.4079,-37.6738,0.0],[-57.4079,-37.6721,0.0],[-57.4099,-37.6729,0.0],[-57.409,-37.6743,0.4581]]],
[[[-62.354,-38.7218,0.7056],[-62.3571,-38.7207,0.0],[-62.3576,-38.7232,2.1227],[-62.356,-38.726,2.0146],[-62.3599,-38.7251,1.2993],[-62.3632,-38.729,0.0],[-62.3613,-38.7301,0.5969],[-62.359,-38.7274,1.6381],[-62.3574,-38.7274,1.4595],[-62.3576,-38.7287,0.5441],[-62.3537,-38.7279,1.5365],[-62.3532,-38.7329,1.227],[-62.3507,-38.7313,0.3089],[-62.3482,-38.7346,1.1781],[-62.3474,-38.741,1.2438],[-62.3501,-38.7415,1.209],[-62.3512,-38.7435,1.1956],[-62.3454,-38.7443,1.376],[-62.3482,-38.7465,1.3391],[-62.3471,-38.7529,0.6095],[-62.3485,-38.7557,0.6107],[-62.3468,-38.7565,0.0],[-62.344,-38.7521,0.0],[-62.3454,-38.7462,1.3996],[-62.3418,-38.7451,0.7199],[-62.3346,-38.7465,0.0],[-62.334,-38.7446,0.0],[-62.3374,-38.741,0.0],[-62.3424,-38.7418,0.851],[-62.344,-38.7387,0.0],[-62.3421,-38.7368,0.0],[-62.3449,-38.7365,1.7947],[-62.3421,-38.7349,0.0],[-62.3443,-38.7337,0.3081],[-62.3429,-38.7307,0.0],[-62.3446,-38.7313,0.7513],[-62.3465,-38.7287,0.0],[-62.3488,-38.7293,0.8384],[-62.3482,-38.7271,0.0],[-62.351,-38.7279,0.3485],[-62.3507,-38.7262,0.0],[-62.3529,-38.7251,0.0],[-62.349,-38.7238,0.503],[-62.354,-38.7218,0.7056]]],
[[[-62.3232,-38.8249,0.0],[-62.3249,-38.8237,0.9615],[-62.329,-38.824,0.9968],[-62.3271,-38.8251,0.6608],[-62.3232,-38.8249,0.0]]],
[[[-62.236,-38.821,1.5867],[-62.2349,-38.8215,1.2978],[-62.2354,-38.8185,0.7735],[-62.2371,-38.8185,1.5828],[-62.2374,-38.819,1.5828],[-62.236,-38.821,1.5867]]],
[[[-62.2187,-38.8174,0.843],[-62.2196,-38.816,0.3318],[-62.2235,-38.8162,0.7579],[-62.2157,-38.8237,1.2862],[-62.2171,-38.8187,1.4877],[-62.2187,-38.8174,0.843]]],
[[[-62.2721,-38.8026,1.326],[-62.2757,-38.8012,1.2441],[-62.2791,-38.8035,0.3372],[-62.2771,-38.8151,2.115],[-62.2754,-38.8168,1.7238],[-62.2765,-38.8201,1.2888],[-62.2743,-38.8221,1.5422],[-62.2687,-38.8229,3.0443],[-62.2601,-38.8218,1.4679],[-62.2588,-38.8179,1.4286],[-62.2607,-38.8118,1.0108],[-62.2679,-38.8079,0.7688],[-62.2679,-38.8051,0.6375],[-62.2721,-38.8026,1.326]]],
[[[-58.2812,-34.2385,0.1573],[-58.2835,-34.2368,0.4278],[-58.2865,-34.2379,0.0],[-58.2907,-34.2468,1.038],[-58.2893,-34.2493,0.9156],[-58.2899,-34.2524,0.4922],[-58.2879,-34.2529,0.7831],[-58.286,-34.249,1.0164],[-58.2843,-34.2543,1.0278],[-58.2876,-34.2574,0.9247],[-58.2885,-34.2615,0.1444],[-58.2865,-34.2615,0.507],[-58.2865,-34.259,0.9613],[-58.2815,-34.2565,0.0],[-58.2812,-34.2385,0.1573]]],
[[[-58.3946,-34.2287,1.2135],[-58.3996,-34.2274,0.7587],[-58.3963,-34.2299,0.0],[-58.394,-34.2296,0.0],[-58.3946,-34.2287,1.2135]]],
[[[-58.3243,-34.244,0.9361],[-58.326,-34.2418,0.7235],[-58.3285,-34.2426,1.4239],[-58.3299,-34.2471,0.0],[-58.329,-34.2493,0.2375],[-58.324,-34.2496,0.0],[-58.3254,-34.2462,1.1966],[-58.3229,-34.2474,1.0959],[-58.3229,-34.2449,1.1199],[-58.3243,-34.244,0.9361]]],
[[[-58.3104,-34.2446,0.0],[-58.3096,-34.2426,0.0942],[-58.3107,-34.2421,0.0942],[-58.3126,-34.2462,0.2834],[-58.3107,-34.2462,0.0],[-58.3104,-34.2446,0.0]]],
[[[-58.3257,-34.2415,0.7235],[-58.3243,-34.2418,0.246],[-58.3229,-34.2401,0.8441],[-58.326,-34.2401,0.8089],[-58.3257,-34.2415,0.7235]]],
[[[-58.2618,-34.1751,1.0794],[-58.2637,-34.1735,1.2106],[-58.2643,-34.1774,0.0],[-58.2624,-34.1779,1.1933],[-58.2618,-34.1751,1.0794]]],
[[[-58.2582,-34.166,0.0],[-58.266,-34.1646,1.2601],[-58.2665,-34.1668,0.4091],[-58.2596,-34.1762,1.0157],[-58.2574,-34.1901,0.0],[-58.2507,-34.1912,7.2811],[-58.2462,-34.1899,0.0],[-58.2426,-34.1857,2.7097],[-58.2432,-34.1754,0.0],[-58.2451,-34.174,0.2391],[-58.2451,-34.1707,0.0],[-58.2468,-34.1699,0.5194],[-58.2468,-34.1679,0.0],[-58.2582,-34.166,0.0]]],
[[[-58.3304,-34.1493,0.2032],[-58.3321,-34.1468,0.9149],[-58.3326,-34.1487,1.0979],[-58.3296,-34.1521,0.0],[-58.3304,-34.1493,0.2032]]],
[[[-58.349,-34.0804,1.4729],[-58.349,-34.0774,0.3908],[-58.3504,-34.0768,0.2819],[-58.3521,-34.0793,1.279],[-58.3512,-34.086,1.4273],[-58.3526,-34.0876,0.506],[-58.3526,-34.0932,0.0],[-58.3521,-34.0971,0.9811],[-58.3474,-34.1012,1.3894],[-58.3457,-34.0985,0.0],[-58.349,-34.0804,1.4729]]],
[[[-58.3315,-34.1368,0.0],[-58.3329,-34.1351,0.5858],[-58.334,-34.1357,0.4956],[-58.3326,-34.1387,0.0],[-58.3315,-34.1368,0.0]]],
[[[-58.3351,-34.141,0.0],[-58.3362,-34.1379,0.0],[-58.3385,-34.1387,0.0],[-58.3385,-34.1435,0.0],[-58.3426,-34.1521,0.0],[-58.3374,-34.1582,1.1984],[-58.3365,-34.1651,0.9136],[-58.3346,-34.1668,0.9981],[-58.3351,-34.1729,1.1943],[-58.3324,-34.1718,0.191],[-58.334,-34.1754,1.0171],[-58.3326,-34.1776,0.7632],[-58.3351,-34.1818,0.8061],[-58.3326,-34.1826,0.7289],[-58.3326,-34.1846,0.5703],[-58.336,-34.1912,0.0],[-58.336,-34.1949,0.0],[-58.3332,-34.1957,0.2064],[-58.3279,-34.1932,0.6503],[-58.3213,-34.1865,0.0],[-58.3165,-34.1813,0.0],[-58.3162,-34.1782,0.0],[-58.3165,-34.1762,0.0],[-58.3201,-34.1757,1.0418],[-58.3221,-34.1732,0.7944],[-58.3224,-34.1643,0.0],[-58.3237,-34.1626,0.0],[-58.3288,-34.164,1.0845],[-58.3276,-34.1593,0.1978],[-58.3293,-34.1562,0.0],[-58.3385,-34.1501,1.2904],[-58.3343,-34.1468,0.0],[-58.3351,-34.141,0.0]]],
[[[-58.2651,-34.2257,0.0],[-58.2701,-34.2243,0.0],[-58.2737,-34.231,0.0],[-58.2751,-34.2379,0.0],[-58.2737,-34.2404,1.0426],[-58.2754,-34.2401,0.5259],[-58.2754,-34.2418,0.5834],[-58.2724,-34.2449,0.8814],[-58.2724,-34.2487,0.2288],[-58.2693,-34.2493,0.9149],[-58.269,-34.2468,0.4821],[-58.2663,-34.2468,0.9231],[-58.2668,-34.2429,1.0368],[-58.2571,-34.2449,0.7088],[-58.2574,-34.2465,0.9384],[-58.254,-34.2501,0.1606],[-58.251,-34.2493,0.9462],[-58.2501,-34.2504,0.161],[-58.2485,-34.2474,1.1281],[-58.2507,-34.2449,0.4859],[-58.251,-34.2412,1.0761],[-58.2543,-34.2365,1.0677],[-58.2607,-34.2329,1.2063],[-58.2607,-34.2301,0.3191],[-58.2651,-34.2257,0.0]]],
[[[-58.3362,-34.2154,0.5685],[-58.3376,-34.2132,0.0],[-58.3435,-34.2149,0.0],[-58.3493,-34.2204,0.2042],[-58.3476,-34.2251,0.0],[-58.3443,-34.2274,0.4891],[-58.3385,-34.2368,0.8031],[-58.3349,-34.2343,0.8591],[-58.3354,-34.229,0.1792],[-58.3326,-34.2249,0.235],[-58.3329,-34.2212,0.5364],[-58.3362,-34.2154,0.5685]]],
[[[-58.2788,-34.219,0.8978],[-58.2785,-34.2174,1.0647],[-58.2815,-34.219,0.576],[-58.2824,-34.2254,0.0],[-58.2799,-34.2224,0.1275],[-58.2788,-34.219,0.8978]]],
[[[-58.2849,-34.2326,1.0961],[-58.284,-34.2299,0.1733],[-58.2854,-34.2293,0.3107],[-58.291,-34.2335,0.0],[-58.2932,-34.239,0.1532],[-58.2924,-34.2446,0.0],[-58.2899,-34.2435,0.0],[-58.2849,-34.2326,1.0961]]],
[[[-58.2549,-34.2049,1.2972],[-58.2651,-34.2049,0.8967],[-58.2679,-34.2107,1.2838],[-58.2654,-34.2071,1.1775],[-58.2607,-34.2074,1.1831],[-58.2565,-34.214,0.6358],[-58.2515,-34.2163,0.0],[-58.2501,-34.2137,0.8649],[-58.251,-34.2093,0.0],[-58.2529,-34.2054,0.2325],[-58.2549,-34.2049,1.2972]]],
[[[-58.3093,-34.1874,0.0],[-58.3126,-34.186,0.0],[-58.3207,-34.189,0.0],[-58.331,-34.2057,0.0],[-58.3293,-34.2079,1.0935],[-58.3315,-34.211,0.1698],[-58.3299,-34.2299,0.0],[-58.331,-34.2337,0.0],[-58.3293,-34.239,0.283],[-58.3215,-34.2385,0.6128],[-58.321,-34.2368,0.9865],[-58.3237,-34.2343,1.048],[-58.3215,-34.2351,0.7797],[-58.3162,-34.2304,0.146],[-58.3143,-34.2301,0.1951],[-58.3118,-34.2329,0.5402],[-58.309,-34.2299,0.2097],[-58.3104,-34.2274,0.7925],[-58.3093,-34.2262,1.3334],[-58.3099,-34.2204,1.0536],[-58.306,-34.2165,0.4551],[-58.2993,-34.2182,1.0654],[-58.2985,-34.2199,1.0682],[-58.2971,-34.2171,0.8303],[-58.296,-34.2182,0.3959],[-58.2979,-34.221,1.0682],[-58.2971,-34.2262,1.0254],[-58.2999,-34.2287,1.0951],[-58.2962,-34.2276,1.299],[-58.294,-34.231,0.3094],[-58.2904,-34.231,0.8382],[-58.286,-34.2282,0.3107],[-58.286,-34.2246,0.4642],[-58.2829,-34.2193,0.4232],[-58.2835,-34.2112,0.4037],[-58.2821,-34.2093,0.0],[-58.289,-34.2004,0.0],[-58.3093,-34.1874,0.0]]],
[[[-58.3571,-34.0551,1.6867],[-58.3593,-34.054,0.6288],[-58.3599,-34.0574,1.7758],[-58.3574,-34.0582,0.2471],[-58.3571,-34.0551,1.6867]]],
[[[-62.2318,-38.9079,1.8705],[-62.2343,-38.9065,1.9154],[-62.241,-38.9074,1.2073],[-62.2421,-38.9096,3.0673],[-62.2476,-38.9113,3.4278],[-62.2485,-38.9146,2.0719],[-62.2393,-38.9115,1.5613],[-62.2307,-38.9126,1.4192],[-62.2304,-38.909,1.9591],[-62.2318,-38.9079,1.8705]]],
[[[-62.3288,-38.8712,2.7693],[-62.3285,-38.8696,2.7693],[-62.3326,-38.871,0.0],[-62.3335,-38.8757,2.2312],[-62.3349,-38.876,2.2036],[-62.334,-38.8799,1.6445],[-62.3335,-38.8768,1.4872],[-62.3288,-38.8757,1.7481],[-62.329,-38.8746,1.7481],[-62.3312,-38.8757,1.656],[-62.3312,-38.8743,1.7522],[-62.3288,-38.8712,2.7693]]],
[[[-62.2301,-38.8676,0.7315],[-62.2326,-38.866,0.417],[-62.231,-38.869,1.4674],[-62.2262,-38.8696,1.1679],[-62.2262,-38.8688,0.8015],[-62.2301,-38.8676,0.7315]]],
[[[-62.2426,-38.8699,1.819],[-62.2438,-38.8685,1.5651],[-62.2462,-38.8693,1.1574],[-62.2462,-38.8715,1.7081],[-62.244,-38.8724,1.7404],[-62.2485,-38.8724,1.0597],[-62.2485,-38.8743,1.2224],[-62.2457,-38.8743,1.7637],[-62.2457,-38.8754,1.2699],[-62.2499,-38.8757,0.9824],[-62.2513,-38.8776,0.6476],[-62.2504,-38.879,0.8259],[-62.2471,-38.8799,1.7267],[-62.2449,-38.8785,1.6015],[-62.241,-38.8715,0.9531],[-62.2426,-38.8699,1.819]]],
[[[-62.2593,-38.8737,2.0958],[-62.2604,-38.8696,2.082],[-62.2637,-38.8704,2.1518],[-62.2624,-38.8737,1.2426],[-62.2579,-38.8768,0.569],[-62.2593,-38.8737,2.0958]]],
[[[-62.2374,-38.8712,1.0003],[-62.2371,-38.8696,1.0003],[-62.2393,-38.8696,2.156],[-62.2418,-38.8757,1.6561],[-62.2382,-38.8737,1.005],[-62.2374,-38.8712,1.0003]]],
[[[-62.2537,-38.8676,1.2541],[-62.2562,-38.866,0.5836],[-62.2582,-38.8682,1.1487],[-62.2582,-38.8712,1.6232],[-62.256,-38.8735,1.2665],[-62.2521,-38.8715,1.566],[-62.2515,-38.8679,1.045],[-62.2537,-38.8676,1.2541]]],
[[[-62.1982,-38.8937,1.5363],[-62.1999,-38.8926,1.4541],[-62.2012,-38.8943,1.4901],[-62.1987,-38.8943,1.6124],[-62.1982,-38.8937,1.5363]]],
[[[-62.2135,-38.8949,1.1038],[-62.214,-38.8918,1.1552],[-62.214,-38.8976,1.1213],[-62.2076,-38.8965,0.7983],[-62.2085,-38.8949,1.2165],[-62.2112,-38.8963,1.3868],[-62.2135,-38.8949,1.1038]]],
[[[-62.3063,-38.9001,2.2747],[-62.3076,-38.8976,2.3797],[-62.3063,-38.8965,2.411],[-62.3082,-38.8965,2.3797],[-62.3099,-38.899,1.9629],[-62.314,-38.899,1.581],[-62.3143,-38.9051,1.9956],[-62.3165,-38.9087,1.4909],[-62.3151,-38.9126,1.8816],[-62.3129,-38.9104,2.4041],[-62.3082,-38.9113,0.6135],[-62.3071,-38.9085,0.7657],[-62.3099,-38.9051,2.7438],[-62.3068,-38.9038,2.1684],[-62.291,-38.9068,2.1254],[-62.2896,-38.9049,1.9447],[-62.2912,-38.9015,2.3045],[-62.2951,-38.9032,2.8724],[-62.3007,-38.9021,2.6397],[-62.301,-38.8987,1.1738],[-62.3063,-38.9001,2.2747]]],
[[[-62.3124,-38.8893,2.5788],[-62.3138,-38.8879,1.0167],[-62.3143,-38.8896,2.9283],[-62.3162,-38.8896,1.5613],[-62.3146,-38.8946,1.3886],[-62.3112,-38.8963,1.7326],[-62.3046,-38.8954,2.4671],[-62.3049,-38.8968,1.9708],[-62.2999,-38.8979,1.9147],[-62.3007,-38.8954,2.0714],[-62.2985,-38.8946,2.4142],[-62.2979,-38.9004,1.4347],[-62.2954,-38.901,3.1374],[-62.294,-38.8957,0.8491],[-62.3124,-38.8893,2.5788]]],
[[[-62.2412,-38.8946,1.7746],[-62.2438,-38.8932,0.0],[-62.2485,-38.9007,0.3418],[-62.2582,-38.9026,0.9481],[-62.2554,-38.9057,2.6385],[-62.2549,-38.909,2.6305],[-62.2526,-38.9099,1.997],[-62.2493,-38.9079,2.6701],[-62.2507,-38.9057,2.2761],[-62.2499,-38.904,2.8831],[-62.2443,-38.906,1.9956],[-62.2415,-38.8996,1.6267],[-62.2374,-38.8993,1.5114],[-62.2363,-38.9007,1.2965],[-62.2396,-38.9024,1.1591],[-62.2399,-38.9046,1.1018],[-62.2301,-38.9021,1.5309],[-62.2304,-38.8982,1.4914],[-62.2412,-38.8946,1.7746]]],
[[[-62.1957,-38.8929,0.0],[-62.1971,-38.8904,1.429],[-62.1971,-38.8932,1.5363],[-62.1954,-38.894,0.0],[-62.1957,-38.8929,0.0]]],
[[[-62.2024,-38.8874,0.1448],[-62.2068,-38.8862,0.9942],[-62.2074,-38.8876,1.3091],[-62.2029,-38.8885,1.4393],[-62.2018,-38.8907,1.4409],[-62.1982,-38.8904,1.429],[-62.199,-38.8887,0.9095],[-62.2024,-38.8874,0.1448]]],
[[[-62.2796,-38.8821,1.9946],[-62.2821,-38.8812,0.4449],[-62.2863,-38.884,1.2267],[-62.2857,-38.8868,2.4029],[-62.2871,-38.8882,1.2126],[-62.2843,-38.8918,2.7549],[-62.2865,-38.8921,1.4757],[-62.2865,-38.8935,1.9703],[-62.2849,-38.8951,1.9592],[-62.2863,-38.8965,3.0836],[-62.2887,-38.8943,1.0361],[-62.2876,-38.8965,2.3801],[-62.2912,-38.8979,1.7267],[-62.2871,-38.8996,1.4447],[-62.2876,-38.9024,0.971],[-62.2793,-38.9004,2.2156],[-62.2804,-38.8982,2.2291],[-62.2751,-38.8957,3.0293],[-62.2768,-38.8929,1.8048],[-62.2793,-38.8929,1.8393],[-62.2807,-38.8899,1.7898],[-62.2779,-38.8874,2.4016],[-62.2768,-38.8896,1.0941],[-62.2751,-38.8896,1.1711],[-62.2737,-38.8854,1.2674],[-62.2746,-38.8835,2.7177],[-62.2796,-38.8821,1.9946]]],
[[[-62.254,-38.8862,1.637],[-62.2551,-38.8835,1.0316],[-62.2568,-38.8835,0.3166],[-62.2565,-38.8857,1.7513],[-62.2585,-38.8865,1.9488],[-62.2632,-38.8849,1.8013],[-62.2649,-38.886,0.9889],[-62.2637,-38.8879,2.1624],[-62.2651,-38.8893,1.4682],[-62.2624,-38.8921,0.593],[-62.256,-38.8935,1.3467],[-62.2535,-38.8918,1.596],[-62.2549,-38.8899,2.2645],[-62.2535,-38.8885,2.0012],[-62.254,-38.8862,1.637]]],
[[[-62.2454,-38.8838,1.5577],[-62.2479,-38.8824,0.2046],[-62.2476,-38.8849,1.8672],[-62.2393,-38.891,1.9618],[-62.2365,-38.8913,0.7885],[-62.2363,-38.889,1.2163],[-62.2337,-38.8901,0.8157],[-62.2337,-38.8843,1.62],[-62.2415,-38.8835,1.1881],[-62.2435,-38.8849,1.6796],[-62.2454,-38.8838,1.5577]]],
[[[-62.2879,-38.886,1.8647],[-62.2896,-38.8838,1.8848],[-62.2946,-38.8846,0.9822],[-62.2924,-38.8851,2.3258],[-62.2904,-38.8885,0.5914],[-62.2876,-38.8874,2.3171],[-62.2879,-38.886,1.8647]]],
[[[-62.3443,-38.8357,1.1106],[-62.3451,-38.8368,1.2215],[-62.3396,-38.8343,0.8269],[-62.336,-38.8296,0.0],[-62.3379,-38.8301,0.9183],[-62.3443,-38.8357,1.1106]]],
[[[-62.1476,-38.8393,0.5014],[-62.1496,-38.8362,1.0426],[-62.151,-38.839,1.4368],[-62.1496,-38.8432,0.2189],[-62.1454,-38.8471,0.5612],[-62.1421,-38.8471,0.0],[-62.1401,-38.8451,0.0],[-62.1407,-38.8415,0.0],[-62.1435,-38.8404,0.3371],[-62.1463,-38.8415,1.5646],[-62.1476,-38.8393,0.5014]]],
[[[-62.2815,-38.8399,0.9044],[-62.2832,-38.8385,0.9353],[-62.2818,-38.8418,0.7771],[-62.2799,-38.8421,0.9887],[-62.2796,-38.841,0.9476],[-62.2815,-38.8399,0.9044]]],
[[[-62.2901,-38.8338,1.1372],[-62.2949,-38.8329,0.9517],[-62.2982,-38.839,0.9579],[-62.2879,-38.8413,0.8185],[-62.2874,-38.8379,1.6029],[-62.2901,-38.8338,1.1372]]],
[[[-62.2343,-38.8404,1.2115],[-62.2321,-38.8407,1.4072],[-62.2318,-38.8387,1.6795],[-62.234,-38.8382,1.2373],[-62.2343,-38.8404,1.2115]]],
[[[-62.1846,-38.8435,1.0348],[-62.189,-38.8424,0.7077],[-62.1901,-38.8449,1.488],[-62.1915,-38.8435,1.3696],[-62.1932,-38.8446,1.5142],[-62.1935,-38.8429,0.6331],[-62.199,-38.8437,0.6319],[-62.2004,-38.8471,2.3316],[-62.1987,-38.8524,1.0153],[-62.1954,-38.8518,1.1685],[-62.194,-38.8476,1.4036],[-62.1899,-38.8493,1.2677],[-62.186,-38.8465,1.289],[-62.1868,-38.8504,1.2388],[-62.1804,-38.8532,1.0018],[-62.1796,-38.8471,0.6247],[-62.1846,-38.8435,1.0348]]],
[[[-62.2846,-38.8429,1.2427],[-62.2863,-38.8413,1.4811],[-62.2921,-38.8421,0.4939],[-62.2924,-38.8479,1.5902],[-62.2874,-38.8479,1.8536],[-62.284,-38.8451,1.7313],[-62.2846,-38.8429,1.2427]]],
[[[-62.2526,-38.8426,1.2577],[-62.2529,-38.8393,1.1882],[-62.2546,-38.8393,1.1311],[-62.2562,-38.8426,1.1808],[-62.2526,-38.8426,1.2577]]],
[[[-62.1676,-38.8324,0.6988],[-62.1674,-38.831,0.6322],[-62.171,-38.8307,1.0059],[-62.171,-38.8346,1.3753],[-62.1735,-38.8354,1.3852],[-62.1743,-38.831,1.0247],[-62.1818,-38.8315,1.3982],[-62.1771,-38.8351,1.0625],[-62.1768,-38.839,1.4294],[-62.1721,-38.839,1.4393],[-62.1704,-38.8437,1.2704],[-62.1668,-38.8399,1.4197],[-62.1618,-38.8424,1.2908],[-62.1643,-38.8385,0.3478],[-62.1707,-38.8379,1.4055],[-62.1676,-38.8365,0.9288],[-62.1676,-38.8324,0.6988]]],
[[[-62.2154,-38.836,1.2036],[-62.219,-38.8343,0.0],[-62.2179,-38.8396,0.0],[-62.214,-38.844,0.907],[-62.2126,-38.8418,0.73],[-62.2149,-38.8407,1.5227],[-62.2154,-38.836,1.2036]]],
[[[-62.1526,-38.8288,0.6473],[-62.1529,-38.8276,0.643],[-62.1549,-38.8282,0.9996],[-62.1538,-38.8343,1.2829],[-62.156,-38.8357,1.2784],[-62.1554,-38.831,1.2224],[-62.1596,-38.834,1.2142],[-62.1599,-38.8301,1.0571],[-62.1618,-38.8282,0.7724],[-62.1601,-38.8382,1.3396],[-62.156,-38.8371,1.3478],[-62.1557,-38.8393,1.3702],[-62.151,-38.8432,0.2189],[-62.1518,-38.8343,0.7115],[-62.1499,-38.8351,1.0426],[-62.1493,-38.8338,0.8815],[-62.1526,-38.8288,0.6473]]],
[[[-62.2515,-38.8293,1.1567],[-62.2521,-38.8304,1.3491],[-62.2529,-38.8285,1.2677],[-62.2549,-38.8285,1.2163],[-62.2571,-38.8299,1.2489],[-62.256,-38.8318,1.253],[-62.254,-38.8315,1.3395],[-62.2537,-38.8343,1.2791],[-62.2493,-38.8357,1.3342],[-62.249,-38.8387,1.0738],[-62.246,-38.8396,1.182],[-62.2429,-38.8374,1.3798],[-62.246,-38.8429,1.2037],[-62.2374,-38.8426,0.2238],[-62.2438,-38.8343,1.2291],[-62.2462,-38.8346,1.3437],[-62.2462,-38.8304,0.9756],[-62.2515,-38.8293,1.1567]]],
[[[-62.1621,-38.8318,1.3663],[-62.1626,-38.829,0.7724],[-62.164,-38.8326,1.3526],[-62.1646,-38.8301,1.3548],[-62.164,-38.8296,1.3548],[-62.1662,-38.8293,0.5245],[-62.1662,-38.8371,0.3417],[-62.1635,-38.8379,1.3148],[-62.1621,-38.8365,0.5481],[-62.1621,-38.8318,1.3663]]],
[[[-62.3346,-38.8607,2.5416],[-62.3354,-38.8587,1.8257],[-62.339,-38.8604,2.101],[-62.3354,-38.8679,1.7267],[-62.3326,-38.8626,2.2525],[-62.3346,-38.8607,2.5416]]],
[[[-62.3157,-38.8685,2.9609],[-62.3171,-38.8643,0.0],[-62.3182,-38.8674,1.5447],[-62.3218,-38.8701,1.7756],[-62.3218,-38.8724,3.0779],[-62.3229,-38.8721,1.1314],[-62.3221,-38.8746,0.0249],[-62.3143,-38.8724,1.6979],[-62.3157,-38.8685,2.9609]]],
[[[-62.2774,-38.8668,0.452],[-62.276,-38.8657,1.0582],[-62.2821,-38.8671,0.7124],[-62.2796,-38.8674,0.7409],[-62.2774,-38.8668,0.452]]],
[[[-62.3101,-38.8657,1.961],[-62.311,-38.8643,0.6023],[-62.3146,-38.864,0.8445],[-62.3143,-38.8662,0.9889],[-62.3104,-38.8679,2.3418],[-62.3096,-38.8704,0.0],[-62.3107,-38.8737,1.7699],[-62.3151,-38.8743,0.4328],[-62.3132,-38.8771,2.9603],[-62.3135,-38.8796,2.4648],[-62.3146,-38.8807,1.9192],[-62.3171,-38.8799,1.695],[-62.3196,-38.8751,0.6211],[-62.3226,-38.8763,1.5158],[-62.3226,-38.879,1.6343],[-62.3196,-38.8787,2.2963],[-62.321,-38.8812,1.6013],[-62.3165,-38.886,2.693],[-62.3082,-38.8868,1.9194],[-62.3085,-38.8899,1.1264],[-62.3063,-38.891,2.6223],[-62.3046,-38.8904,1.6823],[-62.3057,-38.8882,2.7626],[-62.3046,-38.8882,2.1837],[-62.301,-38.8915,0.9539],[-62.2962,-38.8915,2.539],[-62.2965,-38.8935,1.1958],[-62.2943,-38.8949,0.8491],[-62.2929,-38.8924,0.9797],[-62.2949,-38.8874,0.5793],[-62.2993,-38.8843,0.3381],[-62.3049,-38.8843,2.5385],[-62.3074,-38.8818,1.9135],[-62.3065,-38.8799,2.2868],[-62.3029,-38.8793,2.5632],[-62.2988,-38.8815,0.0],[-62.2951,-38.8799,0.9917],[-62.2899,-38.881,1.4852],[-62.289,-38.8776,2.0098],[-62.291,-38.876,1.9537],[-62.2782,-38.8765,1.4337],[-62.2749,-38.8735,1.7724],[-62.2757,-38.8776,1.611],[-62.2729,-38.8782,0.8689],[-62.2701,-38.8774,1.4177],[-62.269,-38.8746,1.9028],[-62.2707,-38.8712,1.9488],[-62.2693,-38.8676,1.7207],[-62.2749,-38.8671,0.0],[-62.2821,-38.8693,0.7814],[-62.2907,-38.8654,0.4301],[-62.2924,-38.8707,2.0744],[-62.2946,-38.8707,0.0],[-62.296,-38.8732,1.8665],[-62.2971,-38.8712,0.3272],[-62.2993,-38.8721,0.9124],[-62.3018,-38.8751,2.7579],[-62.3032,-38.8724,1.571],[-62.3024,-38.8704,0.8406],[-62.3043,-38.8707,1.874],[-62.3101,-38.8657,1.961]]],
[[[-62.1635,-38.8618,1.4558],[-62.1649,-38.8604,0.6263],[-62.1632,-38.8637,1.518],[-62.1657,-38.864,1.5609],[-62.1768,-38.8618,1.373],[-62.1771,-38.8643,1.5957],[-62.1637,-38.8657,1.1839],[-62.1621,-38.8643,1.518],[-62.1635,-38.8618,1.4558]]],
[[[-62.289,-38.8626,0.9228],[-62.2915,-38.8618,1.3667],[-62.2935,-38.864,0.1691],[-62.2882,-38.864,0.2655],[-62.289,-38.8626,0.9228]]],
[[[-62.2624,-38.8626,1.2543],[-62.2615,-38.861,0.3877],[-62.2626,-38.8604,0.0],[-62.2668,-38.8646,0.9975],[-62.2643,-38.8646,1.3122],[-62.2624,-38.8626,1.2543]]],
[[[-62.2679,-38.8618,0.8802],[-62.2676,-38.8585,1.1227],[-62.2699,-38.8579,1.1508],[-62.2715,-38.8599,1.3231],[-62.2699,-38.8607,1.3351],[-62.2704,-38.864,0.9054],[-62.2679,-38.8618,0.8802]]],
[[[-62.2649,-38.856,1.1616],[-62.2663,-38.8535,1.1777],[-62.2704,-38.8551,0.7237],[-62.2676,-38.8557,1.1141],[-62.2649,-38.8587,0.776],[-62.2579,-38.8593,0.9099],[-62.2593,-38.8551,0.8032],[-62.2635,-38.8568,1.292],[-62.2649,-38.856,1.1616]]],
[[[-62.1904,-38.8596,1.3835],[-62.1901,-38.856,1.0136],[-62.1979,-38.8554,1.3859],[-62.1918,-38.8635,1.1982],[-62.1821,-38.8651,0.7697],[-62.1829,-38.8629,1.2011],[-62.1912,-38.8621,1.5458],[-62.194,-38.8579,1.5697],[-62.1904,-38.8596,1.3835]]],
[[[-62.2399,-38.8451,1.2997],[-62.2415,-38.8435,1.2282],[-62.2432,-38.8443,1.2629],[-62.2393,-38.8474,1.1739],[-62.2426,-38.8482,1.261],[-62.2446,-38.8587,0.4996],[-62.2404,-38.8546,1.3281],[-62.2307,-38.8574,0.9779],[-62.2307,-38.8557,0.9425],[-62.234,-38.8554,1.209],[-62.2324,-38.8546,1.0917],[-62.2332,-38.8524,1.1284],[-62.2313,-38.8501,1.7218],[-62.2351,-38.846,0.1624],[-62.2382,-38.8465,1.1739],[-62.2399,-38.8451,1.2997]]],
[[[-62.2718,-38.8318,1.0675],[-62.2713,-38.8299,0.9836],[-62.2793,-38.8304,0.5814],[-62.2768,-38.8321,0.7981],[-62.2718,-38.8318,1.0675]]],
[[[-62.1904,-38.8276,1.0689],[-62.1932,-38.8268,1.3457],[-62.1907,-38.829,1.4255],[-62.1896,-38.8271,0.9599],[-62.1904,-38.8276,1.0689]]],
[[[-62.2054,-38.8282,1.4452],[-62.2068,-38.8262,1.171],[-62.2088,-38.8271,0.2642],[-62.2076,-38.8293,1.153],[-62.2054,-38.8282,1.4452]]],
[[[-62.2582,-38.8315,1.3443],[-62.2588,-38.8285,0.9531],[-62.2604,-38.8282,0.0],[-62.264,-38.8346,1.0716],[-62.2582,-38.8332,1.2279],[-62.2582,-38.8315,1.3443]]],
[[[-62.2776,-38.8243,1.2875],[-62.2807,-38.8235,1.3604],[-62.2751,-38.8285,1.2242],[-62.2737,-38.8271,1.3661],[-62.2718,-38.8276,1.1036],[-62.2721,-38.8257,1.1166],[-62.2776,-38.8243,1.2875]]],
[[[-62.2404,-38.8215,1.1431],[-62.2501,-38.8213,0.9951],[-62.2507,-38.8229,0.9951],[-62.2404,-38.8246,1.096],[-62.2349,-38.8271,1.5087],[-62.2343,-38.8288,1.2028],[-62.2321,-38.8285,1.4424],[-62.2335,-38.8221,1.2978],[-62.2404,-38.8215,1.1431]]],
[[[-62.1474,-39.0307,0.2707],[-62.1499,-39.0285,0.0],[-62.1518,-39.0288,0.5964],[-62.1518,-39.0326,1.3825],[-62.1538,-39.0326,1.3098],[-62.154,-39.0346,1.2503],[-62.1487,-39.0365,1.1724],[-62.149,-39.031,1.2682],[-62.1485,-39.0332,1.276],[-62.1446,-39.0351,0.9947],[-62.1474,-39.0307,0.2707]]],
[[[-62.1037,-39.029,1.3676],[-62.1065,-39.0276,1.0965],[-62.111,-39.0318,1.2648],[-62.1093,-39.0326,1.3945],[-62.1076,-39.031,1.7553],[-62.1057,-39.0324,2.0843],[-62.1087,-39.0349,1.1168],[-62.1076,-39.036,1.858],[-62.1012,-39.0326,1.4754],[-62.1012,-39.0301,1.2961],[-62.1037,-39.029,1.3676]]],
[[[-62.1071,-39.059,0.9675],[-62.1046,-39.0593,0.8091],[-62.1029,-39.0576,0.0],[-62.1068,-39.0579,0.0],[-62.1071,-39.059,0.9675]]],
[[[-62.111,-39.0493,1.5323],[-62.1101,-39.0482,1.5323],[-62.1126,-39.0474,0.1855],[-62.1129,-39.0526,0.5231],[-62.1115,-39.0526,1.3706],[-62.111,-39.0493,1.5323]]],
[[[-62.0871,-39.0576,0.8319],[-62.086,-39.0568,0.8319],[-62.0951,-39.0563,1.2417],[-62.099,-39.0574,0.6061],[-62.0993,-39.059,1.3344],[-62.0896,-39.0582,1.2273],[-62.0876,-39.0593,1.2744],[-62.0871,-39.0576,0.8319]]],
[[[-62.0421,-39.0571,0.3133],[-62.0404,-39.0571,0.902],[-62.0396,-39.056,1.237],[-62.0432,-39.0554,1.0745],[-62.0421,-39.0571,0.3133]]],
[[[-62.0396,-39.0432,0.6166],[-62.0451,-39.0418,0.7891],[-62.0471,-39.0449,1.08],[-62.0446,-39.0435,1.2074],[-62.0401,-39.0443,1.1417],[-62.0418,-39.0451,1.179],[-62.0404,-39.0476,1.1976],[-62.0435,-39.0485,1.1473],[-62.0435,-39.0499,1.0714],[-62.0401,-39.0501,1.0155],[-62.0401,-39.0482,0.9417],[-62.0382,-39.0471,0.9088],[-62.0329,-39.0496,1.0413],[-62.0379,-39.046,1.2298],[-62.0396,-39.0432,0.6166]]],
[[[-61.8279,-38.9804,0.9387],[-61.8315,-38.9793,0.3661],[-61.8354,-38.9793,0.0],[-61.8271,-38.9815,0.0],[-61.8279,-38.9804,0.9387]]],
[[[-61.8404,-38.9774,0.0],[-61.8424,-38.976,0.5479],[-61.8435,-38.976,0.5479],[-61.8413,-38.9785,0.0],[-61.8404,-38.9774,0.0]]],
[[[-61.8457,-38.9743,1.3772],[-61.8499,-38.9729,1.874],[-61.8479,-38.9754,0.0],[-61.8443,-38.976,0.5479],[-61.8457,-38.9743,1.3772]]],
[[[-62.2321,-39.0074,1.7474],[-62.2349,-39.0051,1.1252],[-62.2438,-39.006,2.0084],[-62.2435,-39.0085,1.7695],[-62.2401,-39.0088,1.7197],[-62.2401,-39.0118,1.6581],[-62.2415,-39.0137,2.1683],[-62.2451,-39.0146,2.121],[-62.2418,-39.016,2.4131],[-62.2415,-39.021,2.3934],[-62.2376,-39.0229,2.9044],[-62.2363,-39.0254,1.784],[-62.2335,-39.0249,1.6933],[-62.2307,-39.0201,2.2775],[-62.2313,-39.0168,2.6444],[-62.2357,-39.0165,2.2051],[-62.2354,-39.0154,2.1724],[-62.2293,-39.0168,1.8456],[-62.2293,-39.0204,2.2775],[-62.2321,-39.0232,1.6649],[-62.2321,-39.0246,1.4098],[-62.2299,-39.0243,2.2753],[-62.2235,-39.0224,2.5671],[-62.2229,-39.0185,2.1931],[-62.2185,-39.0129,2.3024],[-62.2201,-39.0104,2.5749],[-62.2238,-39.0121,2.9215],[-62.2321,-39.0074,1.7474]]],
[[[-62.0601,-39.0165,1.2404],[-62.0638,-39.0148,2.1125],[-62.064,-39.0196,0.9837],[-62.0612,-39.0199,0.9872],[-62.0601,-39.0165,1.2404]]],
[[[-62.0707,-39.0171,1.8961],[-62.0707,-39.0146,2.0847],[-62.0721,-39.014,2.415],[-62.0735,-39.0171,2.2807],[-62.0776,-39.0176,2.0832],[-62.0779,-39.0213,1.1228],[-62.071,-39.0213,1.2106],[-62.0724,-39.0187,1.9121],[-62.0707,-39.0171,1.8961]]],
[[[-62.0715,-39.0129,2.1147],[-62.0732,-39.0088,2.2538],[-62.076,-39.0101,2.1996],[-62.0804,-39.0093,1.6928],[-62.0782,-39.0124,2.4302],[-62.081,-39.0157,2.5664],[-62.0743,-39.0163,2.2807],[-62.0715,-39.0129,2.1147]]],
[[[-62.2126,-39.0043,1.6337],[-62.2149,-39.0024,1.8275],[-62.2179,-39.0051,2.4135],[-62.2201,-39.0051,2.1233],[-62.2193,-39.0065,2.4586],[-62.2204,-39.0071,2.4586],[-62.2271,-39.0071,1.3802],[-62.2279,-39.0085,1.9645],[-62.224,-39.0096,1.9392],[-62.2174,-39.0074,2.5424],[-62.2146,-39.009,2.9079],[-62.2165,-39.0112,2.1708],[-62.2157,-39.0135,1.9411],[-62.2112,-39.016,2.7641],[-62.2112,-39.0187,2.0855],[-62.2132,-39.0196,1.7175],[-62.2126,-39.0215,1.0678],[-62.211,-39.0215,1.0678],[-62.2082,-39.0176,1.6589],[-62.2035,-39.0196,1.0409],[-62.2024,-39.0154,0.7846],[-62.2043,-39.0132,1.4603],[-62.2038,-39.0118,1.6624],[-62.1999,-39.0146,1.2568],[-62.1985,-39.0093,1.4308],[-62.194,-39.0065,1.2881],[-62.1943,-39.0043,2.1464],[-62.1968,-39.0043,1.2045],[-62.1982,-39.0082,2.2257],[-62.2015,-39.0104,1.2089],[-62.1993,-39.0076,1.7991],[-62.1987,-39.0035,1.7727],[-62.2026,-39.0026,1.0988],[-62.2093,-39.0051,1.76],[-62.2126,-39.0043,1.6337]]],
[[[-62.0707,-39.0065,1.6264],[-62.0704,-39.0051,1.4314],[-62.0732,-39.0057,1.9278],[-62.0732,-39.0076,2.2045],[-62.0726,-39.0076,2.0736],[-62.0707,-39.0065,1.6264]]],
[[[-62.0076,-38.999,0.8516],[-62.0065,-38.9976,0.848],[-62.0076,-38.9965,1.0895],[-62.0115,-38.9979,0.6277],[-62.0115,-38.9985,0.3265],[-62.0107,-38.9987,0.5491],[-62.0076,-38.999,0.8516]]],
[[[-62.1338,-39.0001,0.0],[-62.1377,-38.9996,1.1405],[-62.1396,-39.0013,0.1997],[-62.136,-39.0013,0.4926],[-62.1338,-39.0001,0.0]]],
[[[-62.1579,-38.9993,0.0],[-62.1646,-38.999,0.5962],[-62.1659,-38.9999,0.8649],[-62.1651,-39.0029,0.8175],[-62.1576,-39.0021,0.9131],[-62.1579,-38.9993,0.0]]],
[[[-62.2179,-39.001,0.7441],[-62.2163,-39.0013,1.8275],[-62.2165,-38.9996,1.7721],[-62.2174,-38.9999,0.7441],[-62.2179,-39.001,0.7441]]],
[[[-62.2199,-38.9999,1.4858],[-62.2199,-39.001,1.4858],[-62.219,-39.001,1.4858],[-62.219,-38.9996,1.4858],[-62.2199,-38.9999,1.4858]]],
[[[-62.0551,-38.986,0.4409],[-62.0571,-38.9846,0.1274],[-62.0512,-38.9904,0.0],[-62.0512,-38.9899,0.0],[-62.0551,-38.986,0.4409]]],
[[[-62.3035,-38.9451,0.9806],[-62.3024,-38.9443,2.2309],[-62.3024,-38.9415,1.5289],[-62.3046,-38.9421,1.0665],[-62.3035,-38.9451,0.9806]]],
[[[-62.2579,-38.9362,1.262],[-62.2593,-38.9343,0.5621],[-62.2582,-38.939,1.9796],[-62.2596,-38.941,2.2936],[-62.2518,-38.9404,1.9263],[-62.254,-38.939,2.4717],[-62.2543,-38.9368,2.2809],[-62.2571,-38.9379,2.2405],[-62.2579,-38.9362,1.262]]],
[[[-62.2668,-38.9315,2.1677],[-62.2679,-38.9321,2.1677],[-62.2687,-38.9301,1.9204],[-62.2749,-38.9315,0.7533],[-62.2785,-38.9365,2.4792],[-62.2824,-38.9393,2.0485],[-62.2843,-38.9388,0.7112],[-62.284,-38.9426,0.8231],[-62.2799,-38.9426,1.4856],[-62.2782,-38.9374,2.4792],[-62.2749,-38.9362,2.4021],[-62.2732,-38.9371,2.2139],[-62.2746,-38.941,1.2905],[-62.2721,-38.9415,1.2645],[-62.2713,-38.9382,2.2394],[-62.2621,-38.9307,1.986],[-62.2668,-38.9315,2.1677]]],
[[[-62.2974,-38.9701,2.6178],[-62.299,-38.9679,0.2278],[-62.301,-38.9682,2.4034],[-62.3021,-38.9718,1.3077],[-62.3082,-38.9754,1.2969],[-62.3076,-38.9782,1.9267],[-62.3035,-38.976,2.6679],[-62.3015,-38.9793,1.8795],[-62.3051,-38.9793,1.6422],[-62.3046,-38.9801,1.9031],[-62.2954,-38.9804,1.7978],[-62.2926,-38.9712,1.239],[-62.3024,-38.9762,2.5285],[-62.2993,-38.9721,2.5191],[-62.296,-38.9718,1.3995],[-62.2974,-38.9701,2.6178]]],
[[[-62.3054,-38.9729,3.2206],[-62.3035,-38.9687,0.5121],[-62.3085,-38.9693,0.5557],[-62.3087,-38.9712,2.9333],[-62.3126,-38.9718,1.5534],[-62.3151,-38.9704,1.8732],[-62.319,-38.9724,2.2471],[-62.3182,-38.9738,1.5487],[-62.3132,-38.9721,1.5534],[-62.3171,-38.9738,1.9173],[-62.3165,-38.9751,1.9957],[-62.3054,-38.9729,3.2206]]],
[[[-62.0821,-38.971,1.0013],[-62.0849,-38.9696,1.3542],[-62.086,-38.9715,1.1192],[-62.0838,-38.9724,1.2975],[-62.0821,-38.971,1.0013]]],
[[[-62.2496,-38.9693,1.6048],[-62.2532,-38.9676,0.5036],[-62.2571,-38.971,0.4687],[-62.2562,-38.9749,2.399],[-62.2585,-38.9751,1.9041],[-62.2579,-38.9796,3.0613],[-62.2535,-38.9818,2.0782],[-62.2532,-38.9849,0.0],[-62.2443,-38.984,1.8484],[-62.2404,-38.979,1.8737],[-62.2496,-38.9693,1.6048]]],
[[[-62.1321,-38.9482,0.8531],[-62.1365,-38.9468,0.9234],[-62.1401,-38.9482,1.393],[-62.141,-38.9501,1.0028],[-62.1446,-38.9493,0.0],[-62.1549,-38.9535,0.7241],[-62.1593,-38.9565,0.9482],[-62.1629,-38.9629,1.9406],[-62.161,-38.9643,2.1449],[-62.1521,-38.9593,1.7544],[-62.1535,-38.9637,1.9501],[-62.1551,-38.9654,2.4852],[-62.1571,-38.9649,2.1582],[-62.1571,-38.9674,2.7706],[-62.1515,-38.9785,1.129],[-62.1482,-38.9776,2.2407],[-62.1426,-38.9718,1.858],[-62.1421,-38.9685,2.0608],[-62.1446,-38.9649,2.131],[-62.1418,-38.966,2.6461],[-62.1393,-38.9696,2.1772],[-62.1407,-38.9782,2.3273],[-62.1426,-38.9776,2.4936],[-62.1437,-38.9799,2.6428],[-62.1487,-38.9804,2.5733],[-62.1493,-38.9832,1.3807],[-62.1465,-38.9868,2.4634],[-62.1343,-38.9849,1.8663],[-62.1343,-38.9824,2.5723],[-62.1329,-38.9821,2.5723],[-62.1315,-38.9899,3.0756],[-62.1343,-38.991,1.7191],[-62.1338,-38.9874,1.3234],[-62.1376,-38.9899,2.4179],[-62.136,-38.9863,2.5075],[-62.1379,-38.986,1.4961],[-62.1449,-38.9896,2.0971],[-62.146,-38.9924,1.6035],[-62.1387,-38.9929,2.4636],[-62.1382,-38.9912,2.4179],[-62.1354,-38.9912,2.4576],[-62.1332,-38.9929,2.0863],[-62.1296,-38.991,2.2872],[-62.1257,-38.9868,1.3076],[-62.1257,-38.9857,1.5995],[-62.1301,-38.9865,2.4501],[-62.131,-38.9854,2.1687],[-62.1287,-38.9793,2.4534],[-62.1265,-38.9821,1.8924],[-62.1215,-38.9807,2.5171],[-62.119,-38.9815,1.2842],[-62.1176,-38.9793,2.565],[-62.1157,-38.9807,1.8698],[-62.1043,-38.9779,1.8719],[-62.099,-38.9757,1.2479],[-62.0979,-38.9735,1.6187],[-62.0979,-38.9715,1.5974],[-62.1049,-38.9663,1.8083],[-62.1032,-38.9649,1.5139],[-62.1007,-38.9668,1.3064],[-62.0993,-38.964,0.5995],[-62.1018,-38.9624,1.4669],[-62.1021,-38.9582,1.194],[-62.1079,-38.9562,0.0],[-62.1037,-38.9612,1.5174],[-62.109,-38.9585,1.14],[-62.1057,-38.9626,1.4749],[-62.1124,-38.9649,2.1626],[-62.1146,-38.964,1.6945],[-62.1129,-38.9601,1.5067],[-62.1137,-38.9538,0.0],[-62.1171,-38.9543,1.0609],[-62.1237,-38.9607,1.0383],[-62.1212,-38.9562,1.4312],[-62.1249,-38.9551,1.5573],[-62.1265,-38.9518,1.713],[-62.1321,-38.9482,0.8531]]],
[[[-62.314,-38.9699,1.8732],[-62.3126,-38.9687,1.9011],[-62.316,-38.9687,1.9768],[-62.3157,-38.9701,1.544],[-62.314,-38.9699,1.8732]]],
[[[-62.0885,-38.9663,1.2851],[-62.0904,-38.964,0.0],[-62.0924,-38.9674,1.3978],[-62.0946,-38.9665,1.2068],[-62.0943,-38.9676,1.2068],[-62.0926,-38.9685,1.4162],[-62.0929,-38.971,1.3278],[-62.091,-38.9693,1.4187],[-62.0887,-38.9712,1.374],[-62.0874,-38.969,1.4885],[-62.0857,-38.9696,1.2151],[-62.0865,-38.9668,0.198],[-62.0885,-38.9663,1.2851]]],
[[[-62.2104,-38.9565,1.3267],[-62.211,-38.9496,1.3473],[-62.2121,-38.9496,1.3473],[-62.2121,-38.9557,0.5934],[-62.2104,-38.9565,1.3267]]],
[[[-62.2257,-38.9546,2.2799],[-62.2265,-38.9499,0.3897],[-62.2282,-38.9499,1.7526],[-62.2265,-38.9524,1.5563],[-62.2285,-38.954,2.3975],[-62.2279,-38.9565,1.1193],[-62.224,-38.9571,1.5765],[-62.2224,-38.9557,1.7066],[-62.2232,-38.9535,1.6877],[-62.2257,-38.9546,2.2799]]],
[[[-62.231,-38.9518,1.6308],[-62.2321,-38.9499,2.278],[-62.2354,-38.951,2.5428],[-62.2332,-38.9549,1.126],[-62.231,-38.9518,1.6308]]],
[[[-62.2082,-38.9604,1.4572],[-62.2032,-38.959,1.4343],[-62.2121,-38.9585,0.7452],[-62.2118,-38.961,1.4831],[-62.2082,-38.9604,1.4572]]],
[[[-62.1732,-38.9174,1.4037],[-62.1726,-38.9157,1.0262],[-62.1746,-38.9151,0.9047],[-62.179,-38.919,0.0],[-62.1813,-38.9229,0.0],[-62.1804,-38.9285,1.0951],[-62.1821,-38.9287,1.0673],[-62.1837,-38.9329,0.7327],[-62.1896,-38.9349,1.2883],[-62.1907,-38.9374,1.3908],[-62.194,-38.9379,1.389],[-62.2001,-38.9432,2.0254],[-62.1987,-38.9443,2.0254],[-62.1946,-38.9424,1.6369],[-62.1963,-38.9457,1.2465],[-62.1937,-38.9468,1.4474],[-62.1963,-38.949,1.3004],[-62.1929,-38.9485,1.4299],[-62.191,-38.9529,1.1337],[-62.1985,-38.9551,1.0477],[-62.1993,-38.9571,1.2309],[-62.2018,-38.9574,1.1942],[-62.2018,-38.9593,1.4408],[-62.1893,-38.9565,1.3473],[-62.181,-38.9526,1.4749],[-62.1688,-38.9435,0.8455],[-62.1882,-38.9515,0.6153],[-62.1685,-38.9426,0.6888],[-62.1615,-38.9371,1.525],[-62.1546,-38.9349,0.7382],[-62.1554,-38.9293,1.3929],[-62.1585,-38.929,1.3705],[-62.1576,-38.9318,1.3529],[-62.1557,-38.9326,1.4096],[-62.1565,-38.9343,1.4801],[-62.161,-38.9346,1.5653],[-62.1635,-38.9368,1.5926],[-62.1674,-38.936,1.2465],[-62.1671,-38.9396,1.4076],[-62.1707,-38.9418,1.5358],[-62.1743,-38.9396,1.1732],[-62.1807,-38.9437,1.6773],[-62.1837,-38.9429,1.5236],[-62.1818,-38.9335,1.9686],[-62.1738,-38.9349,1.3699],[-62.1729,-38.9313,2.0963],[-62.1715,-38.931,1.8165],[-62.1718,-38.9274,1.557],[-62.1665,-38.926,1.5451],[-62.1646,-38.9221,1.5465],[-62.1626,-38.9229,1.1094],[-62.1624,-38.926,1.101],[-62.1568,-38.9246,1.389],[-62.1568,-38.9226,0.2277],[-62.1626,-38.9212,0.3111],[-62.1651,-38.919,0.2973],[-62.169,-38.9188,1.44],[-62.1729,-38.9215,1.6379],[-62.1749,-38.9199,1.5592],[-62.1732,-38.9174,1.4037]]],
[[[-62.2157,-38.9496,1.1967],[-62.2157,-38.9479,1.299],[-62.2179,-38.9482,1.3652],[-62.2179,-38.9507,1.0284],[-62.2151,-38.9507,1.1967],[-62.2157,-38.9496,1.1967]]],
[[[-62.2751,-38.9479,2.5138],[-62.276,-38.944,1.8855],[-62.2788,-38.9437,0.8676],[-62.2826,-38.946,1.9379],[-62.2812,-38.9479,2.1957],[-62.2818,-38.9512,2.029],[-62.2713,-38.9512,2.4272],[-62.2718,-38.9493,2.0906],[-62.2751,-38.9479,2.5138]]],
[[[-62.2624,-38.9435,2.368],[-62.2637,-38.9401,1.3818],[-62.2668,-38.9415,1.7309],[-62.2685,-38.9404,0.6394],[-62.2668,-38.9429,1.7309],[-62.2704,-38.9449,2.1118],[-62.271,-38.9474,1.9808],[-62.269,-38.9499,2.2422],[-62.271,-38.9501,2.4272],[-62.2596,-38.9549,1.4147],[-62.2588,-38.9515,2.3839],[-62.2646,-38.9507,1.785],[-62.2624,-38.9435,2.368]]],
[[[-62.2351,-38.9357,1.3063],[-62.2374,-38.9343,1.3498],[-62.2376,-38.9382,2.7991],[-62.2393,-38.9376,1.4138],[-62.2407,-38.9418,2.3321],[-62.2424,-38.9415,1.171],[-62.2424,-38.9454,1.6972],[-62.2446,-38.9449,2.3785],[-62.244,-38.9418,0.6542],[-62.2465,-38.9446,2.853],[-62.2521,-38.9451,1.322],[-62.254,-38.9482,2.6557],[-62.2557,-38.9479,1.8132],[-62.256,-38.9454,1.9836],[-62.2579,-38.9454,1.9836],[-62.2585,-38.9482,1.166],[-62.2554,-38.9521,2.5412],[-62.2562,-38.954,2.257],[-62.2529,-38.9551,1.9237],[-62.251,-38.954,2.5977],[-62.2476,-38.9579,2.8179],[-62.2451,-38.9579,1.9139],[-62.2451,-38.9551,2.0635],[-62.2476,-38.9557,2.2238],[-62.2496,-38.9529,1.9669],[-62.2526,-38.9518,2.5978],[-62.2476,-38.9507,3.058],[-62.2465,-38.9532,1.9682],[-62.2432,-38.9532,2.6203],[-62.2424,-38.9557,1.8815],[-62.2385,-38.9557,1.7777],[-62.2363,-38.9482,1.6905],[-62.2332,-38.9487,1.2764],[-62.2332,-38.941,1.2243],[-62.2354,-38.9388,1.5507],[-62.2329,-38.9368,1.056],[-62.2351,-38.9357,1.3063]]],
[[[-62.1646,-38.966,1.9276],[-62.1668,-38.9649,2.2123],[-62.171,-38.966,1.6407],[-62.176,-38.9693,1.6414],[-62.1762,-38.9715,1.7992],[-62.1674,-38.9729,2.1456],[-62.1618,-38.9674,2.5924],[-62.1646,-38.966,1.9276]]],
[[[-62.2893,-38.9698,1.9002],[-62.2904,-38.9674,2.2299],[-62.2968,-38.9685,2.4098],[-62.2943,-38.9704,1.2778],[-62.2893,-38.9698,1.9002]]],
[[[-62.2626,-38.966,0.4373],[-62.271,-38.9649,1.3241],[-62.2701,-38.9682,1.1386],[-62.2643,-38.9718,0.5673],[-62.259,-38.9701,1.5024],[-62.2574,-38.9674,0.3021],[-62.2626,-38.966,0.4373]]],
[[[-62.306,-38.966,2.0858],[-62.3079,-38.9646,2.4226],[-62.309,-38.9676,2.2765],[-62.3082,-38.9682,0.5557],[-62.306,-38.966,2.0858]]],
[[[-62.2735,-38.9668,2.0383],[-62.2743,-38.9629,0.0],[-62.276,-38.9626,0.487],[-62.2768,-38.9657,1.8879],[-62.2785,-38.966,1.8879],[-62.2793,-38.9626,0.2655],[-62.2837,-38.969,2.0844],[-62.281,-38.9687,2.4369],[-62.2768,-38.9724,2.2444],[-62.2735,-38.9668,2.0383]]],
[[[-62.2968,-38.9568,1.7591],[-62.296,-38.9535,2.1648],[-62.2982,-38.9532,2.5783],[-62.3012,-38.9582,2.6675],[-62.3004,-38.9599,2.0522],[-62.3032,-38.961,2.1455],[-62.3026,-38.9632,1.9578],[-62.299,-38.9626,2.1318],[-62.2949,-38.9649,0.1956],[-62.2932,-38.9624,2.0064],[-62.2912,-38.9643,2.3207],[-62.2904,-38.9604,2.4786],[-62.2876,-38.9607,2.6474],[-62.2868,-38.9626,2.253],[-62.2843,-38.9612,2.8357],[-62.2843,-38.959,0.5835],[-62.2901,-38.9571,1.2451],[-62.2932,-38.9582,1.7114],[-62.2943,-38.9604,2.15],[-62.2971,-38.9588,1.841],[-62.2968,-38.9568,1.7591]]],
[[[-62.1532,-38.9176,1.3412],[-62.1565,-38.9162,0.0],[-62.159,-38.9162,0.0],[-62.159,-38.9179,1.3386],[-62.1629,-38.9171,0.8763],[-62.1607,-38.9193,1.4952],[-62.1571,-38.9176,1.4534],[-62.154,-38.921,1.2843],[-62.1524,-38.9193,0.1617],[-62.1532,-38.9176,1.3412]]],
[[[-62.2363,-38.9329,1.9463],[-62.2376,-38.931,0.0],[-62.2393,-38.9332,1.4388],[-62.2424,-38.9337,0.351],[-62.2426,-38.9374,2.2737],[-62.2399,-38.9371,2.0301],[-62.2387,-38.9337,1.4388],[-62.2363,-38.9329,1.9463]]],
[[[-62.1524,-38.9238,0.8655],[-62.1546,-38.9226,0.0],[-62.1546,-38.9243,1.527],[-62.151,-38.9257,1.0366],[-62.1518,-38.9282,1.5224],[-62.1493,-38.9274,1.7172],[-62.1487,-38.9287,1.4388],[-62.1504,-38.929,1.542],[-62.1529,-38.934,0.2262],[-62.1468,-38.9285,0.9007],[-62.1524,-38.9238,0.8655]]],
[[[-62.1921,-38.9265,1.3267],[-62.1926,-38.9249,0.9912],[-62.1951,-38.9249,1.1515],[-62.1951,-38.9268,1.1555],[-62.1921,-38.9265,1.3267]]],
[[[-62.2446,-38.9262,3.1234],[-62.2426,-38.9257,2.1057],[-62.2426,-38.9224,0.4798],[-62.246,-38.924,0.7757],[-62.2465,-38.9274,2.0382],[-62.2446,-38.9262,3.1234]]],
[[[-62.2371,-38.9207,0.7574],[-62.2368,-38.9251,0.7634],[-62.2354,-38.9265,0.4599],[-62.2349,-38.9207,1.0606],[-62.2371,-38.9207,0.7574]]],
[[[-62.2696,-38.9162,2.6957],[-62.2676,-38.9162,2.0653],[-62.2682,-38.9129,2.0],[-62.2746,-38.914,-0.1346],[-62.2737,-38.9162,2.1245],[-62.2696,-38.9162,2.6957]]],
[[[-62.256,-38.9124,2.7998],[-62.2576,-38.9104,2.1193],[-62.2607,-38.9126,2.0498],[-62.2629,-38.9121,1.7925],[-62.2629,-38.9143,1.8455],[-62.2612,-38.916,2.0383],[-62.2557,-38.9162,3.1007],[-62.2518,-38.9204,1.4134],[-62.2499,-38.9162,2.4955],[-62.256,-38.9124,2.7998]]],
[[[-62.2088,-38.906,1.1758],[-62.214,-38.9038,0.1551],[-62.2201,-38.9101,0.8301],[-62.2196,-38.9118,1.667],[-62.2212,-38.9124,0.2943],[-62.2226,-38.9162,2.015],[-62.2262,-38.9188,1.0363],[-62.2246,-38.9221,1.527],[-62.226,-38.9251,0.4748],[-62.224,-38.9296,0.8458],[-62.2154,-38.934,1.0663],[-62.214,-38.9368,0.1645],[-62.2121,-38.936,1.1771],[-62.2129,-38.9321,2.0261],[-62.211,-38.934,1.3213],[-62.2074,-38.9332,1.1326],[-62.2029,-38.929,0.9764],[-62.1999,-38.9232,0.2759],[-62.1918,-38.9221,1.6581],[-62.1893,-38.9235,0.0],[-62.1857,-38.9212,1.0202],[-62.1829,-38.9224,0.0],[-62.1801,-38.9162,1.4621],[-62.1804,-38.9135,1.0847],[-62.1818,-38.9135,1.0847],[-62.1813,-38.916,1.4621],[-62.1824,-38.916,1.6607],[-62.1851,-38.9126,1.4066],[-62.1874,-38.9126,1.3361],[-62.1857,-38.9154,1.0408],[-62.1876,-38.9179,1.7398],[-62.1918,-38.9171,1.5786],[-62.1929,-38.9154,1.556],[-62.1996,-38.9135,1.3615],[-62.1985,-38.9085,1.5355],[-62.204,-38.9082,1.3319],[-62.2057,-38.9051,1.375],[-62.2088,-38.906,1.1758]]],
[[[-62.2743,-38.9035,2.5165],[-62.2751,-38.8996,2.3162],[-62.2815,-38.9038,2.8669],[-62.2857,-38.9035,1.4844],[-62.2849,-38.9071,1.8199],[-62.2899,-38.9087,1.9333],[-62.2907,-38.9104,2.9818],[-62.2929,-38.9096,2.4461],[-62.2932,-38.9071,2.151],[-62.2962,-38.9093,2.7536],[-62.2982,-38.9071,2.1423],[-62.301,-38.9082,2.5963],[-62.3037,-38.9049,2.2475],[-62.3051,-38.906,2.2475],[-62.301,-38.9107,2.4848],[-62.3021,-38.9132,0.7494],[-62.2965,-38.9151,1.4169],[-62.2801,-38.9085,1.6388],[-62.2729,-38.9096,-0.0234],[-62.2699,-38.9074,2.1683],[-62.2693,-38.9038,2.2503],[-62.2707,-38.9024,2.0836],[-62.2743,-38.9035,2.5165]]],
[[[-62.1715,-39.8315,0.6113],[-62.1688,-39.8295,2.1237],[-62.1657,-39.8296,1.0098],[-62.1649,-39.8349,0.5076],[-62.1615,-39.8401,1.4128],[-62.1551,-39.8421,1.016],[-62.1504,-39.8465,1.0951],[-62.1476,-39.8512,0.8626],[-62.1482,-39.8546,0.5169],[-62.1437,-39.8587,0.0],[-62.139,-39.8565,0.3911],[-62.129,-39.859,0.6525],[-62.1226,-39.8499,0.0],[-62.1196,-39.8468,0.0],[-62.1171,-39.8465,0.0],[-62.1151,-39.8393,0.0],[-62.1165,-39.8365,0.0],[-62.1157,-39.831,0.0],[-62.1174,-39.8299,3.4054],[-62.1176,-39.826,2.7127],[-62.1221,-39.8174,2.0031],[-62.1229,-39.8004,2.8036],[-62.1265,-39.7826,2.4575],[-62.124,-39.7749,1.7969],[-62.1246,-39.7707,1.9498],[-62.1271,-39.7676,2.2357],[-62.1243,-39.7549,2.5282],[-62.126,-39.7468,2.1098],[-62.1257,-39.7296,1.8435],[-62.1215,-39.7274,1.83],[-62.1146,-39.714,1.6979],[-62.111,-39.7137,1.1471],[-62.1096,-39.7062,1.6847],[-62.1054,-39.7021,1.0089],[-62.1049,-39.6937,0.1518],[-62.1076,-39.6924,0.3321],[-62.099,-39.6932,0.2452],[-62.0996,-39.6912,0.7783],[-62.094,-39.6896,0.0612],[-62.0968,-39.6896,0.4324],[-62.1024,-39.6907,0.8874],[-62.0929,-39.6871,1.1605],[-62.0904,-39.6821,0.8859],[-62.0907,-39.6787,0.0],[-62.0937,-39.6768,0.9965],[-62.0929,-39.6732,1.4171],[-62.094,-39.6724,0.2731],[-62.0976,-39.6724,0.7393],[-62.1051,-39.6671,0.8723],[-62.1063,-39.6676,0.5234],[-62.0999,-39.6754,0.565],[-62.1004,-39.6804,1.4071],[-62.0979,-39.6835,0.9375],[-62.0993,-39.6851,1.0108],[-62.1015,-39.6799,1.4071],[-62.104,-39.6801,1.8614],[-62.1093,-39.6762,1.4304],[-62.1115,-39.6688,1.3003],[-62.1143,-39.6699,1.4949],[-62.1157,-39.6671,1.4373],[-62.1182,-39.6674,1.8144],[-62.1188,-39.659,3.5072],[-62.116,-39.6549,0.236],[-62.1146,-39.6437,2.0096],[-62.116,-39.6393,2.0297],[-62.1143,-39.6368,2.7119],[-62.114,-39.6287,2.3931],[-62.1099,-39.6235,4.7138],[-62.1085,-39.619,3.2565],[-62.1065,-39.6182,0.0],[-62.1074,-39.6132,1.1626],[-62.1054,-39.6121,0.0],[-62.1065,-39.6115,2.4889],[-62.1057,-39.606,2.9401],[-62.1024,-39.5979,3.7444],[-62.1032,-39.5932,3.0983],[-62.1007,-39.5896,3.1913],[-62.0976,-39.5737,3.6354],[-62.0924,-39.5651,4.9177],[-62.0935,-39.5568,2.7844],[-62.0893,-39.5371,2.0894],[-62.0838,-39.5285,3.5188],[-62.0835,-39.5237,2.2757],[-62.0785,-39.5213,2.0372],[-62.081,-39.5176,2.1099],[-62.0779,-39.516,2.1906],[-62.0779,-39.5143,2.0811],[-62.0687,-39.5051,1.9324],[-62.0713,-39.5026,2.3958],[-62.0662,-39.4935,2.4177],[-62.0668,-39.4912,2.0473],[-62.0549,-39.4746,1.8807],[-62.0537,-39.4721,1.8778],[-62.0551,-39.4704,1.957],[-62.0457,-39.459,1.2571],[-62.0468,-39.4576,2.0849],[-62.0454,-39.4482,1.7789],[-62.0512,-39.446,1.5041],[-62.059,-39.4388,0.8485],[-62.0729,-39.4349,2.6482],[-62.0913,-39.4185,0.1624],[-62.1049,-39.4129,0.0],[-62.1365,-39.396,0.2811],[-62.1413,-39.3899,1.1694],[-62.1468,-39.3754,0.0],[-62.1543,-39.3646,1.2231],[-62.1601,-39.3604,0.33],[-62.2057,-39.3426,0.3539],[-62.2115,-39.3418,1.4138],[-62.2282,-39.331,0.3588],[-62.2346,-39.3246,1.0204],[-62.2415,-39.324,0.8745],[-62.2418,-39.3251,1.0376],[-62.2393,-39.3279,0.9634],[-62.234,-39.3285,0.891],[-62.2315,-39.3335,1.1192],[-62.2257,-39.3349,1.182],[-62.2165,-39.3407,1.4134],[-62.2254,-39.3379,1.1747],[-62.2418,-39.3374,1.3367],[-62.2451,-39.336,0.9398],[-62.2476,-39.3326,0.8525],[-62.2537,-39.3307,1.0202],[-62.2532,-39.326,0.9986],[-62.2615,-39.3201,1.4384],[-62.2576,-39.3185,1.0591],[-62.2596,-39.3151,1.127],[-62.271,-39.3082,1.0624],[-62.2679,-39.3082,0.9626],[-62.2663,-39.3065,1.4573],[-62.2607,-39.3071,1.3562],[-62.2593,-39.3032,1.2474],[-62.2535,-39.3079,1.5545],[-62.2485,-39.3087,1.4684],[-62.2363,-39.3032,1.1338],[-62.2346,-39.3049,1.1345],[-62.2304,-39.3051,1.2546],[-62.2301,-39.3007,1.4795],[-62.2276,-39.3024,1.2117],[-62.2229,-39.3004,1.7135],[-62.2118,-39.3035,1.5178],[-62.2035,-39.3082,1.1572],[-62.2001,-39.3082,1.1206],[-62.1943,-39.3068,1.2444],[-62.1882,-39.3015,1.5467],[-62.1846,-39.301,1.6796],[-62.1774,-39.3107,1.7959],[-62.1746,-39.3115,1.8352],[-62.1757,-39.3135,1.1437],[-62.1674,-39.3268,3.1951],[-62.1674,-39.3318,1.9602],[-62.166,-39.3329,1.9602],[-62.171,-39.3304,1.1751],[-62.1707,-39.3246,1.1322],[-62.1765,-39.3199,1.0608],[-62.1749,-39.3162,1.0128],[-62.1782,-39.3129,0.9681],[-62.1779,-39.3112,0.9887],[-62.1807,-39.311,0.43],[-62.1799,-39.3132,0.321],[-62.1813,-39.3143,0.321],[-62.1782,-39.3138,0.9967],[-62.1776,-39.3149,0.992],[-62.1815,-39.3154,0.4982],[-62.1829,-39.3213,0.6621],[-62.1801,-39.3243,1.1752],[-62.181,-39.3257,0.413],[-62.1796,-39.3279,0.8803],[-62.1701,-39.3379,0.1484],[-62.1057,-39.3787,1.7202],[-62.1046,-39.381,0.5422],[-62.0832,-39.3957,0.2212],[-62.0668,-39.4043,0.2155],[-62.0554,-39.406,0.8995],[-62.0451,-39.4124,1.0732],[-62.0426,-39.4124,2.057],[-62.0421,-39.4146,0.0],[-62.0332,-39.4146,0.353],[-62.0243,-39.4182,0.0],[-62.0182,-39.4171,1.3964],[-62.0201,-39.4143,1.5844],[-62.0174,-39.4113,1.7316],[-62.0179,-39.4099,1.4881],[-62.0137,-39.4062,1.4271],[-62.0115,-39.4068,1.8672],[-62.0101,-39.4035,1.7055],[-62.011,-39.399,1.6534],[-62.0099,-39.3963,1.5729],[-62.0112,-39.3946,1.6723],[-62.009,-39.3921,1.5543],[-62.0088,-39.3879,1.5226],[-62.0135,-39.391,1.5736],[-62.0176,-39.3887,2.4055],[-62.0112,-39.384,5.316],[-62.0088,-39.384,1.6277],[-62.0068,-39.3807,0.5546],[-62.0079,-39.3799,1.8744],[-62.0096,-39.3807,2.0264],[-62.0104,-39.3685,2.7063],[-62.0093,-39.3668,3.0155],[-62.0118,-39.3626,2.1555],[-62.0107,-39.3579,0.0],[-62.0171,-39.3521,0.8308],[-62.0321,-39.3524,0.2086],[-62.0376,-39.3504,0.2116],[-62.0465,-39.3421,3.1862],[-62.0671,-39.3112,0.2336],[-62.0732,-39.3085,1.3482],[-62.0754,-39.3051,0.7713],[-62.0846,-39.3065,1.0285],[-62.0915,-39.3037,0.9236],[-62.1021,-39.2979,0.3858],[-62.1063,-39.2938,0.3591],[-62.1101,-39.2954,1.1853],[-62.1396,-39.2876,0.0],[-62.1701,-39.284,0.6588],[-62.2004,-39.2721,0.1733],[-62.2115,-39.2696,1.2764],[-62.2335,-39.2726,0.0],[-62.2465,-39.271,0.0],[-62.2496,-39.2721,1.8193],[-62.251,-39.2704,0.2409],[-62.2607,-39.2707,1.2897],[-62.2815,-39.2654,1.3248],[-62.2899,-39.2693,0.7136],[-62.3015,-39.2701,1.7207],[-62.3112,-39.266,1.4282],[-62.3121,-39.264,1.605],[-62.3124,-39.2657,1.5222],[-62.3157,-39.2668,2.0977],[-62.3087,-39.271,2.0134],[-62.3126,-39.2715,3.291],[-62.3154,-39.2707,2.837],[-62.3193,-39.2663,2.4752],[-62.3204,-39.2593,2.5953],[-62.3246,-39.2582,3.1783],[-62.3235,-39.256,2.9033],[-62.3199,-39.2546,2.7303],[-62.3224,-39.2529,3.2136],[-62.321,-39.2518,2.7329],[-62.3174,-39.254,1.8864],[-62.3199,-39.2582,2.5953],[-62.3157,-39.2654,1.8814],[-62.3112,-39.2596,1.477],[-62.3112,-39.2565,1.3279],[-62.3085,-39.2554,1.5945],[-62.3057,-39.2565,1.1672],[-62.3074,-39.2551,1.4313],[-62.3065,-39.2524,1.3372],[-62.3082,-39.2537,1.5716],[-62.3104,-39.2526,1.8307],[-62.3074,-39.2515,1.3372],[-62.306,-39.249,1.5637],[-62.3049,-39.2504,1.5165],[-62.3018,-39.2501,1.3838],[-62.3015,-39.2518,1.1249],[-62.2949,-39.2551,1.3926],[-62.2863,-39.2568,1.555],[-62.2815,-39.2554,1.5179],[-62.2818,-39.2521,1.1417],[-62.2837,-39.2521,1.8604],[-62.286,-39.2482,1.5155],[-62.2812,-39.251,1.6271],[-62.2646,-39.2496,1.3662],[-62.2468,-39.2554,1.4832],[-62.2385,-39.2543,1.1675],[-62.2365,-39.2524,1.1658],[-62.2368,-39.2487,1.2542],[-62.2496,-39.2415,2.9112],[-62.2546,-39.2332,1.6347],[-62.2574,-39.2315,1.2064],[-62.2654,-39.2293,0.7949],[-62.2718,-39.2326,2.2411],[-62.2771,-39.2274,1.2679],[-62.2915,-39.2224,1.38],[-62.2976,-39.2185,1.8236],[-62.3004,-39.2124,0.8198],[-62.3146,-39.1974,1.2462],[-62.3201,-39.186,1.1756],[-62.3229,-39.1837,1.0836],[-62.3232,-39.1824,1.2234],[-62.3204,-39.1824,1.306],[-62.319,-39.1807,1.0188],[-62.3179,-39.1757,1.6171],[-62.3099,-39.1779,1.7418],[-62.306,-39.1718,1.6975],[-62.3063,-39.1651,1.5797],[-62.3143,-39.1557,1.3568],[-62.3071,-39.1532,1.4769],[-62.3051,-39.1499,1.463],[-62.3029,-39.1301,1.6437],[-62.304,-39.1268,1.6419],[-62.3132,-39.1243,1.2858],[-62.3043,-39.1218,1.043],[-62.291,-39.121,1.2358],[-62.284,-39.1126,1.1007],[-62.289,-39.1096,1.6804],[-62.2943,-39.109,1.6454],[-62.3024,-39.1012,1.5851],[-62.3168,-39.099,1.2286],[-62.3179,-39.0937,1.2369],[-62.3282,-39.0915,1.6433],[-62.3237,-39.091,1.3158],[-62.3185,-39.0874,1.2966],[-62.3182,-39.0799,1.4426],[-62.3043,-39.0785,1.6854],[-62.3032,-39.0735,1.6928],[-62.3046,-39.0713,1.7357],[-62.3021,-39.071,1.4919],[-62.3024,-39.069,1.6422],[-62.2993,-39.0651,1.8048],[-62.2957,-39.064,1.639],[-62.2951,-39.0574,1.5906],[-62.291,-39.0551,1.4788],[-62.289,-39.051,1.754],[-62.2857,-39.0499,1.6061],[-62.2854,-39.046,1.8122],[-62.2835,-39.046,1.7872],[-62.284,-39.0443,1.658],[-62.2801,-39.0451,1.4134],[-62.2801,-39.0404,1.6726],[-62.279,-39.0426,1.4986],[-62.2726,-39.0432,1.4243],[-62.2713,-39.0418,1.3994],[-62.2724,-39.0399,1.5917],[-62.2663,-39.041,1.7058],[-62.2635,-39.039,1.5752],[-62.2624,-39.0332,1.6796],[-62.2554,-39.0349,1.3375],[-62.2435,-39.031,1.5995],[-62.2424,-39.0165,2.2484],[-62.2479,-39.0143,1.914],[-62.2468,-39.0124,2.3863],[-62.2424,-39.0135,1.9932],[-62.2407,-39.0115,1.6581],[-62.2407,-39.0101,1.4899],[-62.244,-39.0096,2.6959],[-62.2443,-39.0054,2.0084],[-62.2421,-39.0043,3.0786],[-62.2285,-39.0049,1.7546],[-62.2232,-39.0026,1.9074],[-62.2211,-38.9999,1.6009],[-62.2285,-39.0018,2.131],[-62.2354,-39.0007,1.9358],[-62.2374,-38.9965,2.1098],[-62.2351,-38.9946,1.6572],[-62.2354,-38.9924,1.565],[-62.239,-38.9921,1.9893],[-62.2401,-38.9951,1.9608],[-62.2438,-38.994,1.3896],[-62.2435,-38.9957,1.7508],[-62.2471,-38.9968,2.38],[-62.2493,-38.9918,2.7292],[-62.2549,-38.989,1.8889],[-62.2562,-38.9912,2.2588],[-62.2513,-38.999,3.201],[-62.2513,-39.0029,1.7303],[-62.2526,-39.0021,2.1487],[-62.2532,-39.0035,2.2634],[-62.254,-38.9985,2.5404],[-62.2578,-39.0003,3.4448],[-62.2588,-38.9982,2.9777],[-62.2629,-38.9976,1.8612],[-62.2629,-38.9946,2.163],[-62.2607,-38.9943,2.7725],[-62.2596,-38.9921,1.9132],[-62.2596,-38.9904,1.3042],[-62.2621,-38.9896,2.2969],[-62.2682,-38.9929,0.4277],[-62.2674,-38.9946,1.2499],[-62.2646,-38.9946,2.4146],[-62.2643,-38.9976,2.3859],[-62.2663,-38.999,2.465],[-62.2682,-38.9962,1.2499],[-62.2685,-38.9987,0.0918],[-62.2668,-39.0004,1.5314],[-62.271,-39.0013,0.7787],[-62.2726,-39.006,0.0],[-62.2724,-39.0107,2.1894],[-62.2674,-39.0126,1.876],[-62.2682,-39.0165,0.486],[-62.2635,-39.0165,0.941],[-62.2685,-39.0176,2.6893],[-62.2687,-39.0126,0.7449],[-62.2735,-39.011,0.2507],[-62.2751,-39.0082,1.3347],[-62.2735,-39.0035,0.0],[-62.2735,-39.0007,0.1797],[-62.2749,-39.0001,0.9051],[-62.2721,-38.9965,0.2326],[-62.2718,-38.991,0.0],[-62.2788,-38.9946,2.2739],[-62.2876,-38.9943,1.1869],[-62.2935,-38.9985,1.6855],[-62.2943,-38.9976,2.2108],[-62.2918,-38.996,1.4332],[-62.2924,-38.994,0.6223],[-62.2962,-38.9971,1.8035],[-62.2954,-38.9946,2.4361],[-62.2968,-38.9938,0.8649],[-62.3085,-38.9926,1.5716],[-62.304,-38.991,2.2072],[-62.3043,-38.9924,1.7776],[-62.2935,-38.9926,2.7976],[-62.2935,-38.9884,1.9346],[-62.291,-38.9901,2.3477],[-62.2912,-38.9918,1.5085],[-62.2837,-38.991,2.4235],[-62.2826,-38.9879,2.9362],[-62.2821,-38.9907,2.1507],[-62.2771,-38.9899,0.3051],[-62.2749,-38.9882,2.9652],[-62.2771,-38.9854,1.6283],[-62.274,-38.9843,3.1348],[-62.2726,-38.9851,2.2332],[-62.2737,-38.9874,2.3119],[-62.2693,-38.9893,2.413],[-62.2663,-38.9879,2.9682],[-62.2699,-38.9832,2.529],[-62.269,-38.9807,2.2222],[-62.2649,-38.9804,1.8076],[-62.2663,-38.9832,1.604],[-62.2649,-38.9863,0.693],[-62.2635,-38.986,1.5981],[-62.2624,-38.9821,2.6464],[-62.2643,-38.9793,1.8966],[-62.2621,-38.9785,1.5184],[-62.2624,-38.9749,2.5778],[-62.2671,-38.9754,2.181],[-62.2713,-38.9738,2.1118],[-62.2704,-38.9801,2.3149],[-62.2757,-38.9793,2.4151],[-62.2768,-38.9776,1.078],[-62.2793,-38.979,1.1939],[-62.2799,-38.9813,2.8269],[-62.2826,-38.9793,0.9295],[-62.2829,-38.9843,2.8585],[-62.2865,-38.979,1.9451],[-62.2924,-38.9846,2.4509],[-62.2962,-38.9824,2.2128],[-62.2976,-38.9849,2.6466],[-62.2993,-38.9849,2.5213],[-62.2993,-38.9832,2.3478],[-62.3029,-38.9837,2.4206],[-62.3057,-38.989,2.0898],[-62.3124,-38.9865,2.01],[-62.3115,-38.9882,2.3254],[-62.314,-38.9868,1.8313],[-62.3182,-38.989,2.0876],[-62.3196,-38.9874,2.5523],[-62.3185,-38.984,2.5114],[-62.3226,-38.9824,3.2403],[-62.3182,-38.9801,2.2268],[-62.3185,-38.9782,2.397],[-62.3229,-38.9785,2.9302],[-62.3215,-38.9762,2.5137],[-62.3218,-38.9715,2.1118],[-62.3204,-38.9715,2.1118],[-62.3226,-38.9712,2.6014],[-62.3218,-38.9682,2.1447],[-62.3243,-38.9676,2.3284],[-62.3262,-38.9643,1.9144],[-62.3285,-38.966,2.9043],[-62.3346,-38.9612,2.0709],[-62.3382,-38.9624,2.8131],[-62.3387,-38.9585,3.0397],[-62.3454,-38.954,6.4156],[-62.3437,-38.9404,2.5519],[-62.341,-38.9379,5.1279],[-62.3374,-38.9379,2.4887],[-62.3365,-38.9354,2.6843],[-62.3332,-38.9354,1.1474],[-62.3365,-38.9304,5.3061],[-62.3362,-38.9279,1.7243],[-62.3293,-38.9126,4.6303],[-62.3271,-38.9115,1.1244],[-62.326,-38.9057,2.7997],[-62.3243,-38.9049,2.2988],[-62.3215,-38.9065,1.7198],[-62.3215,-38.9032,2.128],[-62.3232,-38.9026,2.3213],[-62.324,-38.8996,3.0109],[-62.3237,-38.8963,2.3514],[-62.3213,-38.8954,1.7151],[-62.3249,-38.8935,2.9444],[-62.331,-38.8812,2.1288],[-62.3312,-38.8843,2.5262],[-62.3332,-38.8843,2.3694],[-62.3365,-38.8835,2.6506],[-62.339,-38.8807,3.3385],[-62.3382,-38.8771,2.2636],[-62.3407,-38.8771,3.1262],[-62.3421,-38.8737,2.0808],[-62.339,-38.8704,2.6405],[-62.341,-38.8676,1.3784],[-62.3435,-38.8696,3.4234],[-62.3465,-38.8682,1.8364],[-62.3465,-38.8704,2.9476],[-62.3488,-38.8707,2.8738],[-62.3488,-38.8662,2.0997],[-62.3546,-38.8665,2.8461],[-62.354,-38.8646,2.8734],[-62.3476,-38.8629,2.8209],[-62.3449,-38.8654,2.2485],[-62.3374,-38.8574,1.8236],[-62.3354,-38.8579,1.5278],[-62.3326,-38.8554,2.2361],[-62.3268,-38.8607,2.3659],[-62.3274,-38.8649,3.0241],[-62.3293,-38.8668,1.0592],[-62.324,-38.8676,1.5566],[-62.3215,-38.8624,1.9897],[-62.3151,-38.8599,0.3399],[-62.3154,-38.8576,0.2084],[-62.3187,-38.8554,2.132],[-62.3138,-38.8549,0.3689],[-62.3126,-38.8512,3.091],[-62.309,-38.8551,2.5119],[-62.3118,-38.8576,0.0],[-62.3076,-38.8599,0.8944],[-62.3065,-38.8624,0.4917],[-62.3018,-38.8601,2.2689],[-62.3037,-38.8579,2.0133],[-62.3007,-38.8585,0.6738],[-62.3004,-38.8571,1.931],[-62.299,-38.8585,0.8877],[-62.2912,-38.8579,1.9047],[-62.2868,-38.8618,0.5667],[-62.2837,-38.8615,1.084],[-62.279,-38.8568,1.7333],[-62.279,-38.8526,1.8491],[-62.2821,-38.8515,1.389],[-62.2868,-38.8532,1.1352],[-62.2921,-38.8518,1.271],[-62.294,-38.8501,1.9363],[-62.2949,-38.8449,1.0346],[-62.2988,-38.8437,1.1319],[-62.299,-38.8415,1.4118],[-62.3012,-38.8401,0.2424],[-62.3063,-38.8396,0.7836],[-62.3079,-38.841,0.0],[-62.3074,-38.8437,2.0297],[-62.3107,-38.8457,0.2553],[-62.3204,-38.8449,1.8584],[-62.324,-38.8404,0.7615],[-62.3285,-38.8418,1.0844],[-62.324,-38.8382,1.056],[-62.3196,-38.8443,2.092],[-62.3174,-38.8446,1.0572],[-62.3146,-38.8429,2.1026],[-62.3093,-38.8435,0.0],[-62.3093,-38.8393,0.3115],[-62.3104,-38.8371,0.19],[-62.3126,-38.8374,1.1462],[-62.3118,-38.8362,1.0784],[-62.3046,-38.8393,1.2692],[-62.2993,-38.8387,0.6059],[-62.296,-38.8326,1.0907],[-62.2965,-38.8304,0.8708],[-62.3099,-38.8293,0.7026],[-62.3162,-38.8399,1.7989],[-62.3165,-38.8362,2.3408],[-62.3146,-38.8346,0.7603],[-62.3149,-38.8321,2.0569],[-62.3132,-38.8315,0.3488],[-62.314,-38.8288,1.7137],[-62.2996,-38.8279,1.9905],[-62.2954,-38.8301,0.8708],[-62.2954,-38.8282,2.0108],[-62.2985,-38.8262,1.0987],[-62.299,-38.8224,0.6347],[-62.3035,-38.8201,1.4958],[-62.3074,-38.8196,0.679],[-62.3101,-38.8235,0.3214],[-62.3293,-38.8288,0.0],[-62.3304,-38.8318,1.2992],[-62.3338,-38.8315,1.198],[-62.3368,-38.8368,0.4366],[-62.346,-38.8401,0.7715],[-62.3474,-38.8421,1.4049],[-62.3482,-38.8413,1.4049],[-62.3465,-38.839,0.0],[-62.3571,-38.8307,1.5518],[-62.3582,-38.8237,0.0],[-62.3654,-38.8293,0.0],[-62.3732,-38.8293,0.4843],[-62.3765,-38.8226,1.1262],[-62.3726,-38.8201,1.4958],[-62.376,-38.8187,0.4272],[-62.3832,-38.8251,0.7058],[-62.384,-38.8276,0.4549],[-62.3871,-38.8274,0.9497],[-62.3874,-38.826,0.8078],[-62.384,-38.8257,0.9098],[-62.3768,-38.8182,0.4272],[-62.3746,-38.8179,1.3933],[-62.3682,-38.8201,0.7497],[-62.3696,-38.8232,1.6976],[-62.3743,-38.8226,0.2325],[-62.3726,-38.8285,0.4843],[-62.3643,-38.8271,0.3385],[-62.3624,-38.8246,0.0],[-62.3629,-38.819,0.0],[-62.371,-38.8162,0.843],[-62.3732,-38.8129,1.6989],[-62.3715,-38.8121,1.6989],[-62.3707,-38.8154,0.843],[-62.3654,-38.8168,0.8629],[-62.3618,-38.8124,2.516],[-62.3593,-38.8154,0.5877],[-62.351,-38.8162,1.5685],[-62.3485,-38.8143,1.3236],[-62.3488,-38.8185,0.0],[-62.3471,-38.8196,0.0],[-62.3471,-38.8221,0.0],[-62.3493,-38.8251,1.59],[-62.3524,-38.8237,0.2069],[-62.3526,-38.8257,1.4792],[-62.3485,-38.8296,0.0],[-62.3462,-38.8296,0.0],[-62.3421,-38.8243,0.0],[-62.3413,-38.8179,1.5952],[-62.3404,-38.8193,1.2745],[-62.3379,-38.8182,1.0045],[-62.3368,-38.8204,0.0],[-62.3312,-38.8207,0.316],[-62.3265,-38.816,1.7722],[-62.3237,-38.8171,0.2147],[-62.3226,-38.8146,1.3555],[-62.324,-38.8132,0.378],[-62.3251,-38.8146,1.1645],[-62.3282,-38.8129,2.1543],[-62.3321,-38.8157,1.5745],[-62.3338,-38.8149,0.2581],[-62.329,-38.8126,2.1543],[-62.3285,-38.8104,2.3257],[-62.3229,-38.8101,0.3178],[-62.3154,-38.8024,1.9154],[-62.3049,-38.8001,0.0],[-62.3037,-38.7971,1.9405],[-62.3007,-38.7988,0.6509],[-62.2993,-38.7976,1.2555],[-62.2971,-38.8024,0.5895],[-62.2954,-38.8018,0.5895],[-62.2951,-38.7974,1.4075],[-62.2985,-38.7979,0.0],[-62.3007,-38.7957,0.533],[-62.3021,-38.789,0.4329],[-62.3043,-38.7882,0.3593],[-62.3068,-38.7921,0.8167],[-62.3082,-38.7899,0.0],[-62.3143,-38.7879,0.0],[-62.3154,-38.7857,0.0],[-62.3174,-38.7863,0.0],[-62.3176,-38.7846,0.0],[-62.3201,-38.786,0.4071],[-62.3224,-38.784,0.0],[-62.3282,-38.7863,0.6932],[-62.3282,-38.7849,1.3634],[-62.3196,-38.7821,0.0],[-62.3276,-38.7774,0.0],[-62.3326,-38.7776,0.2784],[-62.3349,-38.7749,0.0],[-62.3399,-38.7768,0.9087],[-62.3401,-38.7751,0.464],[-62.3387,-38.7754,0.464],[-62.3382,-38.7737,0.0],[-62.3415,-38.7707,0.0],[-62.3432,-38.7701,0.0],[-62.3426,-38.7718,1.1057],[-62.3446,-38.7721,1.6477],[-62.3443,-38.7701,0.0],[-62.3465,-38.769,0.0],[-62.3504,-38.771,0.3257],[-62.3457,-38.7663,0.0],[-62.3521,-38.7663,0.9292],[-62.3546,-38.7632,0.0],[-62.3635,-38.7607,0.2795],[-62.3654,-38.7612,0.5095],[-62.3662,-38.7649,2.1506],[-62.3701,-38.7663,1.1121],[-62.3685,-38.7687,1.2064],[-62.3712,-38.7668,1.1121],[-62.3746,-38.7679,0.0],[-62.3893,-38.7646,0.7337],[-62.3918,-38.7679,1.6062],[-62.3924,-38.7657,0.6274],[-62.394,-38.7657,0.0],[-62.3954,-38.7704,1.5212],[-62.3946,-38.7735,1.3511],[-62.3963,-38.774,0.2378],[-62.3951,-38.7768,1.435],[-62.3974,-38.7768,0.7731],[-62.3982,-38.771,1.2975],[-62.3957,-38.7649,0.0],[-62.4018,-38.7663,1.6972],[-62.4021,-38.7643,0.0],[-62.4049,-38.7651,1.3005],[-62.406,-38.7635,0.3193],[-62.3924,-38.7629,0.9343],[-62.3893,-38.761,1.8657],[-62.3887,-38.7626,0.7349],[-62.3854,-38.7621,1.3404],[-62.3851,-38.7643,0.4487],[-62.376,-38.7663,0.7291],[-62.3676,-38.7646,0.4764],[-62.3688,-38.7626,1.3536],[-62.3671,-38.7624,0.0],[-62.3668,-38.7596,0.5095],[-62.3646,-38.7604,0.2795],[-62.361,-38.7585,0.77],[-62.3524,-38.7618,1.4154],[-62.351,-38.7649,0.0],[-62.349,-38.7629,0.0],[-62.356,-38.7574,0.0],[-62.3804,-38.7562,1.3452],[-62.3812,-38.7535,0.3073],[-62.3849,-38.7565,1.7934],[-62.3846,-38.754,0.3715],[-62.3868,-38.7535,0.8193],[-62.3882,-38.7574,1.1007],[-62.3896,-38.7532,0.0],[-62.3915,-38.7571,0.5668],[-62.3921,-38.7535,1.2287],[-62.3951,-38.7521,0.0],[-62.3976,-38.7576,0.7036],[-62.3979,-38.751,0.0],[-62.3996,-38.7501,0.7121],[-62.4026,-38.7515,0.3298],[-62.4038,-38.7568,1.3801],[-62.4074,-38.7568,0.0],[-62.4151,-38.7612,0.4848],[-62.409,-38.764,0.7884],[-62.4087,-38.7699,0.1874],[-62.4118,-38.7718,0.935],[-62.4118,-38.7746,0.4067],[-62.4079,-38.7771,1.5827],[-62.411,-38.7782,0.9307],[-62.4071,-38.7779,1.5827],[-62.4071,-38.774,1.961],[-62.4018,-38.7724,1.7412],[-62.3996,-38.7754,1.8419],[-62.4018,-38.7799,1.8034],[-62.3999,-38.781,1.8534],[-62.4001,-38.7824,2.083],[-62.4038,-38.7821,2.3563],[-62.4012,-38.7765,2.0852],[-62.4021,-38.7743,2.0127],[-62.4043,-38.7743,2.384],[-62.4051,-38.7757,2.372],[-62.4038,-38.7776,2.3684],[-62.4071,-38.7793,2.4725],[-62.4065,-38.7812,2.429],[-62.411,-38.7818,2.0979],[-62.4096,-38.7832,2.3395],[-62.411,-38.7857,2.314],[-62.4129,-38.7849,1.9757],[-62.414,-38.7874,2.1803],[-62.4188,-38.7879,2.3621],[-62.4185,-38.784,2.2569],[-62.4154,-38.7812,2.308],[-62.4171,-38.7754,2.3638],[-62.4146,-38.7771,2.1302],[-62.4135,-38.774,0.6112],[-62.4157,-38.7674,1.956],[-62.4121,-38.766,0.0],[-62.4165,-38.7626,0.8294],[-62.4146,-38.7596,0.4848],[-62.4176,-38.7601,0.0],[-62.4176,-38.7635,1.1878],[-62.4218,-38.7663,0.384],[-62.4201,-38.7685,0.901],[-62.421,-38.7707,0.2801],[-62.4224,-38.7651,0.2691],[-62.4246,-38.7671,0.6059],[-62.4276,-38.7671,0.0],[-62.4262,-38.7718,0.8968],[-62.431,-38.7785,0.6985],[-62.4287,-38.771,0.0],[-62.431,-38.7682,0.6504],[-62.4326,-38.7696,1.5472],[-62.4318,-38.7715,1.7306],[-62.4337,-38.7713,0.4521],[-62.4357,-38.7732,1.485],[-62.4337,-38.7674,2.2949],[-62.4215,-38.7637,0.2908],[-62.4193,-38.7607,0.0],[-62.4271,-38.7618,1.9561],[-62.4324,-38.7596,1.0882],[-62.4374,-38.761,0.0],[-62.4382,-38.764,1.4604],[-62.4415,-38.7624,2.4182],[-62.4421,-38.7649,2.1815],[-62.4474,-38.7668,0.183],[-62.4474,-38.7699,1.9529],[-62.4504,-38.7699,0.377],[-62.4501,-38.7732,1.4813],[-62.4518,-38.7707,0.0],[-62.4554,-38.7715,0.9781],[-62.456,-38.7699,1.4817],[-62.4535,-38.7701,0.0],[-62.4529,-38.7679,2.1979],[-62.4454,-38.7654,1.0686],[-62.4415,-38.7615,2.4182],[-62.4385,-38.7615,0.0],[-62.4429,-38.7588,1.1958],[-62.4429,-38.7562,0.0],[-62.454,-38.7551,0.3312],[-62.4562,-38.7562,0.0],[-62.4557,-38.7585,1.7573],[-62.4601,-38.7596,0.3698],[-62.4596,-38.7607,0.3546],[-62.454,-38.7599,0.0],[-62.456,-38.7635,1.7249],[-62.4632,-38.7657,0.2487],[-62.464,-38.7682,1.1592],[-62.4674,-38.7685,1.0808],[-62.4643,-38.7651,0.9553],[-62.4549,-38.7612,0.0],[-62.4574,-38.7607,0.2311],[-62.4612,-38.7618,2.4397],[-62.4629,-38.7596,0.7629],[-62.4601,-38.7585,1.0409],[-62.4601,-38.7532,1.1819],[-62.4663,-38.7549,0.7495],[-62.4671,-38.7515,0.0],[-62.4629,-38.7499,0.2653],[-62.464,-38.7537,0.0],[-62.4612,-38.7524,1.1091],[-62.4557,-38.7526,2.1197],[-62.454,-38.7479,1.6201],[-62.4529,-38.7515,1.2822],[-62.4543,-38.7529,0.0],[-62.4468,-38.7535,0.0],[-62.4451,-38.7507,0.0],[-62.4479,-38.7479,0.8871],[-62.4482,-38.7443,1.8212],[-62.4432,-38.7479,1.8128],[-62.4443,-38.7504,0.0],[-62.4404,-38.7529,1.9843],[-62.4399,-38.7588,0.4626],[-62.4313,-38.7582,0.0],[-62.4329,-38.7568,0.749],[-62.4318,-38.7543,0.0],[-62.4382,-38.7499,0.8256],[-62.436,-38.7487,0.3745],[-62.4376,-38.7446,0.861],[-62.4404,-38.7457,0.928],[-62.4418,-38.7446,2.35],[-62.4399,-38.7412,2.4303],[-62.4376,-38.744,0.4967],[-62.4332,-38.744,0.4102],[-62.4351,-38.7449,0.0],[-62.4357,-38.7499,0.0],[-62.4299,-38.7535,0.7167],[-62.4304,-38.7562,1.1298],[-62.4285,-38.7571,1.5342],[-62.4285,-38.7596,0.0],[-62.4168,-38.7579,1.0294],[-62.4165,-38.7554,1.1425],[-62.4246,-38.7526,0.0],[-62.4257,-38.7487,0.4447],[-62.4274,-38.7482,1.9042],[-62.4268,-38.7465,0.9314],[-62.4299,-38.7465,1.3319],[-62.4313,-38.7421,1.2867],[-62.4268,-38.7457,0.0],[-62.4251,-38.7449,0.2631],[-62.4251,-38.7474,0.0],[-62.4212,-38.7485,1.0503],[-62.4224,-38.7513,0.0],[-62.416,-38.7521,0.6793],[-62.4143,-38.7554,0.8832],[-62.4113,-38.756,0.3578],[-62.4107,-38.7507,0.2761],[-62.4135,-38.7496,0.9536],[-62.4135,-38.7476,1.7719],[-62.406,-38.7499,0.0],[-62.4012,-38.7482,0.0],[-62.401,-38.7468,0.944],[-62.4035,-38.7449,0.2179],[-62.4113,-38.7449,1.0177],[-62.4137,-38.7432,1.3883],[-62.414,-38.7454,1.9182],[-62.4171,-38.7476,1.8044],[-62.4176,-38.7454,1.5714],[-62.4157,-38.7432,0.7323],[-62.4199,-38.7412,1.3682],[-62.4137,-38.7424,0.4865],[-62.4115,-38.7399,0.5269],[-62.4101,-38.7418,0.0],[-62.4099,-38.7382,1.046],[-62.4085,-38.7407,0.4843],[-62.406,-38.7401,2.1844],[-62.4051,-38.7438,0.7079],[-62.404,-38.744,0.0],[-62.4046,-38.7418,0.8039],[-62.4018,-38.7401,1.1821],[-62.3999,-38.7462,1.2473],[-62.396,-38.746,1.6278],[-62.3957,-38.7435,1.5825],[-62.394,-38.7449,0.618],[-62.3946,-38.7462,0.618],[-62.3899,-38.749,0.4131],[-62.3896,-38.7474,0.0],[-62.3918,-38.746,1.8481],[-62.3907,-38.744,0.0],[-62.3937,-38.7429,0.0],[-62.394,-38.7399,1.9295],[-62.3929,-38.7401,0.5679],[-62.3915,-38.7426,0.4228],[-62.3868,-38.7418,1.1993],[-62.3854,-38.7426,1.142],[-62.3876,-38.7446,1.3908],[-62.3862,-38.7479,0.3497],[-62.3851,-38.749,0.7367],[-62.3826,-38.7482,0.8419],[-62.3821,-38.7513,0.0],[-62.3796,-38.7518,0.0],[-62.3824,-38.7462,0.9451],[-62.3821,-38.7438,1.1033],[-62.3846,-38.7429,1.142],[-62.3818,-38.7412,1.427],[-62.3832,-38.7326,0.974],[-62.3801,-38.7318,0.7272],[-62.3815,-38.7396,0.0],[-62.3757,-38.7412,1.8244],[-62.3765,-38.7429,0.4728],[-62.3787,-38.7426,0.0],[-62.3779,-38.7501,0.237],[-62.376,-38.7504,0.7604],[-62.374,-38.7487,0.9417],[-62.3754,-38.7479,1.7692],[-62.3751,-38.7457,0.8681],[-62.3735,-38.7457,0.8681],[-62.3732,-38.7424,1.6321],[-62.3707,-38.7404,0.0],[-62.3701,-38.7371,1.4718],[-62.3671,-38.736,0.3873],[-62.3662,-38.7326,0.0],[-62.3688,-38.7315,0.7166],[-62.3676,-38.7285,0.0],[-62.3699,-38.7271,0.0],[-62.3779,-38.7262,1.5728],[-62.3774,-38.7226,2.1467],[-62.3751,-38.7232,2.6161],[-62.3751,-38.7254,0.7598],[-62.3735,-38.7204,2.8478],[-62.3718,-38.7204,2.3345],[-62.3715,-38.7229,1.9957],[-62.3685,-38.7251,0.2714],[-62.3685,-38.7229,1.7674],[-62.3662,-38.7221,1.4112],[-62.3685,-38.7215,1.7674],[-62.3676,-38.7199,2.0913],[-62.3565,-38.719,0.0],[-62.3582,-38.7146,0.3921],[-62.3554,-38.716,0.4202],[-62.3532,-38.7151,1.2983],[-62.3535,-38.7204,0.5113],[-62.3496,-38.7212,1.8871],[-62.3493,-38.7226,0.0],[-62.3465,-38.721,1.7862],[-62.3432,-38.7238,0.7204],[-62.3401,-38.7229,2.2506],[-62.3335,-38.7243,2.8003999999999998],[-62.3279,-38.7279,2.3461],[-62.3288,-38.7293,1.6102],[-62.3301,-38.7276,0.2627],[-62.3299,-38.7299,1.405],[-62.3351,-38.7349,1.0635],[-62.3329,-38.7368,0.3758],[-62.3299,-38.7376,1.0621],[-62.3315,-38.734,1.0904],[-62.329,-38.7301,1.405],[-62.3268,-38.7299,0.4739],[-62.3226,-38.7326,0.6912],[-62.3257,-38.7379,0.9056],[-62.3201,-38.7349,0.8549],[-62.314,-38.7365,0.0],[-62.3138,-38.7387,1.4571],[-62.3174,-38.7429,1.1329],[-62.3196,-38.7415,0.7893],[-62.3185,-38.7449,3.5945],[-62.3251,-38.7487,2.1727],[-62.3271,-38.7546,0.8689],[-62.3307,-38.7526,0.0],[-62.3374,-38.7529,0.0],[-62.3371,-38.7546,1.0147],[-62.3385,-38.7537,0.0],[-62.3407,-38.7551,0.0],[-62.3407,-38.7574,0.0],[-62.3393,-38.7576,0.5095],[-62.3404,-38.759,0.0],[-62.3387,-38.7615,0.0],[-62.3357,-38.7612,1.3192],[-62.3365,-38.7646,0.0],[-62.3324,-38.7668,0.0],[-62.329,-38.7646,0.5756],[-62.329,-38.7674,0.0],[-62.3271,-38.7668,1.3328],[-62.3199,-38.7735,0.0],[-62.3121,-38.7762,0.9564],[-62.3093,-38.7726,0.1902],[-62.3143,-38.7665,0.9903],[-62.3171,-38.7654,0.0],[-62.3174,-38.7576,0.0],[-62.3207,-38.7554,0.0],[-62.3221,-38.7493,2.8354],[-62.3179,-38.7485,0.0],[-62.3179,-38.7471,3.3366],[-62.3168,-38.7479,1.6142],[-62.3182,-38.7518,0.8517],[-62.316,-38.756,1.6123],[-62.3129,-38.7526,1.4141],[-62.3138,-38.7651,0.0],[-62.3107,-38.7699,0.5296],[-62.309,-38.764,0.4712],[-62.3104,-38.761,1.7178],[-62.3093,-38.7588,1.9099],[-62.3101,-38.7543,2.2474],[-62.3093,-38.7504,1.0978],[-62.3076,-38.7504,1.0978],[-62.3065,-38.7532,1.9734],[-62.3082,-38.7549,0.6674],[-62.3087,-38.7615,0.7874],[-62.3063,-38.761,0.6547],[-62.306,-38.7621,0.766],[-62.309,-38.7704,1.5728],[-62.3071,-38.7749,0.0],[-62.3049,-38.7754,2.2592],[-62.3037,-38.7796,0.0],[-62.3076,-38.7826,0.0],[-62.3112,-38.7815,0.0],[-62.3101,-38.7835,0.0],[-62.3049,-38.7849,0.0],[-62.3065,-38.7829,0.0],[-62.3035,-38.7818,0.0],[-62.3018,-38.7851,0.0],[-62.299,-38.7857,0.0],[-62.2979,-38.7818,2.8864],[-62.2968,-38.7846,0.6087],[-62.2896,-38.7882,0.0],[-62.2863,-38.7879,3.5631],[-62.2857,-38.7896,0.0],[-62.281,-38.7885,0.5221],[-62.2785,-38.7904,0.0],[-62.2732,-38.7899,0.0],[-62.271,-38.7926,0.0],[-62.2637,-38.794,0.0],[-62.259,-38.7915,0.2689],[-62.259,-38.7954,0.0],[-62.2612,-38.796,0.0],[-62.2571,-38.7993,0.0],[-62.2551,-38.7988,0.5129],[-62.2574,-38.796,0.0],[-62.2551,-38.7949,0.1687],[-62.2571,-38.7929,0.0],[-62.2554,-38.7915,1.2198],[-62.2537,-38.7949,0.7023],[-62.2513,-38.7949,1.2101],[-62.251,-38.7968,2.03],[-62.2476,-38.8001,1.1859],[-62.2446,-38.8004,1.2987],[-62.2429,-38.8035,0.473],[-62.2374,-38.8043,0.4756],[-62.2357,-38.8063,0.0],[-62.214,-38.8138,1.2296],[-62.2137,-38.8162,0.5641],[-62.2107,-38.8165,1.6143],[-62.206,-38.8226,1.3263],[-62.2024,-38.8201,1.269],[-62.2038,-38.8174,1.2692],[-62.2007,-38.8176,1.3833],[-62.2054,-38.809,1.278],[-62.2012,-38.8107,1.2408],[-62.2032,-38.8032,1.2248],[-62.1993,-38.8018,1.694],[-62.1885,-38.8051,1.1069],[-62.1874,-38.8087,1.4216],[-62.1885,-38.8107,0.0],[-62.1849,-38.8115,1.5198],[-62.1854,-38.8126,1.5198],[-62.1804,-38.8193,0.6843],[-62.1785,-38.8187,1.729],[-62.179,-38.814,0.9974],[-62.1776,-38.8149,1.9157],[-62.1774,-38.8179,1.9278],[-62.1754,-38.8185,0.6235],[-62.1715,-38.8143,1.8333],[-62.1688,-38.8146,0.7193],[-62.1668,-38.8126,1.5845],[-62.1643,-38.8138,1.4795],[-62.1643,-38.8162,1.2916],[-62.1621,-38.8157,1.7912],[-62.1618,-38.8132,2.0658],[-62.159,-38.8126,2.4808],[-62.1565,-38.8149,1.3428],[-62.1518,-38.8146,2.5175],[-62.1465,-38.8176,2.7304],[-62.1432,-38.8168,2.7184],[-62.1426,-38.819,2.587],[-62.1379,-38.8168,2.4287],[-62.1346,-38.8176,2.3017],[-62.1349,-38.8229,2.145],[-62.1324,-38.8262,2.6577],[-62.1354,-38.8274,2.4833],[-62.1404,-38.8265,2.1628],[-62.1413,-38.8293,1.9642],[-62.1349,-38.8343,1.6871],[-62.1343,-38.8368,1.4448],[-62.1296,-38.841,1.5231],[-62.1293,-38.8443,0.0],[-62.1254,-38.8465,2.1121],[-62.1254,-38.8485,1.6262],[-62.1212,-38.8512,2.3731],[-62.1171,-38.8576,0.6806],[-62.1085,-38.8643,1.0803],[-62.1051,-38.8701,4.6123],[-62.1099,-38.8771,0.0],[-62.1043,-38.8757,3.1151],[-62.1026,-38.8818,4.4512],[-62.104,-38.884,2.5553],[-62.1104,-38.8843,0.0],[-62.1065,-38.8954,0.8781],[-62.1032,-38.896,0.0],[-62.106,-38.8932,2.1511],[-62.1063,-38.8904,0.0],[-62.1029,-38.8896,0.0],[-62.0999,-38.8929,0.0],[-62.1021,-38.8937,0.0],[-62.1018,-38.896,0.0],[-62.0968,-38.8965,2.5682],[-62.096,-38.8982,0.0],[-62.0929,-38.8968,1.375],[-62.0943,-38.8999,1.098],[-62.0887,-38.8965,3.2673],[-62.0793,-38.9007,4.5006],[-62.0771,-38.9029,2.6785],[-62.0776,-38.9049,0.492],[-62.0737,-38.9079,1.163],[-62.0729,-38.9254,0.0],[-62.0718,-38.9229,0.0],[-62.0729,-38.9174,0.0],[-62.0707,-38.9129,0.9578],[-62.0665,-38.9207,1.6413],[-62.0638,-38.919,3.3787],[-62.0576,-38.9243,1.9998],[-62.046,-38.9307,2.15],[-62.0088,-38.9418,1.0422],[-61.9879,-38.946,3.834],[-61.9868,-38.9474,0.6141],[-61.9693,-38.9482,0.3015],[-61.9468,-38.9529,5.0062],[-61.9396,-38.9562,1.5599],[-61.9365,-38.956,3.8317],[-61.9313,-38.9596,0.0],[-61.896,-38.9685,0.0],[-61.874,-38.9676,4.1876],[-61.8576,-38.971,1.7598],[-61.8462,-38.9715,2.3285],[-61.8235,-38.9807,3.4917],[-61.8146,-38.9865,0.0],[-61.806,-38.9871,0.7666],[-61.7885,-38.9843,0.5918],[-61.7857,-38.9824,2.0466],[-61.781,-38.9821,0.0],[-61.7799,-38.9787,4.5663],[-61.7737,-38.979,0.767],[-61.7546,-38.9726,1.9226],[-61.7496,-38.9687,4.4337],[-61.7099,-38.9646,1.5621],[-61.6954,-38.9671,8.1395],[-61.6868,-38.9757,4.8786],[-61.6718,-38.9846,0.0],[-61.6679,-38.989,1.3993],[-61.6593,-38.9901,2.0584],[-61.6318,-39.0004,2.0134],[-61.6026,-39.004,3.4063],[-61.5354,-39.0043,0.0],[-61.5232,-39.0015,3.1652],[-61.5004,-39.0013,0.0],[-61.4999,-38.9996,0.6948],[-61.4901,-38.9996,0.0],[-61.4649,-38.9954,4.6332],[-61.4554,-38.9957,0.42],[-61.4243,-38.9915,0.0],[-61.3801,-38.9888,1.0568],[-61.274,-38.9901,3.3042],[-61.2562,-38.9932,0.0],[-61.2368,-38.9935,1.2508],[-61.1865,-38.999,1.1594],[-61.1338,-38.9996,0.0],[-61.1185,-38.9985,0.0],[-61.0846,-38.9901,1.9032],[-61.0146,-38.9821,1.0774],[-60.9504,-38.981,0.8211],[-60.9154,-38.9821,0.0],[-60.8476,-38.9796,0.0],[-60.8013,-38.9685,0.3013],[-60.7224,-38.9543,0.0266],[-60.6429,-38.9443,0.9664],[-60.5776,-38.9388,0.0],[-60.554,-38.9351,0.0],[-60.554,-38.934,0.6775],[-60.5146,-38.9315,0.0],[-60.5135,-38.9287,-0.1976],[-60.5165,-38.9287,-1.3165],[-60.5182,-38.926,1.5289],[-60.5179,-38.9229,0.0],[-60.5154,-38.921,0.9702],[-60.5101,-38.9226,1.8846],[-60.5088,-38.9285,0.0],[-60.5029,-38.9296,0.0],[-60.4463,-38.9238,0.0],[-60.3693,-38.9101,0.0],[-60.3424,-38.9029,6.6827],[-60.3251,-38.9007,0.4706],[-60.2718,-38.8896,0.0],[-60.2146,-38.8815,0.0],[-60.1968,-38.8776,0.9078],[-60.1732,-38.8774,0.6234],[-60.1735,-38.8763,0.6234],[-60.1674,-38.8749,2.379],[-60.1237,-38.8668,0.4381],[-60.0607,-38.8596,0.0],[-60.0446,-38.8593,3.3358],[-60.0107,-38.8551,0.0],[-59.9985,-38.8554,0.0],[-59.8676,-38.8385,0.5521],[-59.854,-38.8382,0.0],[-59.8518,-38.8363,0.049],[-59.8365,-38.8324,0.3863],[-59.794,-38.8262,5.9637],[-59.7829,-38.826,0.5351],[-59.7529,-38.8157,0.7609],[-59.7468,-38.8121,4.4133],[-59.7424,-38.8126,2.4588],[-59.7357,-38.8093,7.0463],[-59.6785,-38.7954,-0.3552],[-59.649,-38.7918,0.0],[-59.6357,-38.7879,-1.7139],[-59.589,-38.781,0.1353],[-59.5651,-38.7757,0.4178],[-59.5404,-38.7743,0.5792],[-59.5135,-38.7676,0.6234],[-59.4685,-38.7626,4.3145],[-59.436,-38.7554,3.0814],[-59.4085,-38.7537,0.0],[-59.4012,-38.7515,0.0],[-59.3924,-38.7521,0.721],[-59.3882,-38.7465,0.0],[-59.3363,-38.7388,0.0],[-59.3065,-38.7299,-0.0125],[-59.2762,-38.7265,0.0],[-59.2649,-38.7221,2.2235],[-59.2307,-38.7163,0.0],[-59.1807,-38.7135,0.0],[-59.1651,-38.709,3.2502],[-59.1557,-38.7085,0.0],[-59.1521,-38.7062,3.8839],[-59.1379,-38.7054,0.0],[-59.1321,-38.7029,6.6872],[-59.129,-38.7038,0.0],[-59.1287,-38.7026,6.3702],[-59.1032,-38.6993,1.3149],[-59.0687,-38.689,4.1259],[-59.0385,-38.6849,0.0],[-59.0376,-38.6835,0.0],[-59.0235,-38.6813,0.0],[-59.0185,-38.679,2.9514],[-59.0121,-38.6793,0.5526],[-59.0074,-38.6721,6.0459],[-58.9993,-38.6715,0.0],[-58.9829,-38.6662,2.5383],[-58.9535,-38.6601,0.0],[-58.9504,-38.6582,0.0],[-58.9465,-38.6585,0.0],[-58.9426,-38.6546,0.0],[-58.9315,-38.6507,1.1145],[-58.9235,-38.646,6.7701],[-58.8662,-38.6315,3.5058],[-58.8543,-38.6299,0.0],[-58.8376,-38.6243,5.8006],[-58.8354,-38.6249,0.0],[-58.8293,-38.6224,7.206],[-58.8276,-38.6232,0.0],[-58.8213,-38.6176,5.7566],[-58.7993,-38.6093,1.5539],[-58.7868,-38.6024,11.4575],[-58.7754,-38.6012,4.0826],[-58.7707,-38.5985,9.3034],[-58.7604,-38.5971,1.5146],[-58.7607,-38.5957,13.2595],[-58.7504,-38.5932,0.0],[-58.7382,-38.5868,9.1005],[-58.7257,-38.584,4.9257],[-58.7204,-38.5799,14.0221],[-58.7024,-38.5815,0.0],[-58.7021,-38.5799,0.0],[-58.7038,-38.5804,2.3485],[-58.7046,-38.5776,0.0],[-58.7113,-38.5762,0.0],[-58.7135,-38.5751,2.6951],[-58.7132,-38.5735,0.0],[-58.7024,-38.5774,0.7494],[-58.6968,-38.5776,1.7592],[-58.6888,-38.574,8.4949],[-58.6704,-38.571,4.8114],[-58.6557,-38.5704,0.0],[-58.6324,-38.5638,6.3223],[-58.6221,-38.5638,0.0],[-58.6168,-38.5612,5.7608],[-58.5896,-38.5579,2.2148],[-58.5601,-38.5504,0.0],[-58.5196,-38.544,0.5353],[-58.4957,-38.5374,1.8802],[-58.4729,-38.5271,2.4463],[-58.4546,-38.5235,0.0],[-58.4338,-38.5126,2.5736],[-58.3999,-38.5037,1.7464],[-58.3674,-38.491,15.3694],[-58.3574,-38.4893,7.9879],[-58.3488,-38.4854,10.9471],[-58.3404,-38.4846,1.3862],[-58.3393,-38.4824,10.5527],[-58.3374,-38.4835,2.8323],[-58.3282,-38.4826,4.6632],[-58.3135,-38.4749,3.9982],[-58.2768,-38.4651,0.0],[-58.2451,-38.4485,0.7124],[-58.2076,-38.434,5.7202],[-58.1574,-38.4193,0.6553],[-58.1226,-38.4062,4.9679],[-58.1021,-38.3965,0.6763],[-58.0921,-38.3943,2.7693],[-58.0696,-38.3843,9.9249],[-58.0557,-38.3804,0.0],[-58.0224,-38.3657,2.615],[-58.0021,-38.3535,1.3799],[-57.9932,-38.3504,1.0596],[-57.9732,-38.3407,1.6654],[-57.9671,-38.336,4.1266],[-57.9501,-38.3288,3.5695],[-57.896,-38.311,2.3394],[-57.876,-38.3029,11.8557],[-57.8526,-38.2965,0.0],[-57.8349,-38.2865,0.0],[-57.8332,-38.2818,0.0],[-57.834,-38.2762,11.1245],[-57.8288,-38.2713,8.2079],[-57.8246,-38.2704,0.0],[-57.8237,-38.2687,3.4781],[-57.8063,-38.2596,0.0],[-57.7943,-38.2551,0.0],[-57.7826,-38.2476,4.613],[-57.7632,-38.2415,0.0],[-57.7482,-38.2343,5.3581],[-57.7287,-38.229,2.1443],[-57.726,-38.2265,0.8742],[-57.7026,-38.2163,0.0],[-57.6976,-38.2107,1.1449],[-57.6796,-38.2029,15.1174],[-57.6632,-38.1921,9.0758],[-57.6551,-38.184,7.9882],[-57.6521,-38.1835,0.0],[-57.6504,-38.1804,0.0],[-57.6393,-38.1729,8.1721],[-57.6351,-38.1721,0.0],[-57.6343,-38.1674,8.3347],[-57.6113,-38.1468,0.0],[-57.6068,-38.1385,0.0],[-57.6071,-38.1346,0.0],[-57.6049,-38.1307,0.0],[-57.591,-38.1174,0.0],[-57.5701,-38.1065,0.0],[-57.5438,-38.0976,17.1591],[-57.5429,-38.0949,3.4142],[-57.5407,-38.0943,0.9974],[-57.5396,-38.084,1.3599],[-57.5351,-38.0824,0.0],[-57.5418,-38.0776,5.4132],[-57.5412,-38.0668,0.0],[-57.5312,-38.0504,0.0],[-57.5315,-38.0496,1.5034],[-57.5346,-38.051,3.1266],[-57.5354,-38.0476,0.0],[-57.5343,-38.0457,0.0],[-57.5382,-38.0449,0.0],[-57.5387,-38.0429,0.1317],[-57.5363,-38.0385,1.6007],[-57.5321,-38.0374,0.8496],[-57.5318,-38.0363,0.8496],[-57.5346,-38.0363,3.1764],[-57.5349,-38.0349,0.0],[-57.534,-38.0329,10.3441],[-57.5318,-38.0326,2.5453],[-57.5312,-38.0282,0.0],[-57.529,-38.0249,0.0],[-57.5268,-38.0243,0.0],[-57.5271,-38.0207,9.218],[-57.5232,-38.0165,7.4764],[-57.5238,-38.0151,0.0],[-57.531,-38.0149,1.1042],[-57.5326,-38.0076,1.0498],[-57.5421,-38.0037,24.4264],[-57.5404,-37.9974,11.1963],[-57.544,-37.9912,3.6276],[-57.5438,-37.9824,12.516],[-57.5421,-37.9804,0.0],[-57.5418,-37.9696,10.8062],[-57.5332,-37.9482,0.0],[-57.5307,-37.9332,0.0],[-57.5268,-37.9263,0.0],[-57.5218,-37.9049,6.0132],[-57.5213,-37.894,11.9443],[-57.5137,-37.8754,4.1255],[-57.5146,-37.8699,1.4191],[-57.5126,-37.8676,0.0],[-57.5129,-37.8651,10.559],[-57.5096,-37.8615,0.0],[-57.5037,-37.846,1.2489],[-57.4979,-37.8396,0.0],[-57.4921,-37.8288,0.0],[-57.4715,-37.8049,0.0],[-57.4646,-37.7946,0.9812],[-57.4615,-37.7929,3.8125],[-57.4579,-37.7863,2.1411],[-57.4551,-37.7851,0.0],[-57.4554,-37.7835,3.0069],[-57.4485,-37.7776,0.0],[-57.4476,-37.7743,5.0982],[-57.4454,-37.774,3.6679],[-57.4432,-37.7696,4.1741],[-57.4404,-37.7687,0.0],[-57.4379,-37.7624,3.5219],[-57.4313,-37.7582,0.0],[-57.431,-37.7554,6.8316],[-57.4226,-37.7504,1.8947],[-57.4149,-37.7421,0.2306],[-57.4154,-37.7418,0.2306],[-57.4193,-37.7443,0.0],[-57.4232,-37.7443,0.4653],[-57.4262,-37.7385,0.8938],[-57.4301,-37.7379,0.0],[-57.4332,-37.7351,0.8124],[-57.4335,-37.7301,0.0],[-57.4293,-37.7221,0.638],[-57.4335,-37.7132,0.4903],[-57.4301,-37.7076,0.1982],[-57.4321,-37.6993,0.0],[-57.4282,-37.6951,0.0],[-57.4296,-37.6929,1.4451],[-57.4165,-37.6837,0.9022],[-57.4096,-37.6688,0.8617],[-57.4043,-37.6626,0.5959],[-57.4051,-37.6613,0.5959],[-57.4076,-37.6621,0.8374],[-57.4079,-37.6637,1.0994],[-57.4149,-37.6674,0.5452],[-57.4229,-37.6676,0.3983],[-57.4179,-37.6557,0.4767],[-57.4154,-37.654,0.0],[-57.4135,-37.6493,0.6835],[-57.411,-37.6471,0.8875],[-57.4065,-37.6499,0.0],[-57.4038,-37.6482,0.0],[-57.404,-37.6415,1.008],[-57.406,-37.6399,0.7154],[-57.411,-37.6404,0.8068],[-57.4151,-37.6329,0.1368],[-57.4065,-37.6162,1.4048],[-57.3965,-37.6063,0.0],[-57.3787,-37.5968,0.0],[-57.374,-37.591,1.1199],[-57.3701,-37.5893,0.0],[-57.3718,-37.5876,0.9013],[-57.3635,-37.5849,0.0],[-57.3579,-37.5799,0.0],[-57.3563,-37.5732,0.0],[-57.3521,-37.5701,0.0],[-57.3429,-37.5665,0.0],[-57.3301,-37.5643,0.567],[-57.3268,-37.5615,0.0],[-57.3229,-37.5618,1.1022],[-57.3274,-37.566,0.6512],[-57.3432,-37.5704,0.0],[-57.3488,-37.5765,0.0],[-57.3496,-37.5885,0.0],[-57.3451,-37.5932,0.3504],[-57.3443,-37.6035,0.2509],[-57.3504,-37.6054,0.3858],[-57.3607,-37.6049,0.5137],[-57.3696,-37.6063,0.7005],[-57.3768,-37.6104,0.2378],[-57.3851,-37.6182,0.7177],[-57.3862,-37.6215,0.175],[-57.3851,-37.6249,0.4894],[-57.3793,-37.6332,0.0],[-57.3737,-37.6385,0.0],[-57.3554,-37.6479,0.8994],[-57.3501,-37.6532,0.9433],[-57.3535,-37.6574,0.6912],[-57.3549,-37.6568,0.0],[-57.3563,-37.6599,0.927],[-57.3718,-37.6693,0.1038],[-57.386,-37.6849,0.9317],[-57.3907,-37.6865,1.1934],[-57.394,-37.6837,0.5784],[-57.4049,-37.6826,0.0],[-57.409,-37.684,0.0],[-57.4157,-37.6907,1.3217],[-57.4274,-37.6965,0.2033],[-57.4276,-37.6993,0.0],[-57.4243,-37.7068,1.6808],[-57.4262,-37.7124,1.3057],[-57.4282,-37.7121,0.6166],[-57.4279,-37.7182,0.9816],[-57.4229,-37.7221,4.0838],[-57.4221,-37.7254,6.2127],[-57.4238,-37.7271,2.5439],[-57.4238,-37.731,2.0105],[-57.4271,-37.7318,0.8725],[-57.4279,-37.734,1.0955],[-57.4238,-37.7365,0.9868],[-57.4218,-37.7421,0.8274],[-57.4176,-37.741,2.7518],[-57.4171,-37.7376,2.8689],[-57.4132,-37.7374,1.1143],[-57.4079,-37.7307,2.2603],[-57.4049,-37.7299,0.0],[-57.4038,-37.7276,2.6207],[-57.391,-37.7187,0.0],[-57.3712,-37.701,3.2868],[-57.3676,-37.7001,0.0],[-57.3599,-37.6912,4.904],[-57.3554,-37.6893,3.2506],[-57.3549,-37.6868,5.2903],[-57.3449,-37.6771,7.1561],[-57.3338,-37.6704,2.1159],[-57.3229,-37.6601,5.7869],[-57.3046,-37.6465,6.4445],[-57.2982,-37.6429,5.5915],[-57.2907,-37.6413,0.0],[-57.2674,-37.6176,4.2367],[-57.2429,-37.5968,0.7468],[-57.241,-37.5968,0.0],[-57.2285,-37.5812,2.8721],[-57.2088,-37.5654,4.592],[-57.1965,-37.5587,0.0],[-57.1662,-37.5279,4.4131],[-57.1454,-37.5126,0.8565],[-57.126,-37.494,0.0],[-57.1029,-37.4649,0.0],[-57.0893,-37.4501,0.0],[-57.0574,-37.396,3.6112],[-57.0551,-37.3893,4.3732],[-57.039,-37.3621,0.8905],[-57.0371,-37.356,9.7157],[-57.0335,-37.354,7.3856],[-57.0246,-37.3365,7.346],[-57.0165,-37.3265,0.8176],[-57.0112,-37.3151,7.0302],[-57.0085,-37.3143,3.3371],[-57.0065,-37.3115,1.9566],[-57.001,-37.3004,7.35],[-56.9815,-37.2804,0.0],[-56.9637,-37.2568,7.5189],[-56.9499,-37.2415,0.0],[-56.9349,-37.2207,3.932],[-56.9193,-37.204,0.5289],[-56.9101,-37.1901,3.0846],[-56.9012,-37.1807,0.577],[-56.8937,-37.1671,11.1885],[-56.8901,-37.1649,4.8428],[-56.886,-37.1579,9.7746],[-56.8829,-37.1565,0.7194],[-56.866,-37.1307,1.4484],[-56.8237,-37.0812,0.0],[-56.8224,-37.0757,4.7236],[-56.8112,-37.0579,4.2531],[-56.7799,-37.0215,0.0],[-56.7513,-36.9824,4.3283],[-56.7224,-36.9515,0.0],[-56.7151,-36.941,3.3898],[-56.686,-36.9082,1.0108],[-56.6854,-36.9051,3.1124],[-56.6782,-36.8968,1.8059],[-56.6738,-36.8876,4.6869],[-56.6679,-36.8804,2.3152],[-56.6674,-36.8729,3.637],[-56.6707,-36.8504,0.0],[-56.6732,-36.846,2.859],[-56.6763,-36.8326,3.2563],[-56.6751,-36.7943,0.0],[-56.6765,-36.7796,3.1391],[-56.6749,-36.7765,0.0],[-56.6732,-36.7529,0.0],[-56.6732,-36.7212,0.0],[-56.6785,-36.6596,0.0],[-56.6846,-36.6171,3.2234],[-56.691,-36.4915,1.8874],[-56.7015,-36.401,0.0],[-56.7151,-36.3579,0.964],[-56.7229,-36.3443,0.0],[-56.7332,-36.3321,1.8642],[-56.7313,-36.329,0.0],[-56.7349,-36.3237,0.4635],[-56.7454,-36.3126,1.8742],[-56.749,-36.3124,1.9502],[-56.7574,-36.3018,0.0],[-56.7676,-36.2974,0.0],[-56.7765,-36.2957,0.0],[-56.7735,-36.3021,0.4815],[-56.7782,-36.3046,0.0],[-56.7779,-36.3074,0.0],[-56.781,-36.3132,0.0],[-56.7765,-36.316,0.0],[-56.7729,-36.3265,0.0],[-56.7663,-36.3288,0.3474],[-56.7679,-36.3312,0.9448],[-56.7704,-36.3301,0.0],[-56.7699,-36.3346,0.0],[-56.764615468409566,-36.337366122004369,0.0],[-56.769,-36.3357,0.0],[-56.7715,-36.3382,0.4806],[-56.7754,-36.331,0.0],[-56.7771,-36.3301,0.0],[-56.7779,-36.3321,0.1623],[-56.7793,-36.3271,0.3304],[-56.7768,-36.3257,0.6474],[-56.7762,-36.3224,0.0],[-56.7785,-36.3196,0.3766],[-56.7924,-36.3282,0.8856],[-56.7954,-36.3274,0.0],[-56.7999,-36.3299,0.5666],[-56.8079,-36.3293,0.0],[-56.8146,-36.3343,0.0],[-56.8165,-36.3321,0.0],[-56.8226,-36.3301,0.2036],[-56.8235,-36.3321,1.0233],[-56.8274,-36.3332,1.2043],[-56.831,-36.3296,0.3108],[-56.841,-36.3312,0.0],[-56.8446,-36.3293,0.0],[-56.8512,-36.3299,0.0],[-56.8543,-36.3279,0.0],[-56.866,-36.3276,0.0],[-56.869,-36.329,0.0],[-56.8688,-36.3321,0.5395],[-56.8718,-36.334,0.3002],[-56.8735,-36.3335,0.5523],[-56.8704,-36.3307,0.1425],[-56.8701,-36.3282,0.0],[-56.8785,-36.3288,0.0],[-56.8782,-36.3326,0.4223],[-56.8826,-36.3343,0.517],[-56.8829,-36.3315,0.2055],[-56.8793,-36.3293,0.0],[-56.8821,-36.329,0.0],[-56.9035,-36.3343,0.0],[-56.906,-36.3371,0.0],[-56.9038,-36.3418,0.0],[-56.9057,-36.3443,0.0],[-56.9074,-36.3432,0.4941],[-56.9065,-36.3382,0.059],[-56.9093,-36.3401,0.0],[-56.9185,-36.3335,0.0],[-56.9246,-36.3318,0.0],[-56.9318,-36.3335,0.404],[-56.9354,-36.3321,0.0],[-56.9346,-36.3338,0.0611],[-56.9382,-36.3332,0.0],[-56.9435,-36.3382,1.1484],[-56.9446,-36.3363,0.4162],[-56.9437,-36.3324,0.0],[-56.951,-36.3326,0.0],[-56.9535,-36.3365,0.8662],[-56.9535,-36.3326,0.0],[-56.9665,-36.3324,0.0],[-56.9718,-36.3346,1.2304],[-56.9712,-36.3329,0.0],[-56.9732,-36.3315,0.0],[-56.9796,-36.3321,0.0],[-56.9843,-36.3299,0.0],[-57.0085,-36.3257,0.0],[-57.0115,-36.326,0.0],[-57.0182,-36.3304,0.0],[-57.0176,-36.3271,0.0],[-57.0149,-36.3276,0.0],[-57.0143,-36.3265,0.0],[-57.0174,-36.3221,0.0],[-57.0349,-36.3157,0.495],[-57.0371,-36.3132,0.0],[-57.0399,-36.3143,1.4413],[-57.0399,-36.3126,1.0409],[-57.0585,-36.3029,0.0],[-57.0649,-36.3057,0.2741],[-57.0632,-36.3035,0.0],[-57.066,-36.2999,0.3016],[-57.0746,-36.2965,1.5897],[-57.084,-36.2896,1.5371],[-57.1071,-36.2774,0.0],[-57.1115,-36.2799,0.278],[-57.114,-36.2793,0.2455],[-57.1154,-36.2754,0.0],[-57.1135,-36.2738,0.0],[-57.1146,-36.2704,0.0],[-57.1204,-36.2685,0.5356],[-57.1235,-36.269,0.2016],[-57.1251,-36.2674,0.0],[-57.1282,-36.2707,0.2905],[-57.1276,-36.2646,0.0],[-57.1293,-36.2607,0.0],[-57.1321,-36.2593,0.0],[-57.1362,-36.2601,1.6426],[-57.1357,-36.2579,0.0],[-57.1393,-36.2535,0.6251],[-57.144,-36.2499,0.1803],[-57.1468,-36.2501,1.6787],[-57.159,-36.2371,0.3806],[-57.166,-36.2335,0.3695],[-57.174,-36.226,1.6282],[-57.1785,-36.2243,0.257],[-57.179,-36.2212,0.0],[-57.1926,-36.2096,1.248],[-57.1937,-36.2071,0.0],[-57.1968,-36.2071,0.8393],[-57.2057,-36.1993,0.0],[-57.2104,-36.1982,1.8093],[-57.2115,-36.194,0.9286],[-57.2132,-36.1949,1.9057],[-57.2154,-36.1932,1.8077],[-57.2157,-36.189,1.1143],[-57.2199,-36.1851,0.839],[-57.2276,-36.1796,1.3507],[-57.2346,-36.1821,0.0],[-57.2349,-36.1743,1.8856],[-57.2393,-36.1726,1.8546],[-57.2399,-36.1679,0.3713],[-57.2451,-36.1662,1.9055],[-57.246,-36.1632,1.9058],[-57.2493,-36.1615,1.8021],[-57.249,-36.1599,1.8029],[-57.2521,-36.1599,1.7694],[-57.256,-36.156,1.9153],[-57.2576,-36.1512,1.7073],[-57.2687,-36.1401,1.9137],[-57.2743,-36.1365,1.2731],[-57.2785,-36.1376,0.7933],[-57.2788,-36.136,0.0],[-57.2821,-36.1368,0.2909],[-57.2885,-36.1354,0.4964],[-57.2857,-36.1346,0.2961],[-57.2818,-36.1357,0.4034],[-57.2779,-36.1332,0.0],[-57.2776,-36.129,0.0],[-57.2818,-36.1196,0.0],[-57.2879,-36.1107,0.0],[-57.289,-36.111,0.7775],[-57.2893,-36.1068,0.0],[-57.2932,-36.1021,0.0],[-57.2985,-36.0988,1.2],[-57.2993,-36.096,0.3936],[-57.3032,-36.0957,0.9308],[-57.3037,-36.0904,1.7537],[-57.3074,-36.0874,1.976],[-57.3118,-36.0751,1.9131],[-57.3157,-36.0693,1.024],[-57.3171,-36.0693,1.024],[-57.3174,-36.0657,0.0],[-57.3196,-36.0649,1.8841],[-57.3232,-36.0571,2.0901],[-57.321,-36.0515,0.0],[-57.3243,-36.0518,1.9482],[-57.3307,-36.0443,2.3184],[-57.3357,-36.0315,0.3333],[-57.3401,-36.0296,2.2904],[-57.339,-36.034,2.2467],[-57.3407,-36.0346,2.004],[-57.3426,-36.0282,2.3357],[-57.3504,-36.0271,1.3694],[-57.3524,-36.0215,1.9636],[-57.3496,-36.0204,0.0],[-57.3488,-36.0176,0.8975],[-57.3535,-36.011,1.6349],[-57.3563,-35.9999,1.5311],[-57.3618,-35.9954,2.3111],[-57.364,-35.9915,2.2603],[-57.3679,-35.9765,0.0],[-57.3715,-35.9704,1.1482],[-57.381,-35.9693,0.0],[-57.3818,-35.9637,1.4954],[-57.379,-35.9626,0.0],[-57.381,-35.9574,0.3311],[-57.379,-35.9571,0.1618],[-57.3796,-35.9538,0.6668],[-57.3785,-35.9535,1.5921],[-57.376,-35.9582,0.0],[-57.3715,-35.959,0.0],[-57.3685,-35.9554,0.0],[-57.3679,-35.9512,0.0],[-57.3707,-35.949,0.0],[-57.3737,-35.9504,0.1733],[-57.3757,-35.9493,0.4665],[-57.3721,-35.9443,0.0],[-57.3746,-35.9424,0.2854],[-57.3757,-35.9343,0.3008],[-57.3779,-35.9307,0.8515],[-57.3763,-35.9271,0.0],[-57.3776,-35.9246,0.0],[-57.3743,-35.9207,1.7421],[-57.3751,-35.9201,0.6029],[-57.3768,-35.9207,0.6029],[-57.3757,-35.909,1.9644],[-57.3782,-35.9093,2.0809],[-57.3779,-35.9176,1.4573],[-57.3807,-35.9221,2.0068],[-57.3818,-35.914,2.0071],[-57.3787,-35.9035,0.0],[-57.3824,-35.9076,1.8782],[-57.3821,-35.9126,2.0284],[-57.3843,-35.9054,2.0665],[-57.381,-35.9018,0.0],[-57.3807,-35.8993,0.0],[-57.3829,-35.8999,0.0],[-57.3846,-35.9035,1.9066],[-57.3913,-35.904,2.046],[-57.3857,-35.9007,1.8589],[-57.3851,-35.8949,0.0],[-57.3818,-35.8907,0.0],[-57.3857,-35.8879,1.0503],[-57.3829,-35.8754,0.0],[-57.3857,-35.8657,0.0],[-57.389,-35.8668,0.5398],[-57.3879,-35.8643,1.7201],[-57.3887,-35.8529,0.0],[-57.384,-35.8343,0.0],[-57.386,-35.8332,0.0],[-57.3843,-35.8293,0.2511],[-57.3818,-35.829,1.0158],[-57.3815,-35.826,1.6411],[-57.3799,-35.8257,0.0],[-57.3779,-35.8132,0.0],[-57.3807,-35.8104,0.0],[-57.3771,-35.8065,0.793],[-57.3743,-35.7943,0.8013],[-57.371,-35.7921,0.3965],[-57.3713,-35.7824,0.0],[-57.3701,-35.7788,0.2281],[-57.3682,-35.7779,0.0],[-57.369,-35.7757,1.7361],[-57.3665,-35.7707,0.2866],[-57.3657,-35.7593,1.8504],[-57.3635,-35.7574,0.0],[-57.3618,-35.7515,0.0],[-57.3635,-35.7454,0.0],[-57.3607,-35.7396,1.7106],[-57.3585,-35.7399,0.0],[-57.3557,-35.7335,1.6015],[-57.3504,-35.729,0.567],[-57.349,-35.7265,0.2134],[-57.3499,-35.7235,0.3883],[-57.346,-35.7209,0.0],[-57.3471,-35.7199,2.0255],[-57.3462,-35.7168,0.0],[-57.3401,-35.7137,0.0],[-57.3401,-35.7099,0.9973],[-57.3357,-35.7068,0.0],[-57.3318,-35.6999,0.0],[-57.3229,-35.6924,0.0],[-57.319,-35.686,0.0],[-57.316,-35.684,0.2567],[-57.3157,-35.6815,0.2387],[-57.3138,-35.6813,0.0],[-57.3076,-35.6712,0.0],[-57.2993,-35.6624,0.0],[-57.2996,-35.6601,0.0],[-57.2901,-35.6485,0.0],[-57.2854,-35.6451,0.0],[-57.2863,-35.6429,0.0],[-57.2799,-35.6362,0.0],[-57.2796,-35.6338,0.0],[-57.2724,-35.6279,0.0],[-57.2724,-35.6251,0.3382],[-57.2674,-35.6179,0.0],[-57.2643,-35.616,0.0],[-57.2629,-35.6124,0.0],[-57.2582,-35.6085,0.0],[-57.2507,-35.5954,0.0],[-57.2435,-35.5871,0.0],[-57.2393,-35.5851,0.0],[-57.2396,-35.5835,0.0],[-57.2379,-35.5838,0.0],[-57.2376,-35.5799,0.0],[-57.2313,-35.5751,0.0],[-57.229,-35.5707,1.6657],[-57.219,-35.5635,0.1526],[-57.2135,-35.5557,0.2872],[-57.1937,-35.5379,0.0],[-57.1849,-35.5265,0.0],[-57.1771,-35.5204,0.0],[-57.161,-35.5024,0.0],[-57.1521,-35.4949,0.0],[-57.1485,-35.486,1.2877],[-57.1415,-35.4774,0.3023],[-57.1401,-35.469,0.2496],[-57.1374,-35.4635,1.4034],[-57.1287,-35.4512,0.2056],[-57.1268,-35.4437,0.0],[-57.1249,-35.4435,0.0],[-57.1268,-35.441,0.0],[-57.1271,-35.426,0.0],[-57.1296,-35.4251,0.0],[-57.1279,-35.4229,0.0],[-57.1418,-35.3982,0.0],[-57.1435,-35.3979,0.0],[-57.1443,-35.3949,0.0],[-57.1429,-35.3946,0.0],[-57.1465,-35.3868,0.0],[-57.1529,-35.3804,0.2344],[-57.1574,-35.3713,0.0],[-57.1596,-35.371,0.0],[-57.1629,-35.366,0.0],[-57.1646,-35.366,0.0],[-57.1654,-35.3604,0.0],[-57.179,-35.3479,0.0],[-57.1807,-35.3429,0.0],[-57.1865,-35.3349,1.2665],[-57.1893,-35.3254,0.6257],[-57.2024,-35.3029,0.3774],[-57.214,-35.2899,0.1853],[-57.2154,-35.2857,0.1826],[-57.2235,-35.2757,1.1893],[-57.2221,-35.2724,0.0],[-57.2249,-35.2724,2.404],[-57.2251,-35.2701,0.8388],[-57.2274,-35.2687,0.0],[-57.2296,-35.269,0.3203],[-57.2326,-35.2629,0.0],[-57.2404,-35.2551,0.0],[-57.2446,-35.2535,0.4779],[-57.249,-35.2471,0.0],[-57.2588,-35.2393,0.0],[-57.2637,-35.2376,0.1497],[-57.2721,-35.2282,0.0],[-57.2743,-35.2282,1.6537],[-57.2868,-35.2121,0.5258],[-57.3024,-35.1985,0.0],[-57.3162,-35.1824,0.0],[-57.3168,-35.1796,0.0],[-57.3226,-35.1779,0.0],[-57.3257,-35.1721,0.0],[-57.339,-35.1601,3.2668],[-57.3424,-35.1549,0.0],[-57.3499,-35.1504,0.0],[-57.3529,-35.146,0.0],[-57.371,-35.1329,0.0],[-57.3899,-35.116,0.0],[-57.3924,-35.1157,3.4282],[-57.3946,-35.1121,0.0],[-57.4076,-35.1046,1.1283],[-57.4385,-35.0768,0.0],[-57.4615,-35.0599,1.6096],[-57.4712,-35.0546,1.7495],[-57.5001,-35.031,0.0],[-57.5051,-35.0304,3.4613],[-57.5074,-35.0246,1.3424],[-57.5176,-35.0213,2.1126],[-57.5204,-35.0176,0.0],[-57.5301,-35.0137,0.0],[-57.5368,-35.0135,0.5386],[-57.5446,-35.0101,0.0],[-57.5651,-35.0054,1.5333],[-57.5899,-34.9957,0.9044],[-57.6082,-34.984,1.257],[-57.6196,-34.9738,0.9138],[-57.6437,-34.9568,0.3851],[-57.6796,-34.9346,1.9561],[-57.7151,-34.9293,1.5146],[-57.7429,-34.9185,3.9397],[-57.7793,-34.8974,2.4742],[-57.8154,-34.869,3.5211],[-57.8624,-34.8413,6.0581],[-57.8712,-34.8324,3.5126],[-57.8737,-34.826,0.0],[-57.8854,-34.8482,0.0],[-57.8851,-34.8521,0.5064],[-57.8796,-34.8526,2.8689],[-57.8757,-34.8551,1.0549],[-57.8882,-34.8526,1.376],[-57.894,-34.8626,0.7595],[-57.894,-34.8662,3.378],[-57.8999,-34.8737,4.8222],[-57.8893,-34.8515,1.376],[-57.8907,-34.8499,3.801],[-57.8963,-34.8496,7.8765],[-57.8988,-34.8465,1.26],[-57.9115,-34.8449,4.7008],[-57.9199,-34.8396,2.4263],[-57.9268,-34.8401,0.9896],[-57.9265,-34.8379,3.9235],[-57.9224,-34.8363,0.0],[-57.9051,-34.8446,0.0],[-57.8996,-34.8443,6.2748],[-57.8924,-34.8476,2.7832],[-57.8893,-34.8454,6.4373],[-57.8896,-34.8482,0.0],[-57.8882,-34.8485,0.4619],[-57.879,-34.8312,0.0],[-57.8815,-34.8285,1.2272],[-57.8976,-34.8279,0.0],[-57.9265,-34.8326,0.3359],[-57.946,-34.8307,0.2183],[-57.9476,-34.8326,1.5442],[-57.9463,-34.8288,0.0],[-57.9521,-34.8293,1.432],[-57.956,-34.8276,1.3203],[-57.9715,-34.8154,1.5937],[-57.9754,-34.814,0.9399],[-57.9765,-34.8112,0.0],[-57.9949,-34.7943,4.3221],[-57.9965,-34.7907,2.0148],[-58.009,-34.7821,0.0],[-58.0243,-34.7779,0.0],[-58.0579,-34.7754,3.4862],[-58.0713,-34.771,0.0],[-58.1018,-34.7551,1.4811],[-58.1185,-34.7499,1.4449],[-58.1299,-34.7504,1.0378],[-58.1387,-34.7482,0.3553],[-58.1596,-34.7482,1.6118],[-58.1765,-34.7438,0.0],[-58.179,-34.7443,0.0],[-58.1821,-34.7415,0.9911],[-58.1974,-34.7346,1.6836],[-58.2024,-34.7282,1.8422],[-58.204,-34.7235,0.0],[-58.221,-34.711,0.3684],[-58.2187,-34.7076,0.0],[-58.2238,-34.7093,0.8937],[-58.2304,-34.7054,0.0],[-58.2276,-34.6996,0.0],[-58.2365,-34.7018,2.696],[-58.2576,-34.6893,0.0],[-58.3013,-34.6674,2.055],[-58.319,-34.6563,1.9726],[-58.3318,-34.6446,1.8238],[-58.3321,-34.6415,5.5402],[-58.3299,-34.644,1.8092],[-58.329,-34.6429,0.0],[-58.3321,-34.6413,5.5402],[-58.3326,-34.6349,4.3879],[-58.3357,-34.6324,0.0],[-58.3387,-34.634,0.0],[-58.3429,-34.6332,3.712],[-58.343,-34.6352,5.9448],[-58.3479,-34.6374,4.803],[-58.3444,-34.6381,0.0],[-58.3491,-34.6409,7.6561],[-58.3507,-34.64,6.3489],[-58.3574,-34.6446,1.4512],[-58.3561,-34.6498,4.1983],[-58.3683,-34.6557,9.0785],[-58.3746,-34.6623,6.8492],[-58.3849,-34.6628,8.6392],[-58.3946,-34.6677,6.3017],[-58.403,-34.6647,6.1438],[-58.4082,-34.6651,6.4431],[-58.4128,-34.6635,6.3641],[-58.423,-34.6663,6.7915],[-58.4617,-34.709,6.1726],[-58.5289,-34.6595,28.1947],[-58.5313,-34.6195,26.6656],[-58.5005,-34.5541,16.0811],[-58.4546,-34.534,0.0],[-58.4551,-34.5326,5.0369],[-58.4529,-34.5315,0.0],[-58.4532,-34.5293,0.0],[-58.4568,-34.5262,0.0],[-58.4626,-34.5274,2.2977],[-58.4679,-34.5229,0.7642],[-58.4699,-34.5187,5.1783],[-58.4685,-34.5165,0.0],[-58.4693,-34.5112,0.0],[-58.4749,-34.509,3.0951],[-58.474,-34.5032,0.0],[-58.4757,-34.5032,0.0],[-58.479,-34.4965,4.4424],[-58.4785,-34.4915,4.4884],[-58.4824,-34.4782,3.7329],[-58.4924,-34.4696,2.4593],[-58.4938,-34.464,0.0],[-58.4996,-34.4613,3.3019],[-58.5021,-34.4582,0.6408],[-58.5051,-34.4532,3.24],[-58.5057,-34.4487,1.1266],[-58.519,-34.4468,0.5236],[-58.519,-34.444,0.485],[-58.5143,-34.4421,0.4028],[-58.5118,-34.4424,0.0],[-58.5049,-34.439,0.7432],[-58.5029,-34.4407,0.0],[-58.4979,-34.4388,0.0],[-58.4987,-34.4354,0.0],[-58.5007,-34.4357,0.1285],[-58.501,-34.4376,0.4075],[-58.501,-34.4357,0.1285],[-58.5032,-34.4357,0.2089],[-58.506,-34.4307,0.9381],[-58.5015,-34.4282,0.0],[-58.5004,-34.4301,0.1357],[-58.4971,-34.4307,0.0868],[-58.4935,-34.4235,0.0],[-58.4943,-34.4199,0.0],[-58.4971,-34.4188,0.5192],[-58.499,-34.4201,1.022],[-58.4982,-34.4171,0.2526],[-58.5015,-34.4149,0.9935],[-58.4962,-34.4135,0.3438],[-58.5015,-34.4126,0.7495],[-58.5035,-34.409,0.8656],[-58.5001,-34.4113,0.9398],[-58.4993,-34.4087,0.9097],[-58.4938,-34.4087,0.7521],[-58.4935,-34.4065,0.6772],[-58.4904,-34.404,0.7781],[-58.4907,-34.4021,1.0604],[-58.4857,-34.4021,0.7128],[-58.4885,-34.399,0.9329],[-58.4857,-34.3996,0.7925],[-58.484,-34.3976,1.0258],[-58.4807,-34.3993,0.2546],[-58.4813,-34.3954,0.0708],[-58.4779,-34.3957,0.0],[-58.4762,-34.3918,0.2363],[-58.4787,-34.389,1.1047],[-58.4824,-34.3907,0.688],[-58.4912,-34.3818,0.3627],[-58.486,-34.3854,0.4806],[-58.481,-34.3854,1.0636],[-58.4801,-34.3832,0.9474],[-58.4779,-34.3857,0.4355],[-58.4746,-34.3862,0.8001],[-58.4715,-34.3838,0.8548],[-58.4701,-34.386,0.5807],[-58.4663,-34.3871,0.0495],[-58.4637,-34.3849,0.133],[-58.4637,-34.3801,0.8311],[-58.4674,-34.3757,0.8006],[-58.4665,-34.3751,0.8006],[-58.4601,-34.3793,0.7396],[-58.4618,-34.3815,0.5394],[-58.4588,-34.3865,0.0478],[-58.4565,-34.3885,0.0],[-58.4535,-34.3882,0.0],[-58.4757,-34.354,0.0],[-58.4843,-34.3357,0.6577],[-58.4918,-34.3274,0.0],[-58.4954,-34.3207,0.4021],[-58.5168,-34.3049,1.4376],[-58.5135,-34.2974,0.0],[-58.5057,-34.2946,0.0],[-58.496,-34.2829,0.9648],[-58.4918,-34.2804,0.2859],[-58.4904,-34.2815,0.0],[-58.4871,-34.2807,0.1061],[-58.4874,-34.2785,0.1814],[-58.4896,-34.2788,0.6687],[-58.4901,-34.2771,0.0],[-58.4979,-34.2737,0.0],[-58.4976,-34.2707,1.8292],[-58.494,-34.2718,0.0],[-58.4976,-34.2687,0.3463],[-58.4799,-34.2724,3.4707],[-58.4749,-34.2749,0.0],[-58.4624,-34.2749,0.0],[-58.4538,-34.271,0.1538],[-58.4535,-34.2649,6.8055],[-58.4515,-34.2685,0.0],[-58.4437,-34.2676,0.2294],[-58.4329,-34.269,0.0],[-58.4326,-34.2676,0.1634],[-58.4204,-34.2668,0.0],[-58.4149,-34.2649,0.0],[-58.4065,-34.2554,1.463],[-58.4049,-34.2565,0.5229],[-58.4038,-34.2551,1.7216],[-58.4038,-34.2585,0.3073],[-58.4018,-34.2596,0.0],[-58.3965,-34.254,0.0],[-58.3968,-34.251,0.5961],[-58.3926,-34.249,0.0],[-58.389,-34.2446,0.0],[-58.3879,-34.2407,0.0],[-58.3901,-34.2363,1.4071],[-58.4035,-34.2304,3.658],[-58.4038,-34.2279,0.8442],[-58.3996,-34.2254,0.2391],[-58.3876,-34.2235,0.4017],[-58.3829,-34.2251,0.0],[-58.379,-34.224,0.0],[-58.3787,-34.2226,0.0],[-58.3815,-34.2215,3.2392],[-58.3768,-34.2196,0.7065],[-58.3743,-34.2157,0.6494],[-58.3779,-34.2129,1.1876],[-58.371,-34.2132,0.367],[-58.371,-34.2115,1.1054],[-58.3743,-34.2104,0.8808],[-58.3793,-34.2038,0.6543],[-58.3765,-34.1999,0.282],[-58.3699,-34.2026,1.42],[-58.3671,-34.2057,1.0114],[-58.3629,-34.2051,1.1022],[-58.3637,-34.209,0.1045],[-58.361,-34.2099,0.0],[-58.3593,-34.2093,0.0],[-58.3599,-34.2062,0.6879],[-58.3557,-34.2071,0.2482],[-58.3515,-34.2007,0.0],[-58.3537,-34.1935,0.0],[-58.3563,-34.1929,0.9561],[-58.3549,-34.1904,1.8472],[-58.361,-34.1837,2.0596],[-58.3626,-34.1796,0.7187],[-58.3707,-34.1726,0.0],[-58.3757,-34.164,0.4602],[-58.3732,-34.1621,1.3863],[-58.3721,-34.156,0.7393],[-58.3682,-34.1526,0.0],[-58.3707,-34.146,0.0],[-58.3676,-34.1421,0.7094],[-58.3671,-34.1279,2.0281],[-58.3659,-34.1335,0.0],[-58.3635,-34.1326,0.5213],[-58.3586,-34.1436,0.0],[-58.3557,-34.1374,0.4814],[-58.3571,-34.1362,1.3361],[-58.3532,-34.1332,0.0],[-58.3519,-34.1278,0.0],[-58.3576,-34.1193,0.0],[-58.3599,-34.1197,0.157],[-58.3679,-34.1118,2.2737],[-58.3615,-34.0924,0.0],[-58.3632,-34.0782,5.4916],[-58.3621,-34.0721,0.0],[-58.3643,-34.0646,2.0185],[-58.3607,-34.0593,0.6419],[-58.3615,-34.0535,0.2605],[-58.3649,-34.049,1.0782],[-58.3582,-34.0535,0.2457],[-58.3557,-34.0532,0.2071],[-58.3543,-34.0493,1.9573],[-58.3537,-34.0535,0.0],[-58.3518,-34.0551,0.0],[-58.3493,-34.0535,0.0],[-58.349,-34.0507,0.0],[-58.351,-34.0507,0.0],[-58.3521,-34.0526,0.0],[-58.3526,-34.0426,0.3524],[-58.3546,-34.039,1.6987],[-58.3604,-34.0349,1.1407],[-58.3654,-34.0265,1.6289],[-58.3782,-34.0163,0.7186],[-58.3901,-34.0124,0.0],[-58.3979,-34.0126,0.4284],[-58.4076,-34.009,0.0],[-58.4165,-34.0079,0.0],[-58.4174,-34.0043,0.0],[-58.4438,-34.0066,3.4035],[-58.4433,-34.0078,3.4035],[-58.4603,-34.0056,4.0752],[-58.4721,-34.007,2.3504],[-58.4953,-34.0067,0.0],[-58.5191,-34.0183,0.0],[-58.5527,-34.0257,0.0],[-58.5656,-34.03,3.3221],[-58.5896,-34.0326,0.0],[-58.6109,-34.0422,2.1777],[-58.6282,-34.0438,5.2577],[-58.6455,-34.042,1.014],[-58.6588,-34.0387,2.1511],[-58.6869,-34.0273,3.8493],[-58.7074,-34.0116,2.7281],[-58.7176,-33.9965,9.3894],[-58.7249,-33.9812,0.0],[-58.748,-33.9549,0.0],[-58.7638,-33.9429,0.0],[-58.7737,-33.9397,0.0],[-58.7843,-33.9389,0.0],[-58.8126,-33.9414,2.7913],[-58.8297,-33.9454,1.619],[-58.8499,-33.9399,0.0],[-58.8709,-33.9288,0.0],[-58.8844,-33.9191,0.0],[-58.8917,-33.909,4.2901],[-58.8994,-33.8924,0.0],[-58.9277,-33.87,3.9766],[-58.9336,-33.8668,3.1657],[-58.9507,-33.8627,3.8875],[-58.9825,-33.8593,2.3442],[-58.9905,-33.8538,2.9007],[-59.0013,-33.8384,0.8805],[-59.0064,-33.8337,5.3301],[-59.016,-33.8326,6.2491],[-59.0327,-33.8382,3.2366],[-59.0562,-33.8313,0.0],[-59.081,-33.8292,3.1131],[-59.0911,-33.8313,3.3724],[-59.1132,-33.8411,3.5961],[-59.1307,-33.8426,3.3439],[-59.1408,-33.8395,0.0],[-59.1525,-33.8328,0.0],[-59.1622,-33.8241,0.0],[-59.1731,-33.8088,0.0],[-59.1857,-33.7994,3.3538],[-59.1959,-33.7979,3.4547],[-59.2221,-33.8072,3.0071],[-59.2356,-33.8035,2.4333],[-59.2411,-33.7998,2.8482],[-59.2551,-33.7791,0.0],[-59.2548,-33.7614,3.0468],[-59.2453,-33.7329,1.3028],[-59.2465,-33.7269,0.0],[-59.2501,-33.722,0.0],[-59.2557,-33.7182,1.1841],[-59.2733,-33.7167,2.5195],[-59.3033,-33.7259,0.0],[-59.3351,-33.7265,1.6179],[-59.369,-33.7354,0.0],[-59.383,-33.7374,0.0],[-59.4113,-33.737,0.0],[-59.4417,-33.729,0.0],[-59.4544,-33.7235,0.0],[-59.4672,-33.7094,0.0],[-59.4784,-33.6814,2.7934],[-59.4814,-33.6698,1.6325],[-59.4936,-33.6484,0.0],[-59.508,-33.6354,2.1752],[-59.5212,-33.6311,0.0],[-59.5355,-33.6315,0.0],[-59.5448,-33.6352,2.1262],[-59.5618,-33.6543,0.0],[-59.5962,-33.6842,2.8081],[-59.6086,-33.69,0.0],[-59.6191,-33.6898,0.0],[-59.63,-33.682,0.0],[-59.6378,-33.6722,0.0],[-59.6428,-33.661,2.9902],[-59.6461,-33.6435,2.9663],[-59.6525,-33.633,0.0],[-59.6782,-33.6175,0.5242],[-59.6845,-33.6148,3.4425],[-59.7089,-33.611,3.5091],[-59.7291,-33.6056,0.0],[-59.7362,-33.6054,0.0],[-59.7532,-33.6096,0.0],[-59.7674,-33.6087,0.0],[-59.7971,-33.5992,0.0],[-59.8154,-33.585,0.0],[-59.8186,-33.58,0.0],[-59.8203,-33.5681,3.2525],[-59.8182,-33.5564,3.3213],[-59.8204,-33.5327,0.0],[-59.8266,-33.5254,0.0],[-59.832,-33.5216,0.0],[-59.8613,-33.5111,5.3428],[-59.9124,-33.4988,0.0],[-59.9224,-33.4905,0.0],[-59.9352,-33.4728,0.0],[-59.949,-33.4635,0.0],[-59.9731,-33.4599,3.746],[-59.9979,-33.4596,3.5192],[-60.0118,-33.4575,6.5727],[-60.0214,-33.4538,0.5],[-60.0387,-33.4433,0.5],[-60.06,-33.4329,0.5],[-60.0683,-33.4234,0.5],[-60.0698,-33.4175,0.5],[-60.076,-33.4069,0.5],[-60.1039,-33.3803,0.5],[-60.1193,-33.368,0.5],[-60.1312,-33.3616,0.5],[-60.1481,-33.3574,0.5],[-60.1641,-33.351,1.0],[-60.1847,-33.3394,1.125],[-60.1904,-33.3287,1.5],[-60.1908,-33.3109,1.0],[-60.2013,-33.289,1.5],[-60.228,-33.2697,4.4773],[-60.2499,-33.2601,1.5],[-60.2562,-33.2691,1.5],[-60.2628,-33.2686,7.1095],[-60.2665,-33.2701,9.9271],[-60.2657,-33.2829,6.3702],[-60.2809,-33.3085,18.2924],[-60.2828,-33.3141,13.9075],[-60.2828,-33.32,19.7388],[-60.2917,-33.3248,20.3988],[-60.3006,-33.3337,20.9917],[-60.3076,-33.3355,21.6108],[-60.3119,-33.3396,23.3246],[-60.3184,-33.3503,23.7278],[-60.3195,-33.3561,23.6039],[-60.3223,-33.3581,24.3898],[-60.3223,-33.3634,23.363],[-60.3183,-33.3748,25.6033],[-60.32,-33.3807,24.8834],[-60.3278,-33.397,29.5486],[-60.3404,-33.4147,26.5775],[-60.3505,-33.4229,28.5498],[-60.3604,-33.4255,28.5701],[-60.3681,-33.4317,29.0339],[-60.3717,-33.4318,29.51],[-60.3812,-33.4402,29.8218],[-60.3883,-33.4417,30.5548],[-60.3944,-33.452,29.6154],[-60.4011,-33.4543,37.0081],[-60.4055,-33.4589,34.1005],[-60.4162,-33.4902,33.1422],[-60.4203,-33.5076,34.3498],[-60.4207,-33.5253,34.6742],[-60.4149,-33.5423,36.7473],[-60.4153,-33.5483,34.5374],[-60.4229,-33.5584,41.0029],[-60.436,-33.5617,44.1684],[-60.4416,-33.5655,43.85],[-60.4535,-33.5765,39.9509],[-60.458,-33.5841,38.1455],[-60.4596,-33.6018,41.3072],[-60.4619,-33.6044,41.625],[-60.4583,-33.621,45.0916],[-60.4595,-33.6266,43.5513],[-60.4618,-33.6292,42.2127],[-60.4676,-33.63,43.1015],[-60.4735,-33.6331,45.1704],[-60.4805,-33.6335,50.6677],[-60.4964,-33.6398,48.054],[-60.507,-33.6403,51.6002],[-60.5275,-33.6452,46.6379],[-60.5417,-33.6449,47.7942],[-60.5737,-33.6324,52.4112],[-60.5843,-33.6313,50.1439],[-60.5895,-33.6274,51.1002],[-60.6068,-33.6264,51.0803],[-60.6114,-33.6221,55.0528],[-60.6219,-33.6203,56.9337],[-60.6484,-33.6008,55.0468],[-60.6593,-33.5894,55.9519],[-60.6778,-33.5805,55.9152],[-60.6911,-33.576,58.2619],[-60.7014,-33.5751,59.0961],[-60.7289,-33.5812,59.278],[-60.7499,-33.5794,60.8859],[-60.793,-33.5659,61.4158],[-60.7988,-33.5624,63.9042],[-60.8118,-33.5458,62.5142],[-60.822,-33.5419,63.0552],[-60.8504,-33.5423,65.0599],[-60.8692,-33.5503,66.0016],[-60.9023,-33.577,70.3266],[-60.9145,-33.5916,72.1672],[-60.9184,-33.615,73.9995],[-60.9163,-33.6366,73.9221],[-61.0746,-33.7805,88.9322],[-61.3099,-33.9993,97.9174],[-61.5017,-34.1822,81.5],[-61.5304,-34.2121,87.6637],[-61.569,-34.2487,92.7607],[-61.6188,-34.2884,88.5],[-61.7177,-34.3788,88.742],[-62.0021,-34.3827,102.8801],[-62.4777,-34.3824,107.7734],[-63.3939,-34.385,136.9701],[-63.3911,-34.4865,136.6662],[-63.3932,-35.0658,124.4943],[-63.3882,-35.5767,116.0068],[-63.3892,-35.8179,109.6135],[-63.3871,-35.9992,112.2439],[-63.389,-36.0619,114.2112],[-63.3932,-38.0082,183.7155],[-63.3892,-38.0712,153.7476],[-63.3902,-39.2963,79.6035],[-63.3886,-39.3183,41.5025],[-63.3902,-39.3684,52.9073],[-63.3908,-39.9976,39.9002],[-63.3852,-40.2104,52.1293],[-63.3875,-40.7066,9.6078],[-63.3708,-40.7016,11.1182],[-63.3675,-40.7018,7.9527],[-63.3634,-40.7065,11.7285],[-63.3649,-40.7114,6.0041],[-63.3632,-40.7164,5.9803],[-63.3598,-40.7182,13.2739],[-63.3251,-40.7079,8.2107],[-63.3071,-40.7061,22.0879],[-63.2962,-40.7105,17.4484],[-63.2959,-40.7194,8.5746],[-63.292,-40.7235,7.2671],[-63.2869,-40.7241,5.6058],[-63.2751,-40.7207,15.8673],[-63.1936,-40.7158,10.2149],[-63.1611,-40.7282,8.2395],[-63.1411,-40.7387,3.3686],[-63.1231,-40.7405,42.1569],[-63.118,-40.7428,25.441],[-63.1026,-40.7574,5.8011],[-63.0976,-40.7596,3.3019],[-63.0738,-40.7639,6.896],[-63.0512,-40.7708,0.6459],[-63.0418,-40.7763,9.2351],[-63.0262,-40.7907,3.4094],[-63.0211,-40.7931,0.0],[-62.9976,-40.7968,1.3899],[-62.9736,-40.8111,5.0942],[-62.9569,-40.8174,2.6472],[-62.949,-40.8235,2.8931],[-62.9442,-40.8372,0.0],[-62.9289,-40.8449,4.3438],[-62.9252,-40.8483,2.247],[-62.9191,-40.8615,0.0],[-62.9127,-40.8692,0.0],[-62.8898,-40.8845,0.0],[-62.8743,-40.8987,0.0],[-62.8504,-40.9254,0.4682],[-62.8432,-40.943,0.0],[-62.8075,-40.9747,0.0],[-62.8029,-40.9831,0.0],[-62.7953,-41.0103,0.0],[-62.7904,-41.0207,0.0],[-62.794,-41.0224,0.0],[-62.7877,-41.0224,0.4164],[-62.7824,-41.0257,1.4079],[-62.7582,-41.0335,0.0],[-62.7396,-41.0332,1.4669],[-62.7326,-41.0354,1.5592],[-62.7307,-41.0332,1.4587],[-62.7235,-41.034,1.4367],[-62.7101,-41.0318,1.9962],[-62.7082,-41.0293,2.3039],[-62.7099,-41.0285,2.2769],[-62.7104,-41.0246,2.5579],[-62.7174,-41.0262,2.3039],[-62.719,-41.024,2.3557],[-62.711,-41.0229,2.9407],[-62.7062,-41.0165,2.0636],[-62.7004,-41.0149,2.0615],[-62.7004,-41.0118,2.565],[-62.6912,-41.0112,4.3568],[-62.6826,-41.0085,2.5861],[-62.6815,-41.0068,3.1556],[-62.6749,-41.0065,2.1656],[-62.6635,-40.9996,4.0211],[-62.6449,-40.9979,2.2671],[-62.6043,-40.9829,5.4602],[-62.5549,-40.9604,0.6576],[-62.5176,-40.9468,0.6823],[-62.5096,-40.9454,0.0],[-62.4829,-40.936,4.1295],[-62.4415,-40.9268,3.1692],[-62.434,-40.9265,0.0],[-62.416,-40.9215,0.2914],[-62.3843,-40.9093,2.5197],[-62.3676,-40.9004,0.4398],[-62.3574,-40.8929,4.4533],[-62.324,-40.8785,0.0],[-62.3112,-40.871,1.1684],[-62.3037,-40.8576,0.8167],[-62.2952,-40.8268,2.6627],[-62.2907,-40.8199,0.0],[-62.2899,-40.8151,1.3056],[-62.2774,-40.7896,0.2569],[-62.2737,-40.7804,0.0],[-62.2746,-40.7788,6.7539],[-62.2624,-40.761,3.5697],[-62.2568,-40.7396,0.8665],[-62.251,-40.7301,3.9402],[-62.2363,-40.7124,0.1763],[-62.2337,-40.706,0.0],[-62.2346,-40.6949,0.0],[-62.2313,-40.6879,2.2217],[-62.234,-40.684,1.909],[-62.2224,-40.6685,1.5987],[-62.2232,-40.666,1.6015],[-62.2204,-40.6624,1.4483],[-62.2082,-40.6529,1.5135],[-62.206,-40.6485,1.5303],[-62.2012,-40.6449,1.6929],[-62.2018,-40.6435,1.7726],[-62.1954,-40.6385,1.6453],[-62.1949,-40.6326,1.3128],[-62.1996,-40.6321,2.254],[-62.2065,-40.6354,1.3276],[-62.2115,-40.6401,1.2306],[-62.2121,-40.6432,2.6179],[-62.234,-40.6538,0.7276],[-62.244,-40.6524,1.4261],[-62.2468,-40.6496,0.9772],[-62.2562,-40.649,0.5303],[-62.2593,-40.6474,0.3045],[-62.2699,-40.6496,3.9251],[-62.2782,-40.6463,0.5027],[-62.2932,-40.6463,0.1528],[-62.2924,-40.651,0.3843],[-62.2893,-40.6529,0.3668],[-62.2832,-40.6529,0.4627],[-62.284,-40.6557,0.0],[-62.2871,-40.6538,0.3781],[-62.2885,-40.6554,1.4479],[-62.2918,-40.6549,2.5157],[-62.3001,-40.6468,0.2356],[-62.3112,-40.6435,1.3167],[-62.3129,-40.6396,0.2604],[-62.3232,-40.639,0.0],[-62.3215,-40.641,0.6401],[-62.3182,-40.6404,1.3117],[-62.3126,-40.6426,0.5692],[-62.3126,-40.6437,1.2456],[-62.3229,-40.6432,1.955],[-62.3318,-40.6404,1.5414],[-62.3326,-40.6382,1.4234],[-62.3362,-40.6393,1.3341],[-62.3357,-40.6365,0.9369],[-62.3385,-40.6368,2.7398],[-62.3404,-40.6351,2.7369],[-62.3415,-40.6324,0.4893],[-62.3404,-40.6296,0.2],[-62.3457,-40.6257,0.2797],[-62.341,-40.6232,0.0582],[-62.3418,-40.6196,0.1683],[-62.3374,-40.6182,0.3199],[-62.3368,-40.6157,0.7633],[-62.3385,-40.614,0.5026],[-62.3454,-40.6151,0.6988],[-62.3437,-40.6129,0.3998],[-62.3471,-40.6113,0.5607],[-62.3532,-40.6137,0.6733],[-62.3535,-40.6115,0.5073],[-62.3565,-40.6113,0.7125],[-62.3518,-40.6079,0.5283],[-62.3435,-40.6065,0.1572],[-62.3435,-40.6018,0.3906],[-62.3468,-40.5999,0.387],[-62.3587,-40.604,0.6725],[-62.3599,-40.6032,0.5465],[-62.3537,-40.599,0.3331],[-62.3468,-40.5993,0.0182],[-62.3424,-40.5962,0.5524],[-62.3338,-40.5946,0.1546],[-62.3329,-40.5904,0.3154],[-62.3318,-40.5954,0.3444],[-62.3288,-40.5999,0.0],[-62.3288,-40.616,0.0],[-62.3168,-40.6254,0.1838],[-62.3007,-40.6343,2.1894],[-62.2965,-40.639,0.6931],[-62.296,-40.6418,0.0],[-62.2749,-40.6449,0.0],[-62.2496,-40.6451,0.3977],[-62.2526,-40.6407,2.0979],[-62.2443,-40.6312,0.2379],[-62.2493,-40.6282,2.8454],[-62.2537,-40.6226,0.772],[-62.2551,-40.611,1.5486],[-62.2526,-40.6115,1.0641],[-62.2532,-40.6212,1.2693],[-62.2487,-40.6265,1.0394],[-62.2454,-40.6224,0.1366],[-62.2454,-40.6193,0.1127],[-62.2471,-40.616,1.0412],[-62.251,-40.6137,0.9039],[-62.251,-40.6107,0.7704],[-62.2443,-40.6063,0.0],[-62.2451,-40.6018,0.0],[-62.2435,-40.5988,0.0],[-62.2496,-40.5943,0.6959],[-62.2485,-40.5904,0.4269],[-62.2496,-40.5876,0.132],[-62.261,-40.579,0.9139],[-62.2615,-40.5713,0.2598],[-62.2585,-40.5696,0.5075],[-62.2615,-40.5635,0.5695],[-62.2607,-40.561,0.1675],[-62.2637,-40.559,0.4041],[-62.2626,-40.5621,0.7222],[-62.2649,-40.564,1.0151],[-62.2679,-40.5629,0.3993],[-62.2707,-40.5654,1.1116],[-62.2701,-40.5629,0.3845],[-62.274,-40.564,0.7042],[-62.2721,-40.5615,0.6468],[-62.2737,-40.556,0.4614],[-62.2699,-40.5565,0.4994],[-62.2676,-40.5604,0.3806],[-62.2651,-40.5596,0.4912],[-62.264,-40.5568,0.4001],[-62.2612,-40.5568,0.3538],[-62.2604,-40.559,0.2714],[-62.2599,-40.5565,0.0981],[-62.2615,-40.5543,0.3886],[-62.2687,-40.5537,0.2635],[-62.2718,-40.5504,0.0],[-62.2713,-40.546,0.8339],[-62.2735,-40.5451,0.1998],[-62.2782,-40.5457,0.0],[-62.2843,-40.5429,0.1875],[-62.2943,-40.5415,0.0],[-62.2932,-40.5443,0.0],[-62.2943,-40.5454,0.0],[-62.2879,-40.5496,0.1967],[-62.2893,-40.5504,0.4753],[-62.294,-40.5476,0.2352],[-62.2954,-40.5432,0.2729],[-62.3001,-40.5396,0.0],[-62.3096,-40.5396,2.8049],[-62.3174,-40.5376,0.0],[-62.3207,-40.5346,2.6852],[-62.3215,-40.5246,0.0],[-62.3232,-40.5226,0.0],[-62.3218,-40.5187,0.0],[-62.316,-40.5176,0.0],[-62.3135,-40.5149,0.0],[-62.3132,-40.5118,0.0],[-62.3176,-40.5057,0.0],[-62.3446,-40.4904,0.0],[-62.3563,-40.4943,0.0],[-62.3624,-40.4943,0.0],[-62.3724,-40.491,0.0],[-62.3812,-40.4849,0.0],[-62.3824,-40.4826,0.0],[-62.3804,-40.4821,0.0],[-62.3846,-40.4765,0.0],[-62.3932,-40.4729,0.0],[-62.3937,-40.4701,0.0],[-62.3976,-40.4668,0.0],[-62.4062,-40.4663,0.0],[-62.406,-40.4646,0.0],[-62.4171,-40.4526,0.0],[-62.419,-40.4487,0.0],[-62.4188,-40.4451,0.0],[-62.4212,-40.4454,0.3686],[-62.4193,-40.4365,0.0],[-62.4229,-40.4282,1.5624],[-62.426,-40.4243,0.0],[-62.4329,-40.4218,0.0],[-62.4412,-40.4113,0.8044],[-62.4421,-40.4046,0.0],[-62.4474,-40.3963,0.0],[-62.4457,-40.3951,0.0],[-62.446,-40.391,0.0],[-62.4476,-40.3915,0.0],[-62.4465,-40.3876,0.0],[-62.4518,-40.3779,0.0],[-62.4562,-40.3746,0.0],[-62.4599,-40.364,0.0],[-62.4626,-40.3643,0.9236],[-62.4621,-40.3593,0.4409],[-62.4635,-40.3582,0.4409],[-62.4607,-40.3579,0.0],[-62.4646,-40.3571,0.8346],[-62.4651,-40.349,0.0],[-62.4724,-40.3435,1.7121],[-62.476,-40.344,1.7002],[-62.4765,-40.3393,1.9855],[-62.4796,-40.3382,1.9866],[-62.4818,-40.3346,1.9699],[-62.4818,-40.3315,2.1296],[-62.4799,-40.3307,1.7554],[-62.4818,-40.3262,1.8084],[-62.4837,-40.3268,2.0745],[-62.4821,-40.321,1.4957],[-62.4843,-40.321,1.9882],[-62.4824,-40.3132,2.1834],[-62.4863,-40.3124,2.356],[-62.4863,-40.3071,2.4421],[-62.4851,-40.301,2.6097],[-62.4813,-40.2943,2.835],[-62.4665,-40.2826,2.5025],[-62.4646,-40.2771,2.9525],[-62.4529,-40.269,2.672],[-62.454,-40.2657,2.7498],[-62.4482,-40.2551,2.463],[-62.4415,-40.2476,3.1488],[-62.4374,-40.2465,2.2541],[-62.4371,-40.2443,3.1923],[-62.4329,-40.2435,-0.2974],[-62.4221,-40.2346,1.7438],[-62.4193,-40.2354,1.3963],[-62.4135,-40.2329,2.4688],[-62.3926,-40.2313,0.2506],[-62.3862,-40.2279,1.4645],[-62.3824,-40.2238,1.6391],[-62.366,-40.2229,0.7853],[-62.3618,-40.2193,0.0],[-62.3601,-40.214,0.0],[-62.3446,-40.2021,1.2239],[-62.3443,-40.1999,1.0437],[-62.3471,-40.2004,1.1457],[-62.3526,-40.2051,1.5379],[-62.3574,-40.2065,1.2131],[-62.344,-40.1965,0.6966],[-62.3418,-40.1901,1.3874],[-62.3396,-40.189,1.3144],[-62.3251,-40.1671,0.0],[-62.3165,-40.1485,0.0],[-62.319,-40.1379,0.0],[-62.3229,-40.1324,0.432],[-62.3213,-40.1312,0.0],[-62.324,-40.1251,0.9973],[-62.3218,-40.1221,0.0],[-62.3271,-40.1082,0.2539],[-62.3274,-40.1012,0.0],[-62.3318,-40.0979,0.0],[-62.3385,-40.084,1.3136],[-62.341,-40.0621,0.7464],[-62.3357,-40.0421,0.0],[-62.3351,-40.0279,0.0],[-62.3296,-40.0126,0.0],[-62.329,-39.9957,1.4789],[-62.3246,-39.984,0.0],[-62.3246,-39.9732,0.2013],[-62.3304,-39.9654,1.2781],[-62.3274,-39.9626,0.0],[-62.3296,-39.9624,0.9929],[-62.3304,-39.9585,1.2352],[-62.3274,-39.9557,0.0],[-62.3243,-39.9412,2.2791],[-62.319,-39.9404,1.99],[-62.3207,-39.9421,1.1605],[-62.3176,-39.9426,0.5927],[-62.3135,-39.9393,0.0],[-62.3149,-39.9362,0.0],[-62.3221,-39.9315,1.1165],[-62.324,-39.9321,1.5275],[-62.3235,-39.9337,1.3771],[-62.3176,-39.9376,1.3917],[-62.3182,-39.939,1.6521],[-62.3257,-39.9371,1.728],[-62.3271,-39.9337,2.064],[-62.3207,-39.9282,0.7714],[-62.3229,-39.9224,1.1392],[-62.3221,-39.9176,1.3487],[-62.3235,-39.9157,1.5914],[-62.3296,-39.9137,2.3962],[-62.324,-39.9104,1.7393],[-62.3221,-39.9057,1.9266],[-62.3229,-39.9043,1.9978],[-62.3207,-39.9026,2.0954],[-62.319,-39.9029,2.481],[-62.319,-39.9046,1.4172],[-62.3213,-39.9057,1.8011],[-62.3213,-39.9085,1.5988],[-62.3254,-39.9132,1.9083],[-62.3221,-39.9137,1.6649],[-62.3213,-39.916,1.3669],[-62.3185,-39.9135,1.204],[-62.3165,-39.9074,0.4125],[-62.3176,-39.906,0.8329],[-62.3154,-39.9021,1.0186],[-62.3126,-39.901,0.5357],[-62.3135,-39.8937,0.4228],[-62.3129,-39.8885,0.9919],[-62.3104,-39.8843,1.3376],[-62.3101,-39.8746,0.8922],[-62.3071,-39.8724,1.0909],[-62.306,-39.874,0.7217],[-62.3029,-39.8732,0.5908],[-62.3015,-39.8704,1.1287],[-62.3021,-39.8729,0.6575],[-62.3004,-39.8754,0.8441],[-62.3018,-39.8754,1.4628],[-62.3024,-39.8735,0.5908],[-62.304,-39.874,0.6092],[-62.304,-39.8799,0.0],[-62.2974,-39.8815,0.8327],[-62.2962,-39.8849,0.0837],[-62.2926,-39.8832,0.2314],[-62.2921,-39.8801,0.3147],[-62.289,-39.8785,0.6023],[-62.2949,-39.8785,0.9485],[-62.2968,-39.8746,0.5137],[-62.2943,-39.8779,1.1761],[-62.2882,-39.8776,1.137],[-62.2863,-39.8793,1.2142],[-62.2837,-39.8765,0.5168],[-62.2851,-39.8799,0.669],[-62.2904,-39.8801,0.9047],[-62.2887,-39.8851,0.7309],[-62.2751,-39.884,1.1329],[-62.2751,-39.8862,0.0],[-62.2732,-39.8874,0.1438],[-62.2643,-39.8857,1.1551],[-62.264,-39.8835,0.884],[-62.2679,-39.8838,0.6729],[-62.2721,-39.8804,0.64],[-62.2746,-39.8804,1.217],[-62.2718,-39.8799,0.64],[-62.2665,-39.8832,0.6729],[-62.2646,-39.8829,1.0949],[-62.2649,-39.881,1.1657],[-62.264,-39.8801,1.4881],[-62.2646,-39.8824,1.0949],[-62.261,-39.8832,1.1875],[-62.261,-39.8779,1.0654],[-62.269,-39.8746,0.6697],[-62.2624,-39.8763,0.4857],[-62.2601,-39.8776,1.4398],[-62.2596,-39.8804,0.2742],[-62.2535,-39.881,0.0],[-62.2543,-39.8746,0.621],[-62.2604,-39.8749,1.2926],[-62.2629,-39.8724,0.693],[-62.266,-39.8729,0.2593],[-62.2776,-39.8721,0.726],[-62.2801,-39.8735,1.2224],[-62.2796,-39.8721,0.6482],[-62.2782,-39.8715,0.726],[-62.274,-39.8718,0.2303],[-62.2732,-39.8676,0.8028],[-62.2682,-39.8613,0.1657],[-62.2646,-39.8599,0.0],[-62.2663,-39.8576,1.9117],[-62.2651,-39.8532,0.3969],[-62.271,-39.8496,1.5369],[-62.2771,-39.8504,1.5342],[-62.2837,-39.8446,1.5183],[-62.2779,-39.8493,0.9692],[-62.2704,-39.849,0.6985],[-62.2651,-39.8521,1.579],[-62.2646,-39.8557,0.9008],[-62.2654,-39.8568,1.4564],[-62.2635,-39.8593,0.7936],[-62.2626,-39.8565,0.9708],[-62.2618,-39.8585,0.5798],[-62.2576,-39.8585,1.2775],[-62.2604,-39.8596,0.642],[-62.2604,-39.866,0.6257],[-62.2615,-39.8679,0.0],[-62.2529,-39.8688,1.0376],[-62.2493,-39.8749,0.4646],[-62.2465,-39.8749,1.1983],[-62.2496,-39.8754,0.4646],[-62.249,-39.8779,0.6148],[-62.2446,-39.8787,1.1967],[-62.2371,-39.8849,0.4355],[-62.2118,-39.8835,0.3289],[-62.2115,-39.8818,0.9455],[-62.2043,-39.8821,0.1332],[-62.201,-39.8804,0.4998],[-62.1904,-39.8815,0.0],[-62.1901,-39.8799,0.6196],[-62.184,-39.8793,0.8049],[-62.1821,-39.8757,1.0931],[-62.1768,-39.8757,0.1419],[-62.1762,-39.8729,1.0668],[-62.1726,-39.8701,1.0786],[-62.164,-39.8699,0.5642],[-62.1676,-39.8668,0.8375],[-62.1693,-39.861,0.8367],[-62.1793,-39.856,0.6475],[-62.1918,-39.8529,0.8158],[-62.1943,-39.8582,0.5509],[-62.1932,-39.8532,0.2656],[-62.1901,-39.8524,0.6428],[-62.1813,-39.8546,0.3218],[-62.1685,-39.8601,0.8367],[-62.166,-39.8668,0.0],[-62.1615,-39.8704,0.0],[-62.1518,-39.8715,0.7381],[-62.1443,-39.8763,0.0],[-62.1435,-39.879,0.0],[-62.1285,-39.8859,0.1946],[-62.1338,-39.8804,0.7887],[-62.1368,-39.8793,0.9301],[-62.1332,-39.8746,0.8501],[-62.1362,-39.879,0.645],[-62.1332,-39.8799,0.7887],[-62.1293,-39.8832,0.3567],[-62.1279,-39.8846,0.5489],[-62.1282,-39.8868,0.1972],[-62.1246,-39.8879,1.4942],[-62.1237,-39.881,2.8493],[-62.121,-39.8799,2.2988],[-62.1168,-39.8729,3.1781],[-62.116,-39.8626,0.0],[-62.1235,-39.8629,2.1363],[-62.1215,-39.8599,2.0664],[-62.1185,-39.859,2.0647],[-62.1196,-39.8568,1.8239],[-62.1162,-39.856,1.928],[-62.1188,-39.8537,1.8719],[-62.1193,-39.8499,1.1057],[-62.124,-39.8537,0.8604],[-62.1251,-39.8582,1.1494],[-62.1271,-39.8593,0.0],[-62.1338,-39.8596,1.2311],[-62.1385,-39.8574,0.2484],[-62.1413,-39.8576,0.3266],[-62.1421,-39.8593,0.4917],[-62.1451,-39.859,1.1142],[-62.149,-39.8546,1.2922],[-62.1482,-39.8515,0.3774],[-62.1501,-39.8479,1.0951],[-62.156,-39.8424,0.8779],[-62.1599,-39.8418,1.0744],[-62.1621,-39.8404,1.4128],[-62.1654,-39.8354,0.5076],[-62.1657,-39.8304,1.0098],[-62.1685,-39.8301,0.8202],[-62.1729,-39.8329,1.0801],[-62.1715,-39.8315,0.6113]],
[[-56.764615468409566,-36.337366122004369,0.0],[-56.764,-36.3376,0.0],[-56.763655907429978,-36.337868392204619,0.6393],[-56.764615468409566,-36.337366122004369,0.0]],
[[-56.763655907429978,-36.337868392204619,0.6393],[-56.7571,-36.3413,0.4914],[-56.7571,-36.3451,0.2702],[-56.7593,-36.3432,0.0],[-56.759,-36.3415,0.0],[-56.763655907429978,-36.337868392204619,0.6393]]],
[[[-62.7965,-41.0254,4.821],[-62.7954,-41.023,5.4706],[-62.7989,-41.0246,8.1528],[-62.7986,-41.0271,3.6244],[-62.7971,-41.0268,1.8684],[-62.7965,-41.0254,4.821]]],
[[[-62.1751,-40.6274,1.8129],[-62.1749,-40.6251,1.3992],[-62.1776,-40.6279,1.2125],[-62.1768,-40.6282,1.495],[-62.1751,-40.6274,1.8129]]],
[[[-62.2421,-40.6104,0.9293],[-62.2415,-40.6068,0.2141],[-62.2485,-40.6118,0.4843],[-62.2429,-40.6149,0.4485],[-62.2438,-40.6165,0.0],[-62.241,-40.6229,0.2293],[-62.2457,-40.6243,0.2393],[-62.246,-40.6287,0.1429],[-62.241,-40.6312,0.4237],[-62.2401,-40.6274,0.8191],[-62.2374,-40.6249,0.405],[-62.2396,-40.6226,0.2293],[-62.2396,-40.6185,0.9721],[-62.2418,-40.6174,0.5926],[-62.2421,-40.6104,0.9293]]],
[[[-62.1018,-40.5537,3.2283],[-62.101,-40.5518,2.0844],[-62.1026,-40.5515,2.5354],[-62.1057,-40.5546,2.7374],[-62.1029,-40.5551,2.6817],[-62.1018,-40.5537,3.2283]]],
[[[-62.1004,-40.5507,2.1552],[-62.0962,-40.549,1.9166],[-62.0951,-40.544,2.539],[-62.1001,-40.5471,1.398],[-62.1004,-40.5507,2.1552]]],
[[[-62.316,-40.5249,0.2286],[-62.3174,-40.5232,0.0],[-62.321,-40.5265,0.0],[-62.3179,-40.5351,0.0],[-62.2735,-40.5443,5.187],[-62.2701,-40.546,3.7933],[-62.271,-40.5499,0.0],[-62.2676,-40.5526,0.1006],[-62.2607,-40.5535,0.3886],[-62.2615,-40.5512,3.1404],[-62.2593,-40.551,2.948],[-62.256,-40.5546,1.0113],[-62.2562,-40.5579,0.7737],[-62.2582,-40.5585,0.0],[-62.259,-40.561,0.0],[-62.2549,-40.5604,1.0325],[-62.2562,-40.5646,0.0],[-62.2526,-40.5668,1.8221],[-62.2524,-40.569,0.6914],[-62.2565,-40.5737,0.8841],[-62.2585,-40.5735,0.0],[-62.2582,-40.5779,0.1116],[-62.2565,-40.5804,0.5386],[-62.2529,-40.581,1.2223],[-62.2482,-40.5854,0.0],[-62.2468,-40.5849,2.0549],[-62.2454,-40.5921,1.239],[-62.2412,-40.596,1.8194],[-62.241,-40.6171,0.1327],[-62.2387,-40.6185,0.7283],[-62.2385,-40.6221,0.352],[-62.236,-40.6246,0.405],[-62.2365,-40.6268,0.4403],[-62.2399,-40.6287,0.8518],[-62.2387,-40.631,0.6706],[-62.2407,-40.6338,0.6559],[-62.2485,-40.6413,0.0],[-62.2479,-40.644,0.3004],[-62.2374,-40.646,1.2616],[-62.2201,-40.6435,0.2383],[-62.2068,-40.6326,3.4857],[-62.1949,-40.6293,2.7938],[-62.1932,-40.6307,2.6645],[-62.1835,-40.6243,3.6565],[-62.1832,-40.6215,4.9913],[-62.1801,-40.6232,2.0301],[-62.1776,-40.621,2.9013],[-62.1721,-40.6043,3.9591],[-62.1729,-40.5887,3.1848],[-62.1715,-40.5887,0.0],[-62.1715,-40.5865,0.0],[-62.1787,-40.5793,0.5959],[-62.1921,-40.5732,4.7556],[-62.1963,-40.5732,2.5746],[-62.1971,-40.5704,3.5522],[-62.2212,-40.5551,1.4656],[-62.2307,-40.5529,0.0],[-62.241,-40.5449,2.2813],[-62.2562,-40.5385,2.4764],[-62.2893,-40.534,1.0407],[-62.316,-40.5249,0.2286]]],
[[[-62.1693,-40.4421,0.0],[-62.1665,-40.4388,0.0],[-62.1824,-40.4404,0.0],[-62.1829,-40.4435,0.2393],[-62.1804,-40.4435,0.2171],[-62.1824,-40.4449,0.3477],[-62.184,-40.444,0.0],[-62.1851,-40.446,0.6852],[-62.1826,-40.4524,0.2838],[-62.1785,-40.4535,0.0],[-62.1721,-40.4521,0.5946],[-62.171,-40.4485,0.6434],[-62.176,-40.4482,1.406],[-62.1724,-40.4479,2.9774],[-62.1693,-40.4421,0.0]]],
[[[-62.1299,-40.431,0.4425],[-62.1304,-40.4276,0.7487],[-62.1338,-40.4268,1.4791],[-62.1426,-40.4304,1.4402],[-62.1437,-40.4332,1.4115],[-62.146,-40.4332,1.4223],[-62.1463,-40.4404,1.3581],[-62.1515,-40.4451,1.4288],[-62.1532,-40.4551,0.5137],[-62.1551,-40.4479,1.576],[-62.1579,-40.4476,1.864],[-62.1729,-40.4538,0.8551],[-62.1865,-40.4549,0.2888],[-62.1843,-40.4576,1.2177],[-62.1796,-40.4568,1.0496],[-62.1813,-40.4596,1.7917],[-62.186,-40.459,0.0],[-62.1893,-40.4562,1.7801],[-62.1901,-40.4507,0.0],[-62.1937,-40.4479,0.0],[-62.1993,-40.4474,0.9822],[-62.196,-40.4454,0.0],[-62.196,-40.4437,0.0],[-62.2024,-40.4468,0.0],[-62.2012,-40.4496,0.5474],[-62.2035,-40.451,0.0],[-62.2018,-40.4532,2.1867],[-62.2046,-40.4549,0.0],[-62.2026,-40.4576,0.8078],[-62.2024,-40.469,5.7213],[-62.2051,-40.4721,0.0],[-62.2057,-40.4754,1.1436],[-62.2112,-40.4804,3.0572],[-62.214,-40.4807,0.0],[-62.2201,-40.4929,0.7116],[-62.2265,-40.4949,0.0],[-62.2287,-40.4996,1.8031],[-62.2321,-40.5013,0.0],[-62.2324,-40.5035,0.5156],[-62.2357,-40.5037,0.0],[-62.2374,-40.5104,0.2812],[-62.2363,-40.5118,0.0],[-62.2307,-40.511,1.908],[-62.2262,-40.5124,2.2969],[-62.2201,-40.5199,1.4059],[-62.2199,-40.5271,-0.3735],[-62.2182,-40.5293,0.2018],[-62.211,-40.5293,0.4189],[-62.2099,-40.531,-0.1345],[-62.2096,-40.5285,0.0314],[-62.2074,-40.5282,-0.1138],[-62.1979,-40.5349,-0.0778],[-62.1932,-40.536,0.0704],[-62.1901,-40.5357,0.0],[-62.1888,-40.5321,0.1422],[-62.1846,-40.5307,0.0453],[-62.1879,-40.5354,-0.0783],[-62.1862,-40.5354,-0.0783],[-62.1807,-40.5446,0.2733],[-62.1754,-40.544,0.0],[-62.1679,-40.5243,0.0305],[-62.1635,-40.5057,-0.0546],[-62.1629,-40.4774,0.669],[-62.1615,-40.474,1.4125],[-62.156,-40.4687,0.4407],[-62.151,-40.4671,0.0613],[-62.154,-40.4693,-0.0022],[-62.1543,-40.4738,0.0],[-62.1521,-40.4757,-0.0135],[-62.1543,-40.4774,-0.1728],[-62.1535,-40.4813,0.171],[-62.1557,-40.4865,-0.0087],[-62.1535,-40.4901,0.1146],[-62.1518,-40.4879,0.9509],[-62.1443,-40.4887,0.4355],[-62.1424,-40.4904,0.7337],[-62.1424,-40.4938,0.5296],[-62.1476,-40.499,0.3702],[-62.154,-40.5013,0.0793],[-62.1554,-40.5037,-0.2824],[-62.1535,-40.5051,-0.0942],[-62.1546,-40.5074,0.0114],[-62.151,-40.5085,0.3241],[-62.1551,-40.5115,0.1552],[-62.1554,-40.5149,0.0],[-62.1535,-40.5157,0.0071],[-62.1557,-40.516,0.0],[-62.156,-40.5187,-0.1157],[-62.1524,-40.5196,0.1016],[-62.1507,-40.5124,0.5524],[-62.149,-40.5118,0.5524],[-62.1482,-40.5187,-0.0193],[-62.1543,-40.521,0.0431],[-62.1568,-40.5237,-0.0325],[-62.159,-40.5285,0.0592],[-62.1574,-40.5304,0.0045],[-62.1576,-40.5332,0.2113],[-62.1626,-40.536,-0.2605],[-62.1651,-40.5418,0.3991],[-62.1704,-40.5462,0.0],[-62.1643,-40.5449,0.0],[-62.1585,-40.5387,0.8127],[-62.1501,-40.5332,0.0],[-62.1487,-40.5288,0.5866],[-62.1437,-40.5282,0.0],[-62.1393,-40.521,0.7146],[-62.1343,-40.5196,0.0],[-62.1349,-40.5151,1.3032],[-62.1421,-40.5126,0.6082],[-62.1418,-40.5101,1.0852],[-62.1382,-40.5065,0.0],[-62.1404,-40.5057,0.2278],[-62.1429,-40.5074,0.886],[-62.1454,-40.5024,0.8933],[-62.1437,-40.5021,0.6536],[-62.1426,-40.4993,1.0644],[-62.1357,-40.4965,0.6895],[-62.1401,-40.481,0.0],[-62.1371,-40.4779,0.1767],[-62.1354,-40.4732,0.9081],[-62.1376,-40.4665,1.0521],[-62.1357,-40.4579,0.7992],[-62.1335,-40.4549,0.0914],[-62.1335,-40.4443,0.0],[-62.1299,-40.431,0.4425]]],
[[[-62.1893,-40.4435,0.0],[-62.1904,-40.441,0.0],[-62.1949,-40.4424,0.0],[-62.1926,-40.4446,0.0],[-62.1893,-40.4435,0.0]]],
[[[-62.196,-40.4396,0.0],[-62.2004,-40.4379,0.0],[-62.2021,-40.4404,0.0],[-62.1976,-40.4429,0.0],[-62.1987,-40.4415,0.0],[-62.196,-40.4396,0.0]]],
[[[-62.4093,-40.3118,0.0],[-62.4087,-40.3079,0.0],[-62.4099,-40.3074,0.0],[-62.4143,-40.311,0.0],[-62.4101,-40.3124,0.0],[-62.4093,-40.3118,0.0]]],
[[[-62.4265,-40.2988,0.0],[-62.426,-40.2968,0.0],[-62.4299,-40.3001,0.0],[-62.4374,-40.3015,0.0],[-62.4376,-40.3032,0.9052],[-62.4412,-40.3024,0.0],[-62.4401,-40.3076,0.1587],[-62.4424,-40.311,0.0],[-62.4371,-40.3076,0.0],[-62.4351,-40.3035,0.1903],[-62.4315,-40.3032,0.0],[-62.4265,-40.2988,0.0]]],
[[[-62.2265,-40.3079,0.9488],[-62.2265,-40.3096,0.0],[-62.2235,-40.3099,0.0],[-62.2238,-40.3065,0.4426],[-62.2315,-40.3065,0.0],[-62.2304,-40.309,0.0],[-62.2265,-40.3079,0.9488]]],
[[[-62.0368,-40.2946,0.0],[-62.0365,-40.2926,0.0],[-62.0382,-40.2915,0.0],[-62.0393,-40.294,0.2941],[-62.0368,-40.2946,0.0]]],
[[[-62.2215,-40.301,0.2128],[-62.2243,-40.2996,0.7613],[-62.231,-40.3018,0.5178],[-62.2249,-40.3035,0.0],[-62.221,-40.3021,0.0],[-62.2215,-40.301,0.2128]]],
[[[-62.3957,-40.2887,0.0],[-62.3963,-40.2874,0.0],[-62.3985,-40.2879,0.0],[-62.3999,-40.2965,0.0],[-62.3985,-40.2979,0.0],[-62.396,-40.2957,0.0],[-62.3957,-40.2887,0.0]]],
[[[-62.0424,-40.2918,0.7116],[-62.0432,-40.2901,0.1452],[-62.0449,-40.2904,0.488],[-62.0404,-40.2946,0.346],[-62.0401,-40.2929,0.0],[-62.0424,-40.2918,0.7116]]],
[[[-62.2599,-40.2926,0.3385],[-62.2629,-40.2907,0.153],[-62.266,-40.2938,0.0],[-62.2632,-40.2921,0.395],[-62.2599,-40.2926,0.3385]]],
[[[-62.0785,-40.269,0.0],[-62.079,-40.2671,0.0],[-62.0812,-40.2665,0.0],[-62.0793,-40.2693,0.174],[-62.0785,-40.269,0.0]]],
[[[-62.0782,-40.266,0.3053],[-62.0782,-40.2643,0.1243],[-62.0821,-40.2646,0.0],[-62.0815,-40.2654,0.0],[-62.0782,-40.266,0.3053]]],
[[[-62.036,-40.2554,0.671],[-62.0337,-40.2549,0.0],[-62.0337,-40.2532,0.0],[-62.0407,-40.2579,0.0],[-62.0407,-40.261,0.0],[-62.0365,-40.259,0.0],[-62.036,-40.2554,0.671]]],
[[[-62.0899,-40.2493,0.7599],[-62.0879,-40.2493,0.35],[-62.0871,-40.2474,0.6113],[-62.0904,-40.2479,0.4177],[-62.0899,-40.2493,0.7599]]],
[[[-62.0926,-40.2462,0.6671],[-62.0926,-40.2432,0.8286],[-62.0965,-40.2438,0.9205],[-62.0965,-40.2449,0.6122],[-62.0943,-40.2446,0.3773],[-62.0926,-40.2462,0.6671]]],
[[[-62.0899,-40.2435,0.3507],[-62.0854,-40.2438,0.307],[-62.0849,-40.2429,0.1489],[-62.0899,-40.2426,0.1525],[-62.0899,-40.2435,0.3507]]],
[[[-62.2743,-40.2407,0.0],[-62.2757,-40.2376,0.3198],[-62.2757,-40.2407,0.1527],[-62.274,-40.2418,0.1351],[-62.2743,-40.2407,0.0]]],
[[[-62.0857,-40.2404,0.7048],[-62.0846,-40.239,0.203],[-62.0907,-40.2415,0.1525],[-62.0882,-40.2418,0.2819],[-62.0857,-40.2404,0.7048]]],
[[[-62.0971,-40.2374,0.1559],[-62.0999,-40.2357,0.2368],[-62.1026,-40.2371,0.0],[-62.0949,-40.2393,0.5647],[-62.0971,-40.2374,0.1559]]],
[[[-62.1065,-40.2332,0.6345],[-62.1079,-40.231,0.3156],[-62.1118,-40.2321,0.0],[-62.1093,-40.2335,0.6268],[-62.1099,-40.236,0.0],[-62.1049,-40.2374,0.4369],[-62.1007,-40.2349,0.2368],[-62.1018,-40.234,0.0],[-62.1046,-40.2357,0.2624],[-62.1043,-40.2343,0.1285],[-62.1065,-40.2332,0.6345]]],
[[[-62.0446,-40.2337,0.5839],[-62.0426,-40.2329,0.2571],[-62.0429,-40.2307,0.1157],[-62.046,-40.2326,0.6034],[-62.0446,-40.2337,0.5839]]],
[[[-62.2921,-40.3887,0.0],[-62.2912,-40.3865,0.0],[-62.2929,-40.3862,0.0],[-62.2938,-40.3924,0.0],[-62.2918,-40.3913,0.0],[-62.2921,-40.3887,0.0]]],
[[[-62.2779,-40.3876,0.0],[-62.2771,-40.386,0.0],[-62.2785,-40.3857,0.0],[-62.2837,-40.3904,0.0],[-62.2804,-40.3899,0.0],[-62.2788,-40.3924,0.0],[-62.2768,-40.391,0.1005],[-62.2793,-40.3887,0.0],[-62.2779,-40.3876,0.0]]],
[[[-62.2226,-40.3424,0.0],[-62.2254,-40.3407,0.0],[-62.2265,-40.3426,0.0],[-62.2229,-40.3426,0.0],[-62.2226,-40.3424,0.0]]],
[[[-62.2371,-40.3457,0.1361],[-62.2396,-40.3449,0.8928],[-62.2393,-40.3435,0.0],[-62.2429,-40.3435,0.4922],[-62.246,-40.3462,0.0],[-62.2446,-40.3485,0.0],[-62.2407,-40.3499,0.0],[-62.2401,-40.3462,0.8928],[-62.2337,-40.3474,0.323],[-62.2318,-40.3449,0.3976],[-62.2371,-40.3457,0.1361]]],
[[[-62.2176,-40.3379,0.1938],[-62.2207,-40.3365,0.3732],[-62.2226,-40.3387,0.0],[-62.2187,-40.3393,0.274],[-62.2176,-40.3379,0.1938]]],
[[[-62.2232,-40.321,0.8879],[-62.2254,-40.3193,0.0],[-62.2262,-40.3235,0.0],[-62.2218,-40.3232,0.0],[-62.2232,-40.321,0.8879]]],
[[[-62.2088,-40.3171,0.469],[-62.2082,-40.3154,0.0],[-62.2107,-40.316,0.1275],[-62.214,-40.321,0.0],[-62.2115,-40.3218,0.0],[-62.2088,-40.3171,0.469]]],
[[[-62.2101,-40.314,0.0],[-62.2115,-40.3126,0.0],[-62.2135,-40.3129,0.0],[-62.2112,-40.3149,0.0],[-62.2101,-40.314,0.0]]],
[[[-62.2349,-40.3499,0.2731],[-62.2365,-40.3476,0.7497],[-62.239,-40.3488,0.564],[-62.2379,-40.351,0.1411],[-62.2343,-40.3515,0.0],[-62.2349,-40.3499,0.2731]]],
[[[-62.1215,-40.3768,0.2378],[-62.1235,-40.3754,0.0463],[-62.1326,-40.3765,0.5062],[-62.1326,-40.3779,0.5062],[-62.1235,-40.379,0.157],[-62.1279,-40.3799,0.3314],[-62.1304,-40.3785,0.3599],[-62.1315,-40.3818,0.062],[-62.1301,-40.3838,0.0798],[-62.126,-40.3821,0.5314],[-62.1243,-40.3851,0.9816],[-62.1199,-40.3829,0.8443],[-62.1265,-40.3885,0.7704],[-62.1251,-40.3926,1.6419],[-62.1301,-40.3913,0.6193],[-62.1324,-40.394,0.1194],[-62.131,-40.3954,0.8467],[-62.1335,-40.3965,0.6055],[-62.1326,-40.401,0.6731],[-62.1296,-40.4038,1.7588],[-62.1296,-40.4065,0.8384],[-62.1268,-40.4074,0.9543],[-62.1271,-40.4087,0.477],[-62.119,-40.4043,1.892],[-62.1179,-40.4012,1.9172],[-62.1121,-40.3957,1.8269],[-62.109,-40.3876,1.5479],[-62.1065,-40.3874,1.3556],[-62.106,-40.3887,1.184],[-62.1085,-40.3904,1.0899],[-62.1068,-40.3918,1.0736],[-62.111,-40.3943,0.0],[-62.1101,-40.3968,0.4372],[-62.1085,-40.3987,1.1789],[-62.1054,-40.3971,0.432],[-62.104,-40.399,1.1047],[-62.1026,-40.3974,0.2538],[-62.1004,-40.3976,0.2175],[-62.1012,-40.3968,0.2175],[-62.0979,-40.3926,0.803],[-62.0913,-40.3918,0.0],[-62.0904,-40.3901,0.4572],[-62.0879,-40.3907,0.8716],[-62.0826,-40.3876,0.0],[-62.0826,-40.3857,0.0],[-62.0893,-40.3871,0.455],[-62.0943,-40.3862,0.8651],[-62.0949,-40.3829,1.2041],[-62.0932,-40.3815,0.3796],[-62.0996,-40.3787,0.0],[-62.1193,-40.3785,0.6046],[-62.1215,-40.3768,0.2378]]],
[[[-62.2665,-40.3843,0.6236],[-62.266,-40.3829,0.0],[-62.2674,-40.3824,0.0],[-62.2726,-40.3862,0.0],[-62.2704,-40.3876,0.0],[-62.266,-40.3874,0.0],[-62.2665,-40.3843,0.6236]]],
[[[-62.2865,-40.3787,0.0],[-62.2857,-40.3746,0.0],[-62.2874,-40.374,0.0],[-62.2915,-40.3857,0.0],[-62.2896,-40.3849,0.12],[-62.2865,-40.3787,0.0]]],
[[[-62.1621,-40.3664,1.8405],[-62.1637,-40.361,0.0],[-62.1699,-40.3632,0.0],[-62.174,-40.3688,0.0],[-62.1768,-40.3777,2.0804],[-62.186,-40.3862,0.8686],[-62.1915,-40.4012,1.3364],[-62.1949,-40.4043,0.496],[-62.1968,-40.404,0.0],[-62.1951,-40.4104,2.8182],[-62.1999,-40.4335,0.0],[-62.1979,-40.4374,0.6834],[-62.1899,-40.4362,2.8518],[-62.1901,-40.4374,1.4108],[-62.1699,-40.4382,0.0],[-62.1635,-40.4349,1.8516],[-62.1599,-40.4313,1.4238],[-62.161,-40.4285,1.8456],[-62.1587,-40.4274,2.2981],[-62.1487,-40.4251,1.3737],[-62.1479,-40.4268,1.3549],[-62.1437,-40.4274,1.2882],[-62.1396,-40.4229,0.8516],[-62.1365,-40.4162,1.2776],[-62.1349,-40.4162,1.2776],[-62.1304,-40.4115,0.3006],[-62.1324,-40.4021,1.1132],[-62.1362,-40.4007,0.1662],[-62.1354,-40.4096,0.3474],[-62.1421,-40.416,0.5643],[-62.1415,-40.4135,0.5842],[-62.1374,-40.4099,0.269],[-62.1371,-40.4004,1.1527],[-62.1301,-40.3907,0.1532],[-62.1307,-40.3871,0.4515],[-62.1329,-40.3882,0.3919],[-62.1315,-40.391,0.5647],[-62.134,-40.3915,1.0963],[-62.1354,-40.3951,1.1675],[-62.1371,-40.3899,1.3201],[-62.1424,-40.3929,0.3256],[-62.1426,-40.3951,1.1244],[-62.1393,-40.3982,1.0336],[-62.1401,-40.4007,1.0851],[-62.1443,-40.3965,0.8017],[-62.1454,-40.3979,0.951],[-62.1485,-40.3937,0.1445],[-62.1512,-40.396,0.0],[-62.1507,-40.3926,2.0942],[-62.1482,-40.3926,0.3955],[-62.146,-40.3885,0.9498],[-62.1415,-40.3868,0.629],[-62.1413,-40.3835,0.2021],[-62.1449,-40.3793,1.7858],[-62.1449,-40.3774,0.3672],[-62.1476,-40.376,0.0],[-62.1504,-40.376,0.4687],[-62.1518,-40.3807,0.8621],[-62.1554,-40.3815,1.2476],[-62.1524,-40.3801,0.8621],[-62.1524,-40.3782,0.1879],[-62.1551,-40.3776,0.0],[-62.1571,-40.3793,0.4692],[-62.1554,-40.3746,1.0499],[-62.159,-40.3693,0.0],[-62.1618,-40.3685,2.683],[-62.1621,-40.3664,1.8405]]],
[[[-62.2574,-40.3799,0.0],[-62.2571,-40.3765,0.0],[-62.2626,-40.3774,0.0],[-62.2626,-40.3812,0.0],[-62.259,-40.3818,0.0],[-62.2574,-40.3799,0.0]]],
[[[-62.1312,-40.3743,-0.0336],[-62.1351,-40.3726,0.0773],[-62.1382,-40.3754,0.4323],[-62.1429,-40.3757,0.0],[-62.1443,-40.3787,0.0],[-62.1379,-40.3843,0.38],[-62.1357,-40.3843,0.451],[-62.134,-40.379,0.2128],[-62.1346,-40.3751,0.3891],[-62.1312,-40.3743,-0.0336]]],
[[[-62.3601,-40.3529,0.0],[-62.3629,-40.3515,0.0],[-62.3665,-40.3526,0.0],[-62.3654,-40.3535,0.0],[-62.3657,-40.3599,0.1448],[-62.3571,-40.3649,0.0],[-62.356,-40.3635,0.0],[-62.3576,-40.3593,0.9581],[-62.3551,-40.3568,0.2384],[-62.3601,-40.3529,0.0]]],
[[[-62.2649,-40.3712,0.0],[-62.2699,-40.3699,0.4661],[-62.2715,-40.3704,0.1935],[-62.2721,-40.3735,0.0],[-62.264,-40.3735,0.0],[-62.2649,-40.3712,0.0]]],
[[[-62.2582,-40.3662,0.0932],[-62.2604,-40.3649,0.2218],[-62.2612,-40.3671,0.2542],[-62.2635,-40.3671,0.1325],[-62.2635,-40.369,0.1488],[-62.256,-40.3746,0.0],[-62.2507,-40.3729,0.0],[-62.251,-40.3676,0.0],[-62.2582,-40.3662,0.0932]]],
[[[-62.2635,-40.3668,0.1325],[-62.2626,-40.3651,0.3605],[-62.2651,-40.3649,0.1336],[-62.2651,-40.3676,0.0],[-62.2635,-40.3668,0.1325]]],
[[[-62.2713,-40.366,0.0],[-62.2726,-40.3643,0.0],[-62.2776,-40.3654,0.0],[-62.2735,-40.3676,0.4204],[-62.2713,-40.3674,0.1572],[-62.2713,-40.366,0.0]]],
[[[-62.2499,-40.3624,0.6259],[-62.2496,-40.3607,0.0],[-62.2513,-40.3601,0.3771],[-62.2521,-40.3621,0.2924],[-62.2565,-40.3629,0.2895],[-62.2513,-40.3657,0.5292],[-62.2499,-40.3696,0.1319],[-62.2468,-40.3707,0.0],[-62.2487,-40.366,0.1473],[-62.2521,-40.3632,0.7539],[-62.2499,-40.3624,0.6259]]],
[[[-62.2426,-40.354,0.0],[-62.2451,-40.3512,0.0],[-62.2451,-40.3532,0.6546],[-62.2504,-40.356,0.0],[-62.2485,-40.3607,0.0],[-62.2435,-40.3621,0.0],[-62.2446,-40.3596,0.2539],[-62.2407,-40.3582,0.1682],[-62.2426,-40.354,0.0]]],
[[[-62.4479,-40.3121,0.0],[-62.4468,-40.3093,0.0],[-62.4518,-40.3149,0.0],[-62.4504,-40.3151,0.0],[-62.4479,-40.3121,0.0]]],
[[[-62.3785,-40.3126,0.1886],[-62.3774,-40.3112,0.0],[-62.3799,-40.3112,0.0],[-62.3807,-40.3138,0.0],[-62.3799,-40.314,0.0],[-62.3785,-40.3126,0.1886]]],
[[[-62.246,-40.3112,0.4159],[-62.2457,-40.3082,0.3862],[-62.2471,-40.3079,0.0],[-62.249,-40.3118,0.0],[-62.2476,-40.3126,0.0],[-62.246,-40.3112,0.4159]]],
[[[-62.0396,-40.1543,0.0],[-62.044,-40.1518,0.1793],[-62.0435,-40.1549,0.5261],[-62.0357,-40.1579,0.4444],[-62.0374,-40.1543,0.07],[-62.0396,-40.1543,0.0]]],
[[[-62.066,-40.1668,1.0247],[-62.0668,-40.1649,0.8652],[-62.0693,-40.1649,0.3239],[-62.0662,-40.1685,0.3833],[-62.0651,-40.1674,1.0247],[-62.066,-40.1668,1.0247]]],
[[[-62.0699,-40.1601,0.5923],[-62.0715,-40.1579,0.0],[-62.0704,-40.1629,0.0],[-62.0687,-40.1624,0.0],[-62.0699,-40.1601,0.5923]]],
[[[-62.2935,-40.0951,1.1079],[-62.3043,-40.0937,0.0],[-62.3135,-40.0976,0.0],[-62.3176,-40.1012,0.3061],[-62.3171,-40.1174,1.3401],[-62.3138,-40.1229,0.2605],[-62.2996,-40.1246,0.0],[-62.2965,-40.121,1.1609],[-62.2921,-40.1199,0.0],[-62.2915,-40.1171,1.0801],[-62.2879,-40.1149,0.0],[-62.2871,-40.1099,1.4205],[-62.2846,-40.1076,0.2529],[-62.2849,-40.1035,1.3304],[-62.2896,-40.0962,0.0],[-62.2935,-40.0951,1.1079]]],
[[[-62.239,-40.0804,0.1495],[-62.2385,-40.0785,0.0],[-62.2479,-40.0835,0.0],[-62.2468,-40.0838,0.3515],[-62.239,-40.0804,0.1495]]],
[[[-62.059,-40.1482,0.5405],[-62.0571,-40.1479,0.4911],[-62.0574,-40.1451,0.2457],[-62.0596,-40.1465,0.4135],[-62.059,-40.1482,0.5405]]],
[[[-62.0721,-40.1396,0.6743],[-62.0757,-40.139,0.0747],[-62.0751,-40.1415,0.0],[-62.0713,-40.144,0.8609],[-62.0699,-40.1407,0.9455],[-62.0679,-40.1418,0.2365],[-62.0685,-40.139,0.2386],[-62.0721,-40.1396,0.6743]]],
[[[-62.0662,-40.1501,0.972],[-62.0665,-40.1454,0.6576],[-62.0707,-40.1476,0.9556],[-62.0707,-40.1526,1.0562],[-62.0685,-40.1551,0.0],[-62.0629,-40.1549,0.527],[-62.0624,-40.151,0.516],[-62.0607,-40.1501,0.516],[-62.0615,-40.1468,0.511],[-62.0654,-40.1474,0.8496],[-62.0662,-40.1501,0.972]]],
[[[-62.0604,-40.144,0.3167],[-62.0615,-40.1404,-0.1641],[-62.0626,-40.1435,0.3005],[-62.0599,-40.1454,0.4486],[-62.0604,-40.144,0.3167]]],
[[[-62.104,-40.131,1.2012],[-62.1065,-40.1293,0.6512],[-62.1093,-40.1301,0.2233],[-62.1093,-40.1326,0.1564],[-62.1068,-40.1346,1.5623],[-62.1057,-40.1382,0.2049],[-62.1035,-40.1379,0.3437],[-62.1012,-40.134,0.7161],[-62.104,-40.131,1.2012]]],
[[[-62.1004,-40.1296,0.4169],[-62.1018,-40.1279,0.1895],[-62.1057,-40.1279,0.0755],[-62.1021,-40.1287,0.6587],[-62.1012,-40.131,0.4169],[-62.0996,-40.1301,0.4169],[-62.1004,-40.1296,0.4169]]],
[[[-62.1321,-40.1818,0.4033],[-62.1324,-40.1765,0.7488],[-62.1332,-40.1762,0.5699],[-62.1338,-40.1815,0.0],[-62.1321,-40.1818,0.4033]]],
[[[-62.2429,-40.1801,0.3892],[-62.2412,-40.1796,0.257],[-62.2418,-40.1774,0.0],[-62.2446,-40.1779,0.0],[-62.2429,-40.1801,0.3892]]],
[[[-62.0574,-40.1785,0.425],[-62.0587,-40.1762,0.6362],[-62.061,-40.1801,0.6067],[-62.0587,-40.1799,0.393],[-62.0574,-40.1785,0.425]]],
[[[-62.0665,-40.1743,0.0],[-62.0676,-40.1704,0.2391],[-62.0701,-40.1724,0.2976],[-62.0701,-40.1754,1.4731],[-62.0721,-40.176,0.7549],[-62.0724,-40.1779,1.038],[-62.0699,-40.179,0.4886],[-62.0665,-40.1743,0.0]]],
[[[-62.0932,-40.1362,0.7079],[-62.0962,-40.1349,1.0678],[-62.099,-40.1365,1.1467],[-62.1051,-40.1443,0.6261],[-62.1032,-40.1474,0.5042],[-62.099,-40.1457,1.1039],[-62.0985,-40.1524,0.7018],[-62.1035,-40.156,1.1578],[-62.1043,-40.1518,0.1307],[-62.106,-40.1521,0.0],[-62.1068,-40.1546,0.1084],[-62.1037,-40.1574,1.1961],[-62.1076,-40.1596,0.0],[-62.1046,-40.161,0.7994],[-62.1043,-40.1654,0.0],[-62.1068,-40.1685,0.1168],[-62.1015,-40.1707,0.258],[-62.1007,-40.1682,1.2621],[-62.0974,-40.1676,1.6338],[-62.1001,-40.171,0.258],[-62.0971,-40.1732,0.0],[-62.0968,-40.1701,0.9043],[-62.0932,-40.1685,0.9483],[-62.0954,-40.174,1.0883],[-62.0849,-40.179,0.2314],[-62.0862,-40.174,0.8475],[-62.0768,-40.1762,0.0],[-62.0751,-40.1688,1.3759],[-62.0729,-40.1701,1.1819],[-62.0715,-40.1685,0.0],[-62.0735,-40.1632,1.2975],[-62.0724,-40.1585,0.9427],[-62.0754,-40.1574,1.1701],[-62.0757,-40.1512,1.1122],[-62.0743,-40.1482,0.423],[-62.0796,-40.1443,0.0],[-62.079,-40.1465,1.2491],[-62.0851,-40.1485,0.8422],[-62.0829,-40.1524,0.9299],[-62.0849,-40.1521,0.9497],[-62.0865,-40.149,0.5731],[-62.089,-40.1512,0.7143],[-62.0885,-40.1529,0.8498],[-62.0901,-40.1529,0.6412],[-62.0899,-40.151,0.191],[-62.0932,-40.1526,0.0],[-62.0896,-40.1487,0.2994],[-62.0896,-40.1463,0.7138],[-62.0865,-40.1449,0.0],[-62.0887,-40.1454,0.7819],[-62.0874,-40.1418,0.2221],[-62.0904,-40.141,1.1404],[-62.0901,-40.139,0.8833],[-62.0932,-40.1362,0.7079]]],
[[[-62.2676,-40.0754,0.2879],[-62.2665,-40.074,0.3138],[-62.2707,-40.0743,0.1161],[-62.2704,-40.0751,0.6229],[-62.2676,-40.0754,0.2879]]],
[[[-62.3154,-40.046,0.0],[-62.3196,-40.0449,0.8441],[-62.3185,-40.049,0.3979],[-62.314,-40.0515,0.7391],[-62.3146,-40.0557,0.5842],[-62.3126,-40.0563,0.0],[-62.309,-40.0532,0.0],[-62.309,-40.0515,0.0],[-62.3107,-40.0468,0.2069],[-62.3154,-40.046,0.0]]],
[[[-62.2721,-40.0349,0.1527],[-62.2735,-40.0335,0.2234],[-62.2746,-40.0337,0.0],[-62.2715,-40.0365,0.0],[-62.2721,-40.0349,0.1527]]],
[[[-62.1235,-40.0276,0.0],[-62.1243,-40.0262,0.0],[-62.1374,-40.0274,0.0],[-62.1404,-40.0312,0.4476],[-62.149,-40.0332,0.204],[-62.1496,-40.0349,1.2778],[-62.1571,-40.031,0.0],[-62.1618,-40.0326,0.3626],[-62.1571,-40.0368,0.0],[-62.1338,-40.0371,0.0],[-62.1279,-40.0351,0.0],[-62.1254,-40.0285,0.546],[-62.1235,-40.0276,0.0]]],
[[[-62.1649,-40.0249,0.1831],[-62.166,-40.0229,1.2398],[-62.1682,-40.0229,0.0],[-62.1685,-40.0285,0.0],[-62.164,-40.0315,0.0],[-62.1601,-40.0304,1.2223],[-62.1646,-40.0288,0.9285],[-62.1649,-40.0249,0.1831]]],
[[[-62.2479,-40.034,0.2173],[-62.2471,-40.0329,0.0],[-62.2474,-40.0307,0.0],[-62.2504,-40.0329,0.0],[-62.2479,-40.034,0.2173]]],
[[[-62.0968,-39.999,0.8621],[-62.0976,-39.996,0.0],[-62.0979,-39.9979,0.0],[-62.0971,-39.9999,0.7616],[-62.1096,-39.9999,0.9224],[-62.1085,-39.9987,0.5773],[-62.1104,-39.9985,0.0],[-62.1104,-40.0035,0.0],[-62.1093,-40.004,0.3846],[-62.1085,-40.0024,1.0583],[-62.1093,-40.0001,0.9224],[-62.0971,-40.0001,0.7616],[-62.0976,-40.0018,0.8402],[-62.0921,-40.0068,0.5677],[-62.0904,-40.0021,0.5227],[-62.0943,-40.0021,0.6929],[-62.0968,-39.999,0.8621]]],
[[[-62.2726,-39.9946,1.2958],[-62.2751,-39.9924,0.6583],[-62.2765,-39.9982,0.0],[-62.2732,-39.9976,0.3825],[-62.2726,-39.9946,1.2958]]],
[[[-62.2704,-39.9921,0.9956],[-62.2715,-39.9893,0.0],[-62.274,-39.9899,1.0972],[-62.2713,-39.9951,0.1656],[-62.2699,-39.9946,0.3334],[-62.2704,-39.9921,0.9956]]],
[[[-62.2687,-40.009,0.9135],[-62.271,-40.0082,0.3053],[-62.2713,-40.0101,0.1868],[-62.2699,-40.0107,0.2803],[-62.2682,-40.0096,0.0],[-62.2687,-40.009,0.9135]]],
[[[-62.2149,-40.0054,0.3462],[-62.2174,-40.004,0.6187],[-62.2182,-40.006,0.5543],[-62.2168,-40.0065,0.0],[-62.2149,-40.0054,0.3462]]],
[[[-62.2513,-39.9924,0.2455],[-62.2532,-39.991,0.0],[-62.2576,-39.9929,0.7008],[-62.266,-39.9921,1.1999],[-62.2668,-39.996,0.6534],[-62.264,-39.9999,1.0856],[-62.2671,-39.9979,1.2668],[-62.2687,-39.9943,0.0],[-62.2749,-40.0013,0.0],[-62.2707,-40.0071,0.2045],[-62.2668,-40.0085,0.2936],[-62.2657,-40.0062,1.3047],[-62.2621,-40.0046,0.0],[-62.2646,-40.0001,0.3061],[-62.2599,-40.0029,0.3458],[-62.2585,-40.0001,1.1091],[-62.2474,-40.0001,1.3709],[-62.2499,-40.0071,0.0],[-62.2468,-40.0076,0.2606],[-62.2438,-40.0035,0.4818],[-62.2454,-39.999,0.0],[-62.2582,-39.9999,1.1091],[-62.2513,-39.9924,0.2455]]],
[[[-62.3054,-39.9793,0.7012],[-62.3046,-39.9785,0.5408],[-62.306,-39.9774,0.0],[-62.3082,-39.979,0.5376],[-62.3101,-39.9776,0.2361],[-62.3085,-39.9815,0.3703],[-62.3054,-39.9793,0.7012]]],
[[[-62.2043,-39.9718,0.1804],[-62.2021,-39.9724,0.0],[-62.2035,-39.9712,0.0],[-62.206,-39.9715,0.0],[-62.2043,-39.9718,0.1804]]],
[[[-62.2476,-39.9693,0.466],[-62.2449,-39.9685,0.3387],[-62.2449,-39.9679,0.0],[-62.2485,-39.9682,0.0],[-62.2476,-39.9693,0.466]]],
[[[-62.3168,-39.9271,0.3326],[-62.316,-39.9238,0.4116],[-62.3185,-39.9238,0.9204],[-62.3176,-39.926,0.8283],[-62.319,-39.9276,1.0333],[-62.3154,-39.931,0.0],[-62.3157,-39.929,0.6251],[-62.3168,-39.9271,0.3326]]],
[[[-62.2568,-39.9204,0.992],[-62.2576,-39.919,1.0688],[-62.2596,-39.9196,1.1587],[-62.2593,-39.9207,1.1587],[-62.2568,-39.9204,0.992]]],
[[[-62.2685,-39.9474,0.4638],[-62.2721,-39.9463,0.9874],[-62.2701,-39.9496,1.6259],[-62.2746,-39.9529,0.7703],[-62.2707,-39.9546,1.0053],[-62.2685,-39.9524,1.3453],[-62.2668,-39.9549,0.8917],[-62.264,-39.9551,0.0],[-62.2646,-39.9518,0.0],[-62.2685,-39.9474,0.4638]]],
[[[-62.1651,-39.9465,0.18],[-62.1632,-39.9443,0.4344],[-62.1646,-39.9424,0.3878],[-62.1662,-39.9449,0.8982],[-62.1651,-39.9465,0.18]]],
[[[-62.109,-39.9279,0.3766],[-62.1101,-39.9262,0.7249],[-62.1137,-39.9293,0.5154],[-62.1174,-39.9293,0.3659],[-62.1168,-39.9335,0.4565],[-62.1201,-39.9365,1.0616],[-62.1188,-39.9393,1.125],[-62.1207,-39.9396,1.0519],[-62.1199,-39.9401,1.0324],[-62.1204,-39.9432,1.2985],[-62.114,-39.9476,1.5263],[-62.1118,-39.946,1.3935],[-62.114,-39.9426,1.4815],[-62.1171,-39.9432,1.4226],[-62.1179,-39.9399,1.5462],[-62.1132,-39.9351,1.4315],[-62.1146,-39.9329,1.1774],[-62.109,-39.9279,0.3766]]],
[[[-62.219,-39.9235,1.2127],[-62.2207,-39.9221,0.9662],[-62.2199,-39.9268,0.2032],[-62.2149,-39.9304,0.0],[-62.2129,-39.9346,0.0],[-62.2088,-39.9351,0.3022],[-62.2074,-39.9324,0.5515],[-62.2096,-39.9329,1.4147],[-62.2079,-39.9304,0.4836],[-62.2096,-39.9249,0.4411],[-62.2171,-39.926,1.2633],[-62.219,-39.9235,1.2127]]],
[[[-62.2496,-39.986,0.668],[-62.2493,-39.984,0.1214],[-62.2568,-39.9849,0.9201],[-62.254,-39.9885,0.0],[-62.2496,-39.986,0.668]]],
[[[-62.2965,-39.9857,0.6494],[-62.2971,-39.9826,0.0],[-62.2996,-39.9821,0.4179],[-62.3026,-39.9868,0.0],[-62.301,-39.9929,1.8242],[-62.2979,-39.9951,0.0],[-62.2957,-39.9954,0.0],[-62.294,-39.9938,0.615],[-62.2863,-39.9974,0.4221],[-62.284,-39.996,1.3169],[-62.2812,-39.9976,1.0009],[-62.2768,-39.9971,0.1907],[-62.2762,-39.9899,0.3197],[-62.2837,-39.9912,0.0],[-62.2965,-39.9857,0.6494]]],
[[[-62.236,-39.9843,0.8858],[-62.2357,-39.9824,0.2578],[-62.2404,-39.9826,0.3044],[-62.2415,-39.984,1.0178],[-62.246,-39.9829,0.1611],[-62.2501,-39.9885,0.0],[-62.2404,-39.9935,0.0],[-62.2387,-39.9863,0.0],[-62.236,-39.9843,0.8858]]],
[[[-62.259,-39.9837,0.7475],[-62.2601,-39.9818,0.2169],[-62.264,-39.9826,0.2201],[-62.2657,-39.9915,1.1999],[-62.2579,-39.9924,0.7008],[-62.2551,-39.9912,0.0],[-62.2582,-39.9876,1.3748],[-62.259,-39.9837,0.7475]]],
[[[-62.2296,-39.9801,0.5231],[-62.2365,-39.9796,0.1662],[-62.234,-39.9824,0.295],[-62.2357,-39.9871,0.0],[-62.2296,-39.9865,0.0],[-62.2296,-39.9801,0.5231]]],
[[[-62.2062,-39.9726,0.0],[-62.2126,-39.9718,0.0],[-62.2201,-39.979,0.4839],[-62.2174,-39.9796,0.8639],[-62.2171,-39.9818,0.0],[-62.2101,-39.9821,0.0],[-62.2035,-39.976,0.0],[-62.2062,-39.9726,0.0]]],
[[[-62.1629,-39.8757,0.0],[-62.1637,-39.8743,0.4182],[-62.1685,-39.8749,0.2645],[-62.1682,-39.8754,0.2645],[-62.1629,-39.8757,0.0]]],
[[[-62.2615,-39.8668,0.0],[-62.261,-39.859,0.5798],[-62.2668,-39.8618,0.1657],[-62.2726,-39.8704,0.0],[-62.2679,-39.8713,0.0],[-62.2646,-39.8685,0.2324],[-62.2646,-39.8657,0.5967],[-62.2615,-39.8668,0.0]]],
[[[-62.0976,-39.6649,0.9434],[-62.104,-39.664,0.7714],[-62.0974,-39.6718,0.7293],[-62.094,-39.6715,0.2731],[-62.094,-39.6688,0.0],[-62.0957,-39.6668,0.8145],[-62.0971,-39.6674,0.8145],[-62.0976,-39.6649,0.9434]]],
[[[-62.1074,-39.6651,0.6694],[-62.1087,-39.6632,0.9023],[-62.1101,-39.6632,0.6501],[-62.1071,-39.6671,0.5234],[-62.1074,-39.6651,0.6694]]],
[[[-62.1621,-39.8749,0.0],[-62.1629,-39.8726,0.732],[-62.1674,-39.8729,0.3315],[-62.1626,-39.874,0.6111],[-62.1621,-39.8749,0.0]]],
[[[-62.2596,-39.8701,0.6417],[-62.2626,-39.8688,0.0],[-62.2651,-39.8724,0.2593],[-62.2626,-39.8718,0.693],[-62.2593,-39.874,0.5708],[-62.2526,-39.874,0.1918],[-62.2546,-39.8715,0.3858],[-62.2596,-39.8701,0.6417]]],
[[[-62.0857,-39.401,0.0],[-62.0899,-39.3996,0.151],[-62.0876,-39.404,0.1859],[-62.0788,-39.4096,0.1609],[-62.0713,-39.4107,1.1669],[-62.0718,-39.4129,1.2295],[-62.0593,-39.4135,1.1191],[-62.0599,-39.4115,0.165],[-62.0788,-39.4057,0.0],[-62.0857,-39.401,0.0]]],
[[[-62.1376,-39.3807,0.2229],[-62.141,-39.3793,0.2848],[-62.1385,-39.3882,0.5595],[-62.1318,-39.3963,0.1496],[-62.0907,-39.4146,0.3921],[-62.0801,-39.4215,0.9335],[-62.0801,-39.4238,0.2557],[-62.0729,-39.426,0.7534],[-62.0757,-39.421,0.0],[-62.096,-39.4096,0.99],[-62.1129,-39.3968,0.821],[-62.1179,-39.391,0.0],[-62.1376,-39.3807,0.2229]]],
[[[-62.0818,-39.3968,0.835],[-62.0882,-39.3951,0.8416],[-62.0846,-39.4004,0.0],[-62.0765,-39.4024,0.2989],[-62.0768,-39.3993,0.4534],[-62.0818,-39.3968,0.835]]],
[[[-62.0982,-39.3918,0.1586],[-62.1018,-39.3904,0.0],[-62.0946,-39.3999,0.0],[-62.0896,-39.4015,0.0],[-62.0904,-39.399,0.0],[-62.0982,-39.3918,0.1586]]],
[[[-62.1396,-39.3621,0.4625],[-62.1421,-39.3607,0.2172],[-62.1399,-39.3635,0.2673],[-62.1338,-39.3662,0.0],[-62.1357,-39.3643,0.1726],[-62.1396,-39.3621,0.4625]]],
[[[-61.9674,-39.2912,0.0],[-61.9687,-39.289,0.0],[-61.971,-39.2893,0.0],[-61.9682,-39.2915,0.0],[-61.9674,-39.2974,0.0],[-61.9679,-39.3049,0.0],[-61.9701,-39.3071,0.0],[-61.9671,-39.3057,0.0],[-61.966,-39.3029,0.0],[-61.9674,-39.2912,0.0]]],
[[[-62.0321,-39.3288,0.9041],[-62.0343,-39.3262,0.235],[-62.0365,-39.3265,0.7074],[-62.0354,-39.3307,1.0745],[-62.0368,-39.3312,1.0306],[-62.0379,-39.3279,0.6108],[-62.0379,-39.334,0.886],[-62.0343,-39.3338,1.1267],[-62.0329,-39.3362,1.19],[-62.0351,-39.336,1.2257],[-62.036,-39.334,1.0484],[-62.039,-39.3382,0.0],[-62.0285,-39.3379,0.0],[-62.0315,-39.3362,1.1504],[-62.0307,-39.3357,1.1504],[-62.0285,-39.3368,0.0],[-62.0279,-39.3349,0.0],[-62.0324,-39.3332,1.1146],[-62.031,-39.3307,0.8526],[-62.0321,-39.3288,0.9041]]],
[[[-62.2465,-39.3304,1.3924],[-62.246,-39.3312,1.3924],[-62.2429,-39.331,1.2929],[-62.2432,-39.3296,1.2929],[-62.2465,-39.3304,1.3924]]],
[[[-62.1885,-39.3126,0.94],[-62.1926,-39.3112,0.8221],[-62.1937,-39.3118,0.8783],[-62.1929,-39.3146,1.0313],[-62.1968,-39.3149,1.0191],[-62.1965,-39.3162,1.0191],[-62.1924,-39.3196,1.031],[-62.1893,-39.3274,0.9151],[-62.189,-39.3249,1.0411],[-62.1874,-39.3249,1.2716],[-62.1868,-39.3326,1.3743],[-62.1732,-39.3401,1.2444],[-62.184,-39.3262,1.0896],[-62.1857,-39.321,0.5089],[-62.1854,-39.3146,0.9509],[-62.1885,-39.3126,0.94]]],
[[[-62.0085,-39.3218,0.0],[-62.0132,-39.3201,0.4022],[-62.016,-39.3213,0.6835],[-62.014,-39.3224,0.9672],[-62.0146,-39.3246,0.8363],[-62.0157,-39.3226,0.6835],[-62.0179,-39.3226,0.497],[-62.0218,-39.324,0.9089],[-62.0274,-39.3232,0.7527],[-62.0296,-39.3246,0.8423],[-62.0285,-39.3276,0.7194],[-62.0185,-39.326,0.9771],[-62.0146,-39.3282,0.6856],[-62.0137,-39.3265,0.8853],[-62.0082,-39.3249,0.0],[-62.0099,-39.3232,0.9914],[-62.0068,-39.3235,0.111],[-62.0085,-39.3218,0.0]]],
[[[-62.2293,-39.3151,1.0304],[-62.2357,-39.3138,1.0269],[-62.2329,-39.3157,1.1778],[-62.2337,-39.319,1.0301],[-62.2318,-39.3224,0.4491],[-62.2232,-39.3243,1.2376],[-62.2107,-39.3301,1.1049],[-62.2129,-39.3265,1.4322],[-62.2185,-39.3237,1.0716],[-62.2187,-39.3207,0.3588],[-62.2207,-39.3213,0.869],[-62.2238,-39.3187,1.0248],[-62.2251,-39.3151,1.0296],[-62.2265,-39.3146,0.9755],[-62.2279,-39.3168,0.5203],[-62.2293,-39.3151,1.0304]]],
[[[-62.2026,-39.3121,0.9071],[-62.2054,-39.3112,0.9636],[-62.2038,-39.3093,1.1572],[-62.2062,-39.3101,0.9636],[-62.2046,-39.3132,0.568],[-62.2029,-39.3135,0.8739],[-62.2026,-39.3121,0.9071]]],
[[[-62.1965,-39.3171,0.8695],[-62.1979,-39.3151,1.0191],[-62.2054,-39.3165,0.3149],[-62.2057,-39.3215,0.5651],[-62.2071,-39.3224,0.8439],[-62.206,-39.3257,0.4844],[-62.2035,-39.3257,1.0693],[-62.2024,-39.324,1.2775],[-62.1971,-39.3282,1.0813],[-62.1946,-39.3282,0.4746],[-62.1949,-39.3196,0.9874],[-62.1965,-39.3171,0.8695]]],
[[[-62.231,-39.2029,3.1687],[-62.2337,-39.201,1.7198],[-62.2318,-39.2082,1.2456],[-62.2249,-39.2101,1.4716],[-62.2235,-39.2079,1.8311],[-62.2243,-39.2051,1.8724],[-62.2301,-39.2049,2.0902],[-62.231,-39.2029,3.1687]]],
[[[-62.1904,-39.1732,2.339],[-62.1954,-39.1715,1.9482],[-62.1974,-39.1746,1.3514],[-62.1918,-39.1779,1.5291],[-62.1899,-39.176,1.4376],[-62.1904,-39.1732,2.339]]],
[[[-62.0687,-39.1532,1.5016],[-62.0713,-39.1518,1.6646],[-62.0732,-39.1521,1.3032],[-62.0701,-39.1543,1.5976],[-62.0687,-39.1532,1.5016]]],
[[[-62.2829,-39.1185,1.3632],[-62.2874,-39.1179,1.3984],[-62.286,-39.121,1.2711],[-62.281,-39.1207,1.0875],[-62.281,-39.1188,1.0796],[-62.2829,-39.1185,1.3632]]],
[[[-62.0788,-39.1393,0.7295],[-62.0779,-39.1382,0.7295],[-62.0821,-39.1371,1.0601],[-62.0812,-39.1393,1.16],[-62.0854,-39.144,0.6279],[-62.084,-39.144,1.475],[-62.0832,-39.1471,0.9194],[-62.0765,-39.1499,1.0273],[-62.0782,-39.1463,0.556],[-62.0771,-39.1446,0.8908],[-62.0788,-39.1393,0.7295]]],
[[[-62.1201,-39.0882,1.1692],[-62.1188,-39.0871,1.2398],[-62.1257,-39.0871,1.2828],[-62.1257,-39.089,0.6317],[-62.1279,-39.0882,1.3804],[-62.1276,-39.0901,1.4985],[-62.1293,-39.0913,0.9828],[-62.1249,-39.0943,1.3785],[-62.1229,-39.0929,0.9367],[-62.1226,-39.0965,1.0027],[-62.1212,-39.0965,1.1813],[-62.1182,-39.094,1.4001999999999999],[-62.121,-39.0904,1.2551],[-62.1201,-39.0882,1.1692]]],
[[[-62.1324,-39.0885,0.1994],[-62.1329,-39.0862,1.1915],[-62.1346,-39.086,1.3647],[-62.1435,-39.0871,0.8363],[-62.1435,-39.0882,0.6289],[-62.1365,-39.0882,1.1381],[-62.134,-39.0907,0.7301],[-62.1324,-39.0904,0.0],[-62.1324,-39.0885,0.1994]]],
[[[-61.9654,-39.2404,0.0],[-61.9676,-39.2385,0.0],[-61.9732,-39.2387,0.9363],[-61.9762,-39.2451,0.4423],[-61.9732,-39.2465,0.0],[-61.9729,-39.2482,0.0],[-61.9679,-39.2487,0.0],[-61.9687,-39.2468,0.1679],[-61.9671,-39.2465,0.0],[-61.9654,-39.2404,0.0]]],
[[[-62.1779,-39.2318,1.1601],[-62.1801,-39.229,1.3932],[-62.1801,-39.2251,1.4603],[-62.184,-39.2276,1.1691],[-62.1846,-39.2296,0.856],[-62.1785,-39.2324,1.1601],[-62.1779,-39.2318,1.1601]]],
[[[-62.1601,-39.2276,1.3066],[-62.1601,-39.2262,1.1567],[-62.1626,-39.2257,1.1776],[-62.1613,-39.234,1.4438],[-62.1587,-39.2351,0.1785],[-62.1582,-39.2329,0.8833],[-62.1601,-39.2276,1.3066]]],
[[[-62.1362,-39.2421,0.9081],[-62.1354,-39.2424,0.9081],[-62.1365,-39.2376,0.0],[-62.1379,-39.2401,0.6716],[-62.1362,-39.2421,0.9081]]],
[[[-62.0468,-39.2329,0.4719],[-62.0565,-39.2315,0.5446],[-62.0521,-39.2387,0.4341],[-62.0424,-39.2465,0.1777],[-62.0449,-39.2374,0.0],[-62.0438,-39.2343,0.0],[-62.0468,-39.2329,0.4719]]],
[[[-62.1451,-39.2274,0.3579],[-62.1504,-39.2254,0.7993],[-62.1496,-39.234,1.0728],[-62.1485,-39.2382,0.9813],[-62.1443,-39.2385,1.2391],[-62.1418,-39.2407,1.1072],[-62.1382,-39.2387,0.0],[-62.1365,-39.2357,0.0],[-62.1393,-39.2307,0.2239],[-62.1426,-39.2287,0.0],[-62.1463,-39.2321,1.3411],[-62.1454,-39.2343,1.4241],[-62.1476,-39.234,1.5727],[-62.146,-39.2301,1.3586],[-62.144,-39.2293,1.0581],[-62.1451,-39.2274,0.3579]]],
[[[-62.0737,-39.0699,0.9998],[-62.0879,-39.0687,0.846],[-62.0879,-39.0707,1.0642],[-62.0838,-39.0749,1.4361],[-62.0868,-39.0796,2.2144],[-62.0885,-39.0796,1.6663],[-62.0932,-39.0846,1.3894],[-62.091,-39.0851,3.0427],[-62.091,-39.0879,2.2558],[-62.0926,-39.0876,1.6024],[-62.0921,-39.0935,1.418],[-62.0882,-39.0954,1.8123],[-62.089,-39.0982,1.764],[-62.0926,-39.1012,1.5417],[-62.0907,-39.1071,1.6143],[-62.0818,-39.1087,1.3177],[-62.0721,-39.1263,1.3602],[-62.0749,-39.1326,0.829],[-62.0729,-39.1393,1.2949],[-62.0765,-39.1429,0.5092],[-62.0732,-39.1496,1.1606],[-62.0662,-39.151,1.7212],[-62.0654,-39.1551,1.2305],[-62.061,-39.1557,0.987],[-62.0593,-39.1474,1.8449],[-62.0546,-39.1413,0.9896],[-62.0574,-39.1535,1.2484],[-62.0549,-39.1579,1.9403],[-62.0507,-39.1585,1.6696],[-62.049,-39.1604,1.3386],[-62.044,-39.1596,1.6606],[-62.0429,-39.1626,1.4205],[-62.0396,-39.161,1.6118],[-62.0415,-39.1593,1.5992],[-62.0404,-39.159,1.5992],[-62.0365,-39.1601,1.1056],[-62.0324,-39.1643,1.4139],[-62.0213,-39.1649,1.1001],[-62.0201,-39.161,1.2971],[-62.0187,-39.161,1.4874],[-62.0143,-39.1671,1.4601],[-62.014,-39.1724,1.2632],[-62.0115,-39.1704,1.3251],[-62.0029,-39.1732,1.486],[-61.9974,-39.1779,1.0374],[-61.9918,-39.1787,0.8836],[-61.9807,-39.1846,0.3817],[-61.9785,-39.1882,0.0],[-61.9629,-39.1885,0.6634],[-61.9582,-39.1924,-0.0707],[-61.954,-39.1918,0.0359],[-61.9457,-39.1954,0.7667],[-61.9451,-39.1971,0.1993],[-61.934,-39.1996,0.1047],[-61.926,-39.2046,0.0],[-61.9249,-39.2071,0.0],[-61.919,-39.2093,1.1981],[-61.9157,-39.2135,0.0],[-61.914,-39.2132,1.3837],[-61.9026,-39.2243,0.5954],[-61.8971,-39.2274,1.8741],[-61.8924,-39.2343,0.0],[-61.8715,-39.2435,0.0],[-61.8571,-39.229,0.0],[-61.8529,-39.221,0.0],[-61.8512,-39.2121,0.0],[-61.8512,-39.1987,0.6116],[-61.8537,-39.1893,1.2573],[-61.854,-39.1787,0.0],[-61.8621,-39.159,0.9539],[-61.8643,-39.1657,1.405],[-61.8632,-39.1712,0.9978],[-61.861,-39.1735,1.675],[-61.8621,-39.1807,1.5807],[-61.864,-39.1835,0.6204],[-61.8615,-39.1882,1.4583],[-61.8626,-39.1904,1.3917],[-61.8654,-39.1849,0.4821],[-61.8637,-39.1757,0.0],[-61.8674,-39.1668,0.0],[-61.8665,-39.1621,0.0],[-61.8701,-39.1574,0.0],[-61.8665,-39.146,1.0116],[-61.8668,-39.1413,0.8339],[-61.8743,-39.1362,1.3539],[-61.8779,-39.1301,0.4055],[-61.8815,-39.1193,0.0],[-61.879,-39.1012,0.0],[-61.8857,-39.0904,0.0],[-61.8924,-39.0879,0.0],[-61.8954,-39.096,0.0],[-61.8993,-39.0962,0.0],[-61.9015,-39.0996,0.1542],[-61.8993,-39.1076,0.2653],[-61.8907,-39.1132,0.3523],[-61.8885,-39.1215,1.0632],[-61.8893,-39.1299,1.3575],[-61.8963,-39.1343,0.3241],[-61.8951,-39.1321,0.3088],[-61.8896,-39.1285,1.1992],[-61.8893,-39.1215,1.0632],[-61.8915,-39.1168,0.5688],[-61.8915,-39.1135,0.3523],[-61.8999,-39.1082,0.8085],[-61.9035,-39.1021,0.0],[-61.9071,-39.1065,0.5538],[-61.909,-39.1065,0.0],[-61.9115,-39.1099,0.9627],[-61.9212,-39.1154,0.0],[-61.9079,-39.1029,0.5086],[-61.9071,-39.0999,0.4455],[-61.9093,-39.0999,0.8807],[-61.9101,-39.0968,0.9354],[-61.9137,-39.0965,1.1934],[-61.916,-39.0985,0.6168],[-61.9157,-39.0965,1.0879],[-61.9201,-39.0974,0.8732],[-61.9229,-39.0935,0.1594],[-61.9293,-39.0946,1.0717],[-61.9296,-39.0968,1.5616],[-61.9349,-39.0949,1.0346],[-61.9426,-39.0954,0.9611],[-61.9435,-39.0937,0.8516],[-61.949,-39.0932,1.2246],[-61.9562,-39.0887,0.0],[-62.0032,-39.0896,1.5707],[-62.0363,-39.0812,0.4819],[-62.039,-39.0796,0.6773],[-62.0376,-39.0785,0.0],[-62.0563,-39.071,0.0],[-62.0737,-39.0699,0.9998]]],
[[[-62.0315,-39.2704,1.1085],[-62.031,-39.2685,0.9016],[-62.0351,-39.2676,1.0518],[-62.0346,-39.2693,0.9778],[-62.036,-39.2704,0.5115],[-62.0315,-39.2704,1.1085]]],
[[[-62.2671,-39.2607,1.578],[-62.2674,-39.2585,1.1145],[-62.2721,-39.2593,1.2765],[-62.2693,-39.2621,1.2785],[-62.2668,-39.2621,1.3154],[-62.2671,-39.2607,1.578]]],
[[[-62.2215,-39.2574,0.8371],[-62.2285,-39.256,1.1309],[-62.2249,-39.2624,1.4276],[-62.2221,-39.2624,1.1784],[-62.2226,-39.2601,1.4784],[-62.2215,-39.2604,1.4784],[-62.2212,-39.2621,1.1784],[-62.2179,-39.2621,0.5568],[-62.2179,-39.2588,0.8069],[-62.2215,-39.2574,0.8371]]],
[[[-62.0374,-39.2299,0.6453],[-62.0432,-39.229,0.5952],[-62.0443,-39.2307,0.1089],[-62.0418,-39.2324,0.7297],[-62.0418,-39.2401,0.2405],[-62.0399,-39.2449,0.1196],[-62.0371,-39.2451,1.0121],[-62.0365,-39.2432,0.9641],[-62.0385,-39.2404,1.0642],[-62.0371,-39.2396,0.9936],[-62.0368,-39.2418,1.0414],[-62.0349,-39.2424,0.8141],[-62.0351,-39.2453,0.4907],[-62.0318,-39.2501,1.251],[-62.0318,-39.254,0.0],[-62.0271,-39.2565,1.7967],[-62.0199,-39.2638,1.346],[-62.0096,-39.2687,1.6556],[-62.001,-39.2776,0.0],[-61.9954,-39.2782,0.0839],[-61.9938,-39.2799,0.0415],[-61.9918,-39.2788,0.1372],[-61.984,-39.2685,0.0],[-61.981,-39.2551,0.0],[-61.986,-39.251,0.0],[-61.9921,-39.2368,0.0],[-61.9962,-39.2354,0.0],[-62.014,-39.2396,2.2971],[-62.0271,-39.2357,0.8528],[-62.0276,-39.2329,0.0],[-62.0374,-39.2299,0.6453]]],
[[[-62.179,-39.171,1.2126],[-62.1804,-39.1685,1.3587],[-62.1832,-39.1693,1.3231],[-62.1785,-39.1751,1.2664],[-62.1754,-39.1735,1.5119],[-62.171,-39.1757,1.293],[-62.1696,-39.1826,1.2306],[-62.1635,-39.1815,1.3994],[-62.1637,-39.1835,1.232],[-62.1674,-39.1837,1.1834],[-62.1665,-39.1854,1.4616],[-62.1688,-39.1865,0.9666],[-62.1651,-39.1871,0.28],[-62.1651,-39.189,1.2714],[-62.1637,-39.189,1.2714],[-62.1596,-39.1865,1.6111],[-62.1607,-39.1879,1.6111],[-62.1607,-39.1899,1.4338],[-62.159,-39.1904,1.9138],[-62.1604,-39.196,1.9091],[-62.1601,-39.2093,1.4179],[-62.1571,-39.2137,1.2545],[-62.1451,-39.2238,0.5139],[-62.1326,-39.2304,2.5741],[-62.1301,-39.2426,1.0711],[-62.1129,-39.2493,0.9847],[-62.1057,-39.2484,0.7021],[-62.0804,-39.2549,0.4381],[-62.0801,-39.2537,1.6593],[-62.0815,-39.2529,1.6972],[-62.0807,-39.2513,1.8641],[-62.0757,-39.2532,1.5387],[-62.0721,-39.2515,1.7489],[-62.0671,-39.2518,1.8134],[-62.0607,-39.2535,1.6536],[-62.0526,-39.2582,1.7275],[-62.051,-39.2551,1.5294],[-62.0638,-39.2468,1.633],[-62.0643,-39.2446,1.4749],[-62.0632,-39.2446,1.4749],[-62.0499,-39.2549,1.3969],[-62.0485,-39.2588,1.5077],[-62.0446,-39.2579,1.0915],[-62.0435,-39.2624,0.6546],[-62.0412,-39.261,1.0297],[-62.0401,-39.264,0.551],[-62.0357,-39.2624,1.1225],[-62.0329,-39.2632,0.3841],[-62.0396,-39.2518,0.0],[-62.0493,-39.2449,0.8883],[-62.056,-39.2371,0.0],[-62.0632,-39.2343,0.8835],[-62.0615,-39.2385,1.0929],[-62.0671,-39.2354,0.8767],[-62.0701,-39.2374,1.0664],[-62.0874,-39.2246,2.7291],[-62.0879,-39.2207,0.4478],[-62.0907,-39.2201,0.8745],[-62.0937,-39.2218,3.0642],[-62.116,-39.2093,0.0764],[-62.1279,-39.2057,3.6813],[-62.1437,-39.1979,1.3624],[-62.1562,-39.1868,1.4759],[-62.156,-39.1832,1.075],[-62.1715,-39.174,1.3647],[-62.1724,-39.1701,1.3733],[-62.179,-39.171,1.2126]]],
[[[-62.2329,-39.9146,1.0659],[-62.2371,-39.914,0.9108],[-62.2385,-39.9124,0.6589],[-62.2393,-39.9154,1.8452],[-62.2365,-39.9204,0.7632],[-62.2254,-39.924,1.1498],[-62.2235,-39.921,1.1251],[-62.2257,-39.919,1.1472],[-62.2229,-39.9171,0.2952],[-62.2285,-39.9146,0.9263],[-62.229,-39.9162,0.9263],[-62.2318,-39.916,1.0659],[-62.2329,-39.9146,1.0659]]],
[[[-62.2021,-39.914,0.0],[-62.2035,-39.9118,0.7287],[-62.206,-39.9126,0.77],[-62.2068,-39.9154,0.7512],[-62.2096,-39.9168,0.9757],[-62.2096,-39.9193,0.7352],[-62.2065,-39.9188,0.0],[-62.206,-39.9165,0.5267],[-62.2021,-39.914,0.0]]],
[[[-62.1843,-39.9032,1.07],[-62.1843,-39.8996,0.5132],[-62.1862,-39.8987,0.6674],[-62.1918,-39.9079,0.7445],[-62.1879,-39.9087,0.617],[-62.1974,-39.9135,0.4721],[-62.1974,-39.9151,0.8297],[-62.1943,-39.9151,1.0406],[-62.1974,-39.9201,0.1654],[-62.1932,-39.9271,1.1536],[-62.1954,-39.9276,1.1119],[-62.1985,-39.924,1.3369],[-62.2021,-39.9157,0.5172],[-62.2068,-39.9226,0.0],[-62.2032,-39.926,1.6426],[-62.2021,-39.9332,0.8768],[-62.2001,-39.9337,1.6473],[-62.2007,-39.9362,0.3457],[-62.1918,-39.941,1.4361],[-62.1899,-39.944,0.2267],[-62.1718,-39.9457,0.6695],[-62.1685,-39.9474,0.1188],[-62.1685,-39.9449,1.0156],[-62.1818,-39.9435,1.0983],[-62.1779,-39.9429,1.8046],[-62.1738,-39.9437,1.1371],[-62.1699,-39.9421,1.2332],[-62.1721,-39.9393,0.8245],[-62.1818,-39.9399,1.6205],[-62.1829,-39.9374,0.6274],[-62.1801,-39.9329,1.6655],[-62.1715,-39.9329,0.8111],[-62.1699,-39.9301,1.4461],[-62.179,-39.9232,1.1748],[-62.179,-39.9212,1.5467],[-62.1751,-39.9193,0.2845],[-62.1762,-39.9151,0.2469],[-62.1787,-39.9143,0.1766],[-62.1813,-39.9185,0.6943],[-62.1793,-39.9126,1.37],[-62.1771,-39.9115,0.0],[-62.1757,-39.9082,0.8175],[-62.1785,-39.9057,1.2939],[-62.1782,-39.9007,0.9924],[-62.1807,-39.9007,0.0],[-62.1807,-39.9021,0.2729],[-62.1851,-39.9046,1.0185],[-62.1843,-39.9032,1.07]]],
[[[-62.2424,-39.9182,1.3291],[-62.2449,-39.9162,0.0],[-62.2468,-39.9182,1.123],[-62.2474,-39.9226,1.4279],[-62.2532,-39.9226,1.1395],[-62.2549,-39.9257,0.7407],[-62.2282,-39.9354,0.0],[-62.2229,-39.9357,0.0],[-62.2218,-39.9321,1.1536],[-62.219,-39.9337,0.6041],[-62.2215,-39.9287,0.2013],[-62.2265,-39.9265,0.6045],[-62.2365,-39.9254,0.3882],[-62.2424,-39.9182,1.3291]]],
[[[-62.1654,-39.9418,0.3878],[-62.1629,-39.9429,0.8252],[-62.1629,-39.9443,0.4344],[-62.1643,-39.9465,0.18],[-62.1601,-39.9493,1.1117],[-62.1582,-39.9485,1.0465],[-62.1576,-39.9504,0.8092],[-62.151,-39.9518,0.6196],[-62.1512,-39.9476,0.7819],[-62.1524,-39.9493,0.9311],[-62.1587,-39.9476,1.15],[-62.1524,-39.9482,0.9311],[-62.151,-39.9463,1.0784],[-62.1501,-39.9485,0.9055],[-62.1476,-39.9485,0.6473],[-62.1479,-39.951,0.7639],[-62.1457,-39.9515,0.3301],[-62.1463,-39.9538,0.5247],[-62.1454,-39.9521,0.3301],[-62.141,-39.9535,1.4848],[-62.1413,-39.956,1.7273],[-62.1393,-39.9574,1.8674],[-62.136,-39.9579,2.4427],[-62.1335,-39.9554,1.5227],[-62.1304,-39.9557,1.4615],[-62.131,-39.9579,1.1786],[-62.134,-39.9588,1.2675],[-62.1338,-39.9612,0.8315],[-62.1318,-39.9607,0.5227],[-62.1282,-39.9574,1.5608],[-62.1296,-39.9521,1.6194],[-62.1324,-39.951,1.4327],[-62.1318,-39.9474,1.3122],[-62.1299,-39.9463,1.6495],[-62.131,-39.9454,1.4504],[-62.1212,-39.9457,1.4463],[-62.1207,-39.9376,0.6267],[-62.1224,-39.9349,1.1609],[-62.1204,-39.9357,0.8664],[-62.1176,-39.9335,0.4565],[-62.1193,-39.9282,0.4576],[-62.1137,-39.9276,0.2653],[-62.1082,-39.9246,0.4914],[-62.1074,-39.921,1.0874],[-62.109,-39.9171,1.2218],[-62.106,-39.916,1.0524],[-62.1054,-39.9135,0.5676],[-62.111,-39.9101,1.116],[-62.1113,-39.9085,0.8118],[-62.1151,-39.9096,1.1627],[-62.1165,-39.9074,0.3923],[-62.116,-39.9101,1.1627],[-62.1193,-39.9115,0.6193],[-62.1212,-39.9182,0.9707],[-62.121,-39.9115,1.1073],[-62.1176,-39.9101,0.0],[-62.1171,-39.9068,0.3923],[-62.1182,-39.906,1.6653],[-62.1174,-39.9038,1.2517],[-62.1221,-39.8985,0.2037],[-62.1271,-39.9029,0.0],[-62.1318,-39.9149,1.1943],[-62.1351,-39.9174,0.4324],[-62.1354,-39.9196,0.957],[-62.1332,-39.9199,0.9268],[-62.1324,-39.9229,1.6348],[-62.1307,-39.9235,0.5165],[-62.1315,-39.9274,0.845],[-62.1296,-39.9285,1.1171],[-62.1318,-39.9285,0.4925],[-62.1312,-39.9238,0.5165],[-62.1326,-39.9238,0.8306],[-62.1335,-39.9204,0.9268],[-62.1362,-39.9201,0.957],[-62.1362,-39.9171,0.4324],[-62.1329,-39.9151,0.2094],[-62.131,-39.911,0.1953],[-62.1299,-39.9001,0.2106],[-62.1257,-39.8996,0.3291],[-62.1249,-39.8965,0.0],[-62.1387,-39.8918,0.8543],[-62.1429,-39.8882,0.144],[-62.1468,-39.8885,0.6066],[-62.151,-39.8865,0.4262],[-62.1629,-39.8785,1.1433],[-62.1629,-39.8768,0.2121],[-62.1693,-39.8765,0.9838],[-62.174,-39.881,0.0],[-62.1732,-39.8882,0.8664],[-62.1765,-39.891,0.1783],[-62.1801,-39.8913,0.0],[-62.1807,-39.8935,0.1319],[-62.1793,-39.8963,1.2986],[-62.1743,-39.896,0.8778],[-62.1757,-39.8971,1.4165],[-62.1771,-39.9057,0.9718],[-62.1738,-39.9087,0.8175],[-62.1749,-39.9113,0.7297],[-62.174,-39.9182,0.2845],[-62.1751,-39.9201,1.3536],[-62.1776,-39.9212,0.6997],[-62.1754,-39.9243,1.6397],[-62.1696,-39.9276,0.4744],[-62.1685,-39.9315,1.4106],[-62.1715,-39.9337,0.9116],[-62.1801,-39.934,0.5882],[-62.1821,-39.9385,0.5285],[-62.1693,-39.9388,1.2652],[-62.1671,-39.9404,1.0903],[-62.1688,-39.9432,1.0478],[-62.1665,-39.9437,0.9454],[-62.1668,-39.9407,1.0903],[-62.1654,-39.9418,0.3878]]],
[[[-62.3143,-39.9149,0.0],[-62.3149,-39.9126,0.0],[-62.3171,-39.9126,0.5371],[-62.3187,-39.9157,1.0598],[-62.3168,-39.9162,0.4922],[-62.3143,-39.9149,0.0]]],
[[[-62.2849,-39.9113,0.0],[-62.2843,-39.9079,0.0],[-62.2854,-39.9074,0.0],[-62.2857,-39.9099,0.0],[-62.2849,-39.9113,0.0]]],
[[[-62.1954,-39.9104,0.3206],[-62.2012,-39.909,0.3075],[-62.2024,-39.9115,0.5121],[-62.1999,-39.9126,0.9424],[-62.1954,-39.9104,0.3206]]],
[[[-62.1971,-39.8871,0.484],[-62.1971,-39.8868,0.484],[-62.1946,-39.8865,0.136],[-62.1974,-39.8857,0.3422],[-62.1971,-39.8871,0.484]]],
[[[-62.179,-39.8876,1.1635],[-62.1771,-39.8874,0.1899],[-62.1768,-39.8818,0.1445],[-62.1843,-39.886,0.3346],[-62.1821,-39.8879,0.7065],[-62.179,-39.8876,1.1635]]],
[[[-62.1474,-39.8832,1.0068],[-62.149,-39.8804,0.4363],[-62.1535,-39.8815,0.0],[-62.1362,-39.8904,0.1536],[-62.1315,-39.891,0.4648],[-62.1332,-39.8915,0.0],[-62.1321,-39.8929,0.3119],[-62.1237,-39.8943,0.1139],[-62.1349,-39.8862,0.2187],[-62.1457,-39.8851,0.3882],[-62.1474,-39.8832,1.0068]]],
[[[-62.1538,-39.8782,1.0742],[-62.1593,-39.8771,0.0],[-62.1543,-39.8812,0.471],[-62.1476,-39.8801,0.2619],[-62.1454,-39.8846,0.3882],[-62.1354,-39.8851,0.2187],[-62.1268,-39.8907,0.0],[-62.131,-39.8865,0.3398],[-62.144,-39.8793,0.0],[-62.1538,-39.8782,1.0742]]],
[[[-62.2626,-39.8935,0.8994],[-62.2654,-39.8921,0.3376],[-62.269,-39.8937,0.5953],[-62.2751,-39.8937,0.1306],[-62.2788,-39.8974,0.0],[-62.279,-39.9054,0.7938],[-62.2604,-39.9074,2.3637],[-62.2607,-39.9087,0.5567],[-62.2579,-39.9099,0.4706],[-62.2551,-39.9074,1.6402],[-62.2521,-39.9079,1.1291],[-62.2501,-39.9051,1.2778],[-62.2501,-39.8993,0.4079],[-62.2537,-39.896,0.1816],[-62.2568,-39.8979,0.2245],[-62.2596,-39.8976,0.1614],[-62.2626,-39.8935,0.8994]]],
[[[-62.186,-39.8924,0.1457],[-62.1851,-39.8913,0.1457],[-62.1904,-39.8907,0.5411],[-62.191,-39.8929,1.2977],[-62.1932,-39.8924,1.0654],[-62.1926,-39.8935,1.2996],[-62.194,-39.8935,1.2996],[-62.194,-39.8918,1.0654],[-62.1993,-39.8926,0.5489],[-62.199,-39.8951,0.9368],[-62.2018,-39.8929,0.6271],[-62.2038,-39.8943,0.653],[-62.2029,-39.8976,1.1352],[-62.204,-39.8982,1.2189],[-62.2062,-39.8963,1.0941],[-62.2107,-39.8987,0.8458],[-62.2107,-39.8971,0.1263],[-62.2129,-39.8963,0.4999],[-62.2129,-39.9001,0.7806],[-62.219,-39.9029,0.7621],[-62.2249,-39.9026,0.3936],[-62.2254,-39.9071,0.2007],[-62.221,-39.9096,0.9678],[-62.2154,-39.9093,1.6889],[-62.2124,-39.9071,1.0446],[-62.2046,-39.9074,1.0088],[-62.1951,-39.8996,0.9532],[-62.1918,-39.8987,0.2392],[-62.189,-39.8926,1.3884],[-62.186,-39.8924,0.1457]]],
[[[-62.2526,-39.8915,1.48],[-62.2554,-39.8901,0.6184],[-62.2596,-39.8921,0.3124],[-62.2593,-39.896,0.3703],[-62.254,-39.8957,0.6692],[-62.2499,-39.8929,1.0298],[-62.2526,-39.8915,1.48]]],
[[[-62.2399,-39.8913,1.4695],[-62.2438,-39.8899,0.3362],[-62.2468,-39.8921,0.8749],[-62.2404,-39.8957,0.8524],[-62.2365,-39.894,0.0],[-62.2399,-39.8913,1.4695]]],
[[[-62.2465,-39.8907,0.2883],[-62.2457,-39.8893,0.0],[-62.2474,-39.8887,0.0],[-62.2518,-39.8899,1.2763],[-62.249,-39.8935,0.2964],[-62.2526,-39.8954,0.1816],[-62.2521,-39.8968,0.7196],[-62.244,-39.896,0.8517],[-62.2443,-39.8943,0.3243],[-62.2482,-39.8929,0.4274],[-62.2465,-39.8907,0.2883]]],
[[[-62.2593,-39.8835,0.3046],[-62.2576,-39.8824,0.0],[-62.2599,-39.8821,0.5176],[-62.2607,-39.8835,1.1875],[-62.2635,-39.8835,0.884],[-62.2632,-39.8901,0.8362],[-62.2588,-39.8885,0.7718],[-62.2604,-39.8857,1.1599],[-62.2593,-39.8835,0.3046]]],
[[[-62.1499,-39.874,0.3006],[-62.1521,-39.8721,0.7381],[-62.1585,-39.8721,0.1883],[-62.1596,-39.8765,0.0],[-62.1554,-39.8763,0.5453],[-62.1532,-39.8779,0.4569],[-62.1449,-39.8785,0.5906],[-62.1451,-39.8768,0.9062],[-62.1499,-39.874,0.3006]]],
[[[-62.3204,-40.1837,0.9142],[-62.3196,-40.1829,0.1455],[-62.321,-40.1824,0.1471],[-62.3282,-40.1854,0.8101],[-62.3301,-40.1918,1.0588],[-62.3335,-40.1926,1.0124],[-62.3357,-40.1963,0.903],[-62.3396,-40.1979,0.9306],[-62.3413,-40.2015,0.5282],[-62.3374,-40.2021,0.243],[-62.3349,-40.1999,0.0],[-62.3249,-40.1976,0.3264],[-62.3187,-40.1904,0.972],[-62.3199,-40.1854,0.9991],[-62.3221,-40.186,1.2156],[-62.3204,-40.1837,0.9142]]],
[[[-62.0932,-40.2079,0.1665],[-62.0943,-40.2057,0.0],[-62.0965,-40.2068,0.0],[-62.0951,-40.2082,0.1717],[-62.0932,-40.2079,0.1665]]],
[[[-62.0957,-40.2126,1.4428],[-62.0951,-40.2096,0.0],[-62.0985,-40.2088,0.2674],[-62.1015,-40.2121,0.3605],[-62.1015,-40.216,0.7264],[-62.0971,-40.2157,0.0],[-62.0957,-40.2126,1.4428]]],
[[[-62.0565,-40.1929,0.1324],[-62.0624,-40.1915,0.7779],[-62.0604,-40.1982,0.7132],[-62.0563,-40.1968,0.0589],[-62.0565,-40.1929,0.1324]]],
[[[-62.0818,-40.1912,0.9135],[-62.0812,-40.1885,0.0],[-62.0876,-40.1943,0.0],[-62.0879,-40.1965,0.2078],[-62.084,-40.1963,0.0],[-62.0818,-40.1912,0.9135]]],
[[[-62.059,-40.2271,0.7972],[-62.0599,-40.2235,0.3219],[-62.0618,-40.2235,0.6716],[-62.0651,-40.2274,1.5189],[-62.0654,-40.2262,0.5807],[-62.0685,-40.2265,0.9393],[-62.0812,-40.236,0.1058],[-62.0818,-40.2399,0.0721],[-62.0715,-40.2351,0.0],[-62.0676,-40.2315,0.5024],[-62.0626,-40.2296,0.4163],[-62.0574,-40.2299,0.5226],[-62.0626,-40.2304,0.4163],[-62.0735,-40.2379,0.0],[-62.081,-40.2404,0.5662],[-62.086,-40.2454,0.2612],[-62.0851,-40.251,1.0399],[-62.0874,-40.2496,0.4704],[-62.0887,-40.2521,1.2645],[-62.0874,-40.2543,0.7037],[-62.0826,-40.2526,1.1352],[-62.0851,-40.2565,-0.0133],[-62.0812,-40.2621,0.6124],[-62.0785,-40.2635,0.1243],[-62.076,-40.2632,0.0],[-62.0737,-40.2607,1.5826],[-62.0749,-40.2557,0.8968],[-62.0737,-40.2537,1.8444],[-62.0699,-40.2549,0.2372],[-62.0701,-40.2588,0.4642],[-62.0685,-40.2582,0.8408],[-62.0679,-40.2601,0.4049],[-62.0649,-40.2588,1.0389],[-62.0643,-40.254,1.6329],[-62.0626,-40.2557,0.426],[-62.0599,-40.2543,1.4218],[-62.0596,-40.2557,1.5088],[-62.0618,-40.2571,0.6428],[-62.0579,-40.2593,0.6144],[-62.0599,-40.2646,0.0],[-62.0549,-40.2663,0.0],[-62.0546,-40.2687,0.0],[-62.0504,-40.2696,0.0],[-62.0496,-40.2721,0.0],[-62.0468,-40.2724,0.0],[-62.0429,-40.2696,0.0],[-62.0412,-40.2643,0.0],[-62.0435,-40.259,0.0],[-62.0443,-40.2635,1.1569],[-62.0457,-40.2626,0.2554],[-62.0471,-40.2588,1.0206],[-62.0465,-40.254,0.6115],[-62.049,-40.2532,0.6718],[-62.0468,-40.2524,1.1199],[-62.0476,-40.2501,1.0072],[-62.044,-40.2521,0.0],[-62.041,-40.249,0.6189],[-62.0449,-40.246,0.787],[-62.0429,-40.2454,0.945],[-62.0399,-40.2474,0.1131],[-62.0424,-40.244,0.579],[-62.0454,-40.2446,0.787],[-62.0454,-40.2407,1.0162],[-62.0426,-40.2404,0.8862],[-62.0424,-40.2424,0.878],[-62.0407,-40.2415,0.4347],[-62.0368,-40.2454,0.0],[-62.0335,-40.2385,0.0586],[-62.036,-40.2379,0.1494],[-62.0365,-40.241,0.4881],[-62.039,-40.2374,0.0],[-62.0443,-40.2374,0.463],[-62.0465,-40.2365,1.1386],[-62.0476,-40.2335,0.5301],[-62.0501,-40.2332,0.5777],[-62.049,-40.2346,1.0705],[-62.0524,-40.2354,0.2406],[-62.0549,-40.2435,0.9665],[-62.0585,-40.2443,1.9426],[-62.0549,-40.2401,0.2564],[-62.0546,-40.2357,0.5367],[-62.0596,-40.2365,1.1447],[-62.0576,-40.239,1.256],[-62.0604,-40.2382,1.5283],[-62.0604,-40.2363,1.1447],[-62.0526,-40.2301,0.0224],[-62.0568,-40.2293,0.4589],[-62.059,-40.2271,0.7972]]],
[[[-62.1101,-40.2271,0.5993],[-62.1085,-40.2257,0.239],[-62.1118,-40.2265,0.5993],[-62.1118,-40.231,0.1908],[-62.1104,-40.2299,0.1908],[-62.1101,-40.2271,0.5993]]],
[[[-62.0465,-40.1987,0.9166],[-62.0465,-40.196,0.0],[-62.0507,-40.1954,0.1127],[-62.0518,-40.199,1.0934],[-62.0549,-40.1993,0.1372],[-62.0557,-40.2049,0.5299],[-62.0574,-40.2046,0.9197],[-62.0576,-40.2026,0.0],[-62.0587,-40.2035,0.3953],[-62.0571,-40.2088,0.45],[-62.0551,-40.206,0.5299],[-62.0537,-40.2074,1.1557],[-62.054,-40.211,1.3251],[-62.0576,-40.2146,0.0],[-62.0571,-40.2179,0.1647],[-62.0604,-40.221,1.1759],[-62.0574,-40.2249,0.0204],[-62.0488,-40.2243,0.0],[-62.0485,-40.2196,0.0],[-62.044,-40.2174,0.0],[-62.0407,-40.2129,0.9529],[-62.0387,-40.2129,0.1952],[-62.0401,-40.2062,1.074],[-62.0368,-40.2001,0.0],[-62.0399,-40.1999,0.3665],[-62.0468,-40.2137,0.8017],[-62.0462,-40.2065,1.2846],[-62.0421,-40.2021,0.5091],[-62.0432,-40.1974,0.2351],[-62.0485,-40.201,0.6271],[-62.0465,-40.1987,0.9166]]],
[[[-62.0724,-40.1893,0.7823],[-62.0724,-40.1871,1.0284],[-62.0768,-40.1885,0.7019],[-62.0782,-40.1929,1.0213],[-62.0765,-40.1935,1.223],[-62.0815,-40.1979,0.0],[-62.0804,-40.216,1.4383],[-62.0821,-40.2193,0.6943],[-62.0818,-40.2254,0.0],[-62.0701,-40.2218,0.0],[-62.0651,-40.2163,0.3372],[-62.0654,-40.2129,0.4306],[-62.0679,-40.2124,1.5018],[-62.0665,-40.1996,0.3543],[-62.0685,-40.1985,0.3533],[-62.0657,-40.1951,0.6348],[-62.0682,-40.1932,0.1249],[-62.0629,-40.189,0.139],[-62.0674,-40.1879,0.6573],[-62.0762,-40.1932,1.223],[-62.0724,-40.1893,0.7823]]],
[[[-62.3001,-40.1849,0.1025],[-62.3004,-40.1826,0.0],[-62.3046,-40.184,0.2954],[-62.3093,-40.1874,0.8959],[-62.3099,-40.1896,0.0],[-62.3146,-40.1946,0.9253],[-62.321,-40.194,0.2599],[-62.3237,-40.1979,0.3298],[-62.3315,-40.1999,0.808],[-62.3424,-40.2065,1.3851],[-62.3518,-40.2099,0.8303],[-62.3579,-40.2154,0.0],[-62.3585,-40.2199,0.0],[-62.3568,-40.2196,0.8499],[-62.356,-40.2224,0.5555],[-62.3532,-40.2235,0.3004],[-62.3365,-40.2129,2.0174],[-62.3332,-40.2129,1.8216],[-62.334,-40.2179,1.5873],[-62.331,-40.2179,1.946],[-62.3307,-40.2196,0.0],[-62.3276,-40.2201,1.495],[-62.3276,-40.2221,1.2203],[-62.3224,-40.2224,1.581],[-62.3187,-40.2257,1.4043],[-62.3218,-40.2265,1.3344],[-62.3221,-40.2301,0.8448],[-62.3268,-40.2313,1.7202],[-62.3293,-40.2301,1.6138],[-62.3293,-40.234,1.2365],[-62.3279,-40.2371,1.4781],[-62.3257,-40.2379,1.5868],[-62.3262,-40.2393,1.4507],[-62.3296,-40.2399,1.6953],[-62.3304,-40.2376,1.4672],[-62.3354,-40.2363,1.822],[-62.3393,-40.2396,1.4639],[-62.3399,-40.2443,0.9817],[-62.3385,-40.2462,0.5],[-62.341,-40.2465,1.3351],[-62.3443,-40.246,0.5],[-62.3426,-40.2421,1.2394],[-62.3432,-40.2407,0.9633],[-62.346,-40.2407,0.7369],[-62.3488,-40.2513,1.5357],[-62.3518,-40.2521,1.5485],[-62.3521,-40.251,1.7013],[-62.354,-40.2537,1.5807],[-62.3557,-40.2518,1.6178],[-62.3532,-40.2487,1.5658],[-62.3579,-40.2482,2.2221],[-62.3599,-40.2421,2.5194],[-62.356,-40.2326,2.0982],[-62.3601,-40.2321,2.2598],[-62.3585,-40.2287,1.6947],[-62.3512,-40.2282,0.4606],[-62.349,-40.2251,0.621],[-62.356,-40.2243,0.7887],[-62.3593,-40.2224,0.0],[-62.3646,-40.2285,0.6246],[-62.361,-40.2293,1.2694],[-62.3618,-40.2315,2.176],[-62.366,-40.2326,0.5327],[-62.366,-40.2296,0.708],[-62.3718,-40.2329,1.0784],[-62.3896,-40.2537,1.4417],[-62.3904,-40.2604,0.0],[-62.389,-40.2646,0.689],[-62.3846,-40.2624,1.4257],[-62.3874,-40.2596,0.7068],[-62.3871,-40.2562,1.5257],[-62.3835,-40.256,0.9742],[-62.3829,-40.2599,1.9082],[-62.3799,-40.2599,2.1475],[-62.3812,-40.2582,1.8983],[-62.3801,-40.256,1.7985],[-62.3843,-40.2554,1.4143],[-62.3874,-40.2529,0.0],[-62.3871,-40.2513,0.0],[-62.3763,-40.2446,1.2922],[-62.3735,-40.246,1.3707],[-62.3724,-40.2529,1.592],[-62.3696,-40.254,4.8492],[-62.3704,-40.256,2.4081],[-62.3635,-40.2565,1.9389],[-62.3665,-40.2596,1.969],[-62.3662,-40.2612,1.969],[-62.3679,-40.2612,1.8739],[-62.3671,-40.2646,1.5186],[-62.3712,-40.2679,1.4078],[-62.3704,-40.2726,1.5522],[-62.3724,-40.2751,1.5203],[-62.3768,-40.2765,1.3561],[-62.3732,-40.2776,1.3164],[-62.3699,-40.2754,0.4799],[-62.3674,-40.2693,1.4232],[-62.3626,-40.2679,0.9691],[-62.3643,-40.2657,1.3912],[-62.3507,-40.2529,1.5485],[-62.3415,-40.2513,1.2592],[-62.3435,-40.2568,1.3544],[-62.3465,-40.2574,1.1284],[-62.346,-40.259,0.6166],[-62.3443,-40.259,0.0],[-62.3237,-40.2501,0.233],[-62.3276,-40.2543,1.4144],[-62.3432,-40.2615,0.9144],[-62.3462,-40.2663,0.5757],[-62.3474,-40.2751,0.0],[-62.346,-40.2754,0.7441],[-62.3454,-40.2721,0.0],[-62.3426,-40.2749,0.7288],[-62.3451,-40.2865,0.6684],[-62.3429,-40.2949,2.2978],[-62.346,-40.2999,1.5058],[-62.346,-40.3063,2.4217],[-62.3507,-40.3065,0.7255],[-62.3526,-40.3118,1.6107],[-62.3504,-40.329,1.3839],[-62.3535,-40.3288,0.0],[-62.354,-40.3329,0.5898],[-62.3557,-40.3343,0.0],[-62.3576,-40.3257,0.252],[-62.359,-40.3343,0.0],[-62.3615,-40.3374,0.0],[-62.3596,-40.3429,0.0],[-62.3615,-40.3476,0.0],[-62.3593,-40.3476,0.0],[-62.359,-40.3493,0.0],[-62.3565,-40.3479,0.0],[-62.3546,-40.336,1.1164],[-62.3529,-40.3338,1.163],[-62.3488,-40.334,1.3663],[-62.3479,-40.3324,1.7418],[-62.3471,-40.3457,1.1872],[-62.3449,-40.3493,0.7606],[-62.3382,-40.3443,1.1524],[-62.3379,-40.3429,1.1489],[-62.3404,-40.3424,1.2517],[-62.3399,-40.3401,0.6336],[-62.3346,-40.3401,0.3264],[-62.3332,-40.344,0.4171],[-62.3288,-40.3426,1.3644],[-62.331,-40.3449,0.6329],[-62.331,-40.3476,0.2186],[-62.3362,-40.3518,1.3446],[-62.3382,-40.356,1.505],[-62.3518,-40.3593,0.0],[-62.3512,-40.3635,0.7777],[-62.3454,-40.3657,1.9322],[-62.3454,-40.3685,1.5623],[-62.3429,-40.3699,1.9365],[-62.3432,-40.3726,1.9078],[-62.3465,-40.3712,1.3993],[-62.3468,-40.3679,1.2765],[-62.3532,-40.3665,0.9714],[-62.3549,-40.3679,0.0],[-62.3415,-40.3846,0.0],[-62.3307,-40.3885,0.0],[-62.329,-40.3874,0.0],[-62.3349,-40.3838,1.3024],[-62.3376,-40.384,0.5005],[-62.3415,-40.3785,0.0],[-62.3449,-40.3779,0.0],[-62.3451,-40.3765,0.0],[-62.3421,-40.376,0.5478],[-62.3385,-40.3793,0.0],[-62.3393,-40.381,0.0],[-62.3332,-40.384,1.1689],[-62.3249,-40.3824,0.8341],[-62.3176,-40.3787,0.0],[-62.3035,-40.3629,1.1975],[-62.3029,-40.3604,0.2261],[-62.3054,-40.3585,1.0937],[-62.2954,-40.3432,0.356],[-62.2868,-40.3371,0.0],[-62.2835,-40.3312,2.5832],[-62.2776,-40.326,1.8615],[-62.2721,-40.324,0.0],[-62.2685,-40.3199,0.0],[-62.2687,-40.3182,1.4351],[-62.2671,-40.3179,1.5624],[-62.264,-40.3118,0.0],[-62.2651,-40.3096,0.3252],[-62.2626,-40.3071,0.5297],[-62.2615,-40.3029,0.0],[-62.266,-40.2962,0.0],[-62.2676,-40.2988,1.3268],[-62.274,-40.3004,0.3585],[-62.2832,-40.2999,1.9685],[-62.2801,-40.2979,0.0],[-62.2926,-40.2904,0.0],[-62.2918,-40.2879,0.0],[-62.2993,-40.2863,0.7278],[-62.3018,-40.2796,0.9543],[-62.3104,-40.279,1.2049],[-62.3082,-40.2746,0.0],[-62.3085,-40.2704,0.0],[-62.3101,-40.269,1.2542],[-62.3071,-40.2649,0.3091],[-62.3029,-40.2651,0.0],[-62.2965,-40.2621,1.1083],[-62.2949,-40.2632,0.0],[-62.2899,-40.2599,0.0],[-62.2896,-40.2579,0.0],[-62.2915,-40.2562,0.5613],[-62.2874,-40.2462,0.3141],[-62.2915,-40.2435,0.478],[-62.2876,-40.2424,0.2849],[-62.2871,-40.2387,1.1654],[-62.2832,-40.2376,1.2021],[-62.2832,-40.2357,1.154],[-62.2807,-40.2363,0.9182],[-62.2782,-40.2343,0.8025],[-62.2788,-40.2329,1.0569],[-62.2757,-40.2285,0.7337],[-62.2757,-40.2249,1.0272],[-62.2785,-40.2243,0.7816],[-62.276,-40.221,0.9408],[-62.2765,-40.2187,0.904],[-62.2715,-40.2174,0.0],[-62.2687,-40.2129,1.3059],[-62.269,-40.2096,1.0893],[-62.2726,-40.2085,0.7068],[-62.2749,-40.209,0.0],[-62.2749,-40.2107,0.2207],[-62.2768,-40.211,1.0254],[-62.2785,-40.2082,0.2427],[-62.2815,-40.2101,0.6686],[-62.2835,-40.2068,0.3699],[-62.286,-40.2065,1.0642],[-62.2901,-40.2021,0.0],[-62.2938,-40.2043,0.0],[-62.2915,-40.2062,0.7125],[-62.294,-40.2068,0.71],[-62.2965,-40.2115,1.0257],[-62.2971,-40.2004,0.0],[-62.299,-40.1996,0.7885],[-62.2968,-40.1993,0.2131],[-62.2951,-40.1963,0.5709],[-62.2957,-40.1896,0.8452],[-62.3012,-40.1874,0.0],[-62.3001,-40.1849,0.1025]]],
[[[-62.0321,-40.1821,0.847],[-62.0343,-40.1801,0.0],[-62.034,-40.1824,0.0],[-62.0315,-40.1837,0.6842],[-62.0321,-40.1821,0.847]]],
[[[-62.3057,-40.1843,0.8484],[-62.3046,-40.1818,0.5154],[-62.306,-40.1813,0.6891],[-62.3074,-40.1832,0.8484],[-62.314,-40.1835,0.1316],[-62.3176,-40.1879,0.4945],[-62.3193,-40.1935,0.7331],[-62.3151,-40.1943,0.2954],[-62.3099,-40.1868,1.2728],[-62.3057,-40.1843,0.8484]]],
[[[-62.036,-40.1837,0.7033],[-62.0396,-40.1826,0.5609],[-62.0368,-40.1865,0.6856],[-62.0351,-40.1851,0.6381],[-62.036,-40.1837,0.7033]]],
[[[-62.1096,-40.1263,0.0],[-62.1079,-40.1249,0.3608],[-62.1115,-40.1251,0.67],[-62.1174,-40.1287,0.0],[-62.1207,-40.1393,0.2086],[-62.1249,-40.1451,1.5915],[-62.1271,-40.154,0.2397],[-62.1296,-40.1562,0.0],[-62.1315,-40.1701,1.0576],[-62.129,-40.1929,0.2162],[-62.1243,-40.2015,0.0],[-62.1176,-40.2093,2.1404],[-62.1157,-40.2154,1.0958],[-62.1126,-40.2182,0.8175],[-62.114,-40.221,0.5774],[-62.1129,-40.226,0.0],[-62.1107,-40.2238,0.7716],[-62.1115,-40.2201,0.5903],[-62.1043,-40.219,0.4218],[-62.1024,-40.216,0.7878],[-62.1021,-40.2104,0.6352],[-62.0971,-40.2054,0.0],[-62.0976,-40.2018,0.6446],[-62.1001,-40.199,0.0],[-62.1051,-40.1993,0.0],[-62.1063,-40.2018,0.2345],[-62.1051,-40.2035,1.4176],[-62.1101,-40.2015,1.8367],[-62.1115,-40.1968,0.495],[-62.1099,-40.1963,0.495],[-62.1096,-40.1921,0.0],[-62.1135,-40.1935,0.5691],[-62.1121,-40.1915,0.1841],[-62.1132,-40.1885,0.2504],[-62.111,-40.1865,0.4505],[-62.1057,-40.186,0.0],[-62.1043,-40.1815,0.6171],[-62.1096,-40.1751,0.6667],[-62.114,-40.1757,0.1834],[-62.1143,-40.1721,0.4992],[-62.1165,-40.1718,1.9471],[-62.1154,-40.1674,0.0],[-62.1199,-40.1651,0.4422],[-62.1154,-40.1629,0.0],[-62.116,-40.1585,0.0],[-62.1196,-40.156,1.4729],[-62.1174,-40.1562,1.3232],[-62.1154,-40.1535,1.4688],[-62.1118,-40.1524,0.2456],[-62.1124,-40.1504,0.7243],[-62.1162,-40.1496,1.7684],[-62.1126,-40.1471,0.2616],[-62.116,-40.1429,0.4931],[-62.1132,-40.141,0.5745],[-62.1168,-40.1382,1.8254],[-62.1165,-40.1326,0.6858],[-62.1096,-40.1263,0.0]]],
[[[-61.971,-39.0735,1.1861],[-61.9818,-39.0724,0.9482],[-61.976,-39.0749,0.1323],[-61.9682,-39.0751,0.2249],[-61.971,-39.0735,1.1861]]],
[[[-62.0185,-39.0735,0.0],[-62.0288,-39.0724,0.9117],[-62.0276,-39.0751,0.0],[-62.0224,-39.0782,0.1005],[-62.0149,-39.0799,0.4786],[-62.0149,-39.0768,0.0],[-62.0185,-39.0735,0.0]]],
[[[-62.0187,-39.0574,0.1743],[-62.0226,-39.056,1.0403],[-62.0304,-39.0576,1.4186],[-62.0276,-39.0593,1.7316],[-62.0229,-39.0585,1.7091],[-62.0224,-39.0635,1.3823],[-62.0199,-39.0635,1.4207],[-62.0193,-39.0671,0.1951],[-62.0149,-39.0685,0.4599],[-62.0018,-39.0699,0.6157],[-62.001,-39.0682,1.3435],[-61.9971,-39.0682,1.1837],[-61.9971,-39.0696,0.5155],[-61.9896,-39.0699,0.3064],[-61.9918,-39.0679,0.0],[-62.0032,-39.0654,1.2234],[-62.0187,-39.0574,0.1743]]],
[[[-62.0521,-39.0657,0.9222],[-62.0574,-39.0643,0.5452],[-62.0701,-39.0654,0.8215],[-62.0512,-39.0699,0.4739],[-62.0421,-39.0743,0.4646],[-62.0349,-39.0751,1.1779],[-62.0285,-39.079,0.0],[-62.039,-39.0696,1.121],[-62.0521,-39.0657,0.9222]]],
[[[-62.0665,-38.9826,1.08],[-62.0779,-38.9821,0.0],[-62.1071,-38.9899,0.8549],[-62.1104,-38.9918,0.0],[-62.1113,-38.9943,1.5936],[-62.1149,-38.9943,0.0],[-62.1196,-38.9993,0.6175],[-62.1241,-38.9999,0.4703],[-62.1249,-39.0015,2.042],[-62.1285,-39.0015,0.6399],[-62.1365,-39.0062,1.2313],[-62.1371,-39.0054,1.2865],[-62.1365,-39.0043,1.2513],[-62.1318,-39.0021,0.659],[-62.139,-39.0024,0.1997],[-62.1426,-39.0046,1.3209],[-62.1465,-39.0093,0.0],[-62.1401,-39.0093,1.0534],[-62.1387,-39.0074,1.281],[-62.1404,-39.0051,1.2664],[-62.1374,-39.0068,1.121],[-62.1457,-39.0262,0.9257],[-62.1446,-39.0301,0.906],[-62.1407,-39.0337,2.9977],[-62.1399,-39.0396,1.177],[-62.1307,-39.0376,1.4964],[-62.1301,-39.0399,0.8262],[-62.1274,-39.0399,0.8216],[-62.1201,-39.0374,1.0272],[-62.1104,-39.0279,0.9102],[-62.1121,-39.0268,1.3645],[-62.1135,-39.0193,1.2988],[-62.1068,-39.0193,1.7388],[-62.0965,-39.0221,1.3095],[-62.0899,-39.0185,1.3556],[-62.0826,-39.0179,2.2111],[-62.0838,-39.0104,2.7201],[-62.081,-39.0074,1.9101],[-62.0893,-39.0062,1.9359],[-62.0926,-39.0099,2.3683],[-62.0901,-39.0065,2.3679],[-62.0915,-39.0049,2.4961],[-62.0937,-39.0049,2.1398],[-62.0946,-39.0074,2.8292],[-62.0951,-39.0065,2.8292],[-62.0946,-39.0046,2.1398],[-62.0976,-39.0065,2.6823],[-62.0957,-39.004,2.9274],[-62.0926,-39.0037,1.8927],[-62.0951,-39.0004,1.7394],[-62.0924,-39.0004,1.8685],[-62.086,-39.0054,2.6607],[-62.0826,-39.0026,2.3793],[-62.0818,-39.0057,2.1083],[-62.0804,-39.0057,1.7473],[-62.0768,-39.0035,1.8583],[-62.0765,-39.0004,2.2463],[-62.0665,-39.0004,2.0906],[-62.0682,-39.0051,1.6978],[-62.0668,-39.0118,1.9103],[-62.0646,-39.0137,2.1901],[-62.0596,-39.0132,1.4789],[-62.059,-39.0099,2.6239],[-62.0615,-39.0101,2.1985],[-62.0632,-39.0082,2.3511],[-62.0593,-39.0093,2.2058],[-62.0587,-39.0079,1.8808],[-62.0571,-39.009,2.059],[-62.0579,-39.0118,1.7464],[-62.0549,-39.0115,2.6556],[-62.0557,-39.0124,2.6556],[-62.0526,-39.0154,2.2059],[-62.0529,-39.0171,2.2075],[-62.0485,-39.0193,2.2684],[-62.0535,-39.0201,2.3325],[-62.056,-39.0126,2.6556],[-62.0596,-39.0137,1.4789],[-62.0588,-39.0185,1.2065],[-62.0601,-39.0213,1.6283],[-62.0549,-39.0299,0.9273],[-62.0476,-39.0293,2.5215],[-62.0446,-39.0324,2.4013],[-62.0471,-39.0357,1.3131],[-62.044,-39.0365,2.6345],[-62.0426,-39.039,1.2798],[-62.0399,-39.039,1.4942],[-62.0354,-39.0357,1.5716],[-62.0363,-39.034,2.5838],[-62.0312,-39.0307,2.3259],[-62.0296,-39.0312,2.6068],[-62.029,-39.0285,2.3781],[-62.0288,-39.0324,2.6998],[-62.0301,-39.0321,1.9612],[-62.0324,-39.0376,1.8248],[-62.0315,-39.0415,1.8902],[-62.0334,-39.041,1.9179],[-62.0337,-39.0424,1.3938],[-62.0285,-39.044,2.095],[-62.029,-39.046,1.9588],[-62.019,-39.0507,1.4721],[-62.0099,-39.0574,0.4638],[-62.0018,-39.0599,0.3079],[-62.001,-39.0615,0.0],[-61.9729,-39.069,0.5231],[-61.9601,-39.0682,0.8302],[-61.951,-39.0701,0.1257],[-61.9507,-39.0687,0.7896],[-61.9446,-39.0676,0.9831],[-61.9388,-39.071,0.9146],[-61.9365,-39.0696,0.8515],[-61.9251,-39.0687,0.0],[-61.9235,-39.0662,0.0],[-61.9201,-39.059,0.0],[-61.9188,-39.0499,0.0],[-61.9199,-39.0438,0.0],[-61.9224,-39.0404,0.0],[-61.9299,-39.0443,0.8426],[-61.9315,-39.0471,1.0409],[-61.9349,-39.0471,0.9822],[-61.9426,-39.0426,0.8752],[-61.946,-39.0424,1.1181],[-61.946,-39.0404,0.7653],[-61.9496,-39.0407,1.003],[-61.9518,-39.0376,0.8617],[-61.9599,-39.0351,1.3084],[-61.9604,-39.0312,1.269],[-61.959,-39.0299,0.4291],[-61.9626,-39.0276,1.2376],[-61.9612,-39.0251,0.4457],[-61.9646,-39.026,0.9671],[-61.9637,-39.031,1.2905],[-61.9712,-39.0315,1.5428],[-61.9649,-39.0237,0.856],[-61.9701,-39.021,1.2218],[-61.9718,-39.0235,1.5406],[-61.9715,-39.0213,1.3892],[-61.9801,-39.0163,1.4537],[-61.9799,-39.014,1.3647],[-61.9818,-39.0129,0.0],[-61.9846,-39.0135,1.2047],[-61.986,-39.0163,1.4415],[-61.9865,-39.0143,1.3682],[-61.9846,-39.0115,1.0418],[-61.9887,-39.009,0.7373],[-61.9929,-39.0099,0.8927],[-61.9979,-39.0054,0.7106],[-62.0026,-39.006,0.9454],[-62.0049,-39.0032,1.0789],[-62.011,-39.0013,1.2418],[-62.0249,-39.0015,1.301],[-62.0268,-38.999,0.0],[-62.0307,-39.0026,1.3681],[-62.0312,-39.0004,1.3893],[-62.036,-39.0051,1.6459],[-62.0351,-39.0026,1.3764],[-62.0299,-38.9987,1.0133],[-62.0307,-38.9976,0.0],[-62.0351,-38.9957,0.0],[-62.0346,-38.9976,1.0784],[-62.0382,-38.9987,1.5866],[-62.0418,-38.9962,1.2345],[-62.0449,-38.9999,1.7745],[-62.0465,-38.9999,1.9233],[-62.0446,-38.9962,1.4307],[-62.0471,-38.9938,1.7119],[-62.0438,-38.9935,0.6703],[-62.0488,-38.9926,0.5968],[-62.0499,-38.9951,1.7937],[-62.0515,-38.9951,1.4714],[-62.0546,-38.9901,0.4156],[-62.0618,-38.9899,1.7216],[-62.0599,-38.9874,1.3169],[-62.0568,-38.9885,1.3211],[-62.059,-38.9851,0.9406],[-62.0665,-38.9854,1.4252],[-62.0646,-38.9871,1.6779],[-62.0701,-38.9876,1.3139],[-62.0704,-38.989,1.3679],[-62.0729,-38.9882,1.5098],[-62.0729,-38.9899,1.7917],[-62.0782,-38.989,1.4447],[-62.0793,-38.9874,1.6874],[-62.0782,-38.9849,1.3953],[-62.0746,-38.9851,1.2926],[-62.0721,-38.9835,1.359],[-62.0704,-38.9849,1.375],[-62.0665,-38.9826,1.08]]]]}}